port_name,country,latitude,longitude,port_size,water_body,shelter,max_vessel_size
Maurer,United States,40.533333,-74.25,Very Small,North Atlantic Ocean,Good,0.0
Iharana,Madagascar,-13.35,50.0,Very Small,Indian Ocean,Good,0.0
Chake Chake,Tanzania,-5.25,39.766667,Small,Indian Ocean,Fair,0.0
Mjimwema Terminal,Tanzania,-6.816667,39.366667,Very Small,Indian Ocean,Poor,0.0
Delta Terminal,Turkey,36.85,36.166667,Very Small,Mediterranean Sea; North Atlantic Ocean,Poor,0.0
Cinta Oil Terminal,Indonesia,-5.5,106.233333,Very Small,"Indian Ocean, Java Sea; South Pacific Ocean",Poor,0.0
Europa Point,Gibraltar,36.133333,-5.35,Medium,Strait of Gibraltar; North Atlantic Ocean,Good,0.0
New Harbor,United States,43.866667,-69.483333,Very Small,North Atlantic Ocean,Fair,0.0
Dtse / Gegua Oil Terminal,Brazil,-22.816667,-43.15,Medium,South Atlantic Ocean,Fair,0.0
Sharmah,Saudi Arabia,27.933333,35.25,Very Small,Red Sea; Indian Ocean,Poor,0.0
Norsworthy,United States,29.733333,-95.2,Very Small,Gulf of Mexico; North Atlantic Ocean,Good,0.0
Minturn,United States,44.15,-68.45,Very Small,North Atlantic Ocean,Good,0.0
Criehaven,United States,43.833333,-68.883333,Very Small,North Atlantic Ocean,Poor,0.0
North Point,"Saint Helena, Ascension, and Tristan da Cunha",-7.883333,-14.366667,Small,South Atlantic Ocean,Poor,0.0
Bongkot Terminal,Thailand,8.05,102.333333,Very Small,Gulf of Thailand; South China Sea; North Pacific Ocean,Poor,0.0
Donggala,Indonesia,-0.65,119.733333,Very Small,Makassar Strait; South Pacific Ocean,Fair,0.0
Larimna,Greece,38.566667,23.283333,Very Small,Aegean Sea; Mediterranean Sea; North Atlantic Ocean,Good,0.0
Hornillo,Spain,37.4,-1.55,Very Small,Mediterranean Sea; North Atlantic Ocean,Fair,0.0
Melilli Oil Terminal,Italy,37.116667,15.25,Very Small,Mediterranean Sea; North Atlantic Ocean,Fair,0.0
Al Khair Oil Terminal,Sudan,19.583333,37.25,Small,Red Sea; Indian Ocean,Unknown,0.0
Corea,United States,44.4,-67.966667,Very Small,North Atlantic Ocean,Fair,0.0
Margosatubig,Philippines,7.583333,123.166667,Very Small,Celebes Sea; North Pacific Ocean,Excellent,0.0
Arzew El Djedid,Algeria,35.816667,-0.25,Small,Mediterranean Sea; North Atlantic Ocean,Poor,0.0
Karabane,Senegal,12.566667,-16.666667,Very Small,North Atlantic Ocean,Good,0.0
Caleta Mina Elena,Chile,-52.683333,-71.9,Very Small,South Pacific Ocean,Fair,0.0
Monhegan,United States,43.766667,-69.316667,Very Small,North Atlantic Ocean,Poor,0.0
Northeast Harbor,United States,44.3,-68.283333,Very Small,North Atlantic Ocean,Fair,0.0
Bucks Harbor,United States,44.333333,-68.733333,Very Small,North Atlantic Ocean,Good,0.0
Matinicus,United States,43.866667,-68.883333,Very Small,North Atlantic Ocean,Fair,0.0
Malong Marine Terminal,Malaysia,4.633333,104.816667,Very Small,South China Sea; North Pacific Ocean,Poor,0.0
Admiralty Bay,Antarctica,-62.083333,-58.416667,Very Small,Bransfield Strait; Drake Passage; South Atlantic Ocean,Good,0.0
Melchior Harbor,Antarctica,-64.316667,-63.0,Very Small,South Pacific Ocean,Poor,0.0
Grasselli,United States,40.616667,-74.2,Small,North Atlantic Ocean,Good,0.0
Aksaz Limani,Turkey,36.833333,28.383333,Small,Mediterranean Sea; North Atlantic Ocean,Unknown,0.0
Egina Oil Terminal,Nigeria,3.066667,6.7,Very Small,Gulf of Guinea; North Atlantic Ocean,Poor,0.0
Antsohim Bondrona,Madagascar,-13.083333,48.833333,Very Small,Mozambique Channel; Indian Ocean,Fair,0.0
Ayios Nikolaos,Greece,37.983333,23.533333,Very Small,Aegean Sea; Mediterranean Sea; North Atlantic Ocean,Fair,0.0
Borusan Fertilizer Jetty,Turkey,40.416667,29.1,Very Small,Sea of Marmara; Mediterranean Sea; North Atlantic Ocean,Fair,0.0
Ellefsen Harbor,Antarctica,-60.733333,-45.033333,Very Small,Scotia Sea; South Atlantic Ocean,Good,0.0
Andersen Harbor,Antarctica,-64.316667,-62.933333,Very Small,South Pacific Ocean,Poor,0.0
Baie Du Marigot,France,18.066667,-63.083333,Very Small,Caribbean Sea; North Atlantic Ocean,Good,0.0
Coles Bay Oil Terminal,Sint Maarten,18.016667,-63.083333,Small,Caribbean Sea; North Atlantic Ocean,Fair,0.0
Zafarana Terminal,Egypt,29.166667,32.683333,Very Small,Gulf of Suez; Red Sea; Indian Ocean,Poor,0.0
Suizhang Gang,China,40.066667,121.05,Very Small,Bo Hai; Yellow Sea; North Pacific Ocean,,0.0
Yetagun Marine Terminal,Burma,13.05,96.85,Very Small,Andaman Sea; Indian Ocean,Poor,0.0
Zeit Bay Lpg Terminal,Egypt,27.8,33.566667,Very Small,Gulf of Suez; Red Sea; Indian Ocean,Poor,0.0
Tanjungredeb,Indonesia,2.15,117.483333,Small,Celebes Sea; North Pacific Ocean,Good,0.0
Santa Clara,Philippines,7.783333,122.683333,Very Small,Celebes Sea; North Pacific Ocean,Fair,0.0
Punta Nizao Oil Terminal,Dominican Republic,18.2,-70.2,Small,Caribbean Sea; North Atlantic Ocean,Fair,0.0
Phsar Ream,Cambodia,10.5,103.6,Very Small,Gulf of Thailand; South China Sea; North Pacific Ocean,Fair,0.0
Tanjung Gerem,Indonesia,-5.966667,105.983333,Very Small,"Indian Ocean, Java Sea; South Pacific Ocean",Poor,0.0
Ras Al Ghar,Saudi Arabia,26.9,49.866667,Very Small,Persian Gulf; Indian Ocean,Fair,0.0
Port Socony,United States,40.55,-74.25,Small,North Atlantic Ocean,Good,0.0
Puerto Botado,Dominican Republic,19.2,-69.45,Very Small,North Atlantic Ocean,Fair,0.0
Port Lockroy,Antarctica,-64.816667,-63.5,Very Small,South Pacific Ocean,Poor,0.0
Tarempah,Indonesia,3.216667,106.216667,Very Small,South China Sea; North Pacific Ocean,Fair,0.0
Tahuna,Indonesia,3.616667,125.483333,Very Small,Celebes Sea; North Pacific Ocean,Good,0.0
Scotia Bay,Antarctica,-60.75,-44.716667,Very Small,Scotia Sea; South Atlantic Ocean,Poor,0.0
Port Est,Reunion,-20.933333,55.316667,Small,Indian Ocean,Fair,0.0
Vrakhonisis Kallonis,Greece,39.083333,26.083333,Very Small,Aegean Sea; Mediterranean Sea; North Atlantic Ocean,Good,0.0
Port Methanier,Algeria,36.883333,6.95,Small,Mediterranean Sea; North Atlantic Ocean,Fair,0.0
Puerto Este,Honduras,16.083333,-86.9,Very Small,Caribbean Sea; North Atlantic Ocean,Good,0.0
Port Du Havre-Antifer,France,49.65,0.15,Small,English Channel; North Atlantic Ocean,Fair,0.0
Pemaquid Beach,United States,43.866667,-69.533333,Very Small,North Atlantic Ocean,Fair,0.0
Porto Di Malamocco,Italy,45.333333,12.316667,Very Small,Adriatic Sea; Mediterranean Sea; North Atlantic Ocean,Good,0.0
Psvm Terminal,Angola,-6.25,10.733333,Very Small,South Atlantic Ocean,Poor,0.0
Port Ouest,Reunion,-20.933333,55.283333,Small,Indian Ocean,Fair,0.0
Sinco,United States,29.716667,-95.233333,Very Small,Gulf of Mexico; North Atlantic Ocean,Good,0.0
Prince Olav Harbor,South Georgia and South Sandwich Islands,-54.033333,-37.15,Very Small,South Atlantic Ocean,Good,0.0
Robinhood,United States,43.85,-69.733333,Very Small,North Atlantic Ocean,Good,0.0
Port Clyde,United States,43.916667,-69.25,Very Small,North Atlantic Ocean,Good,0.0
Stilis,Greece,38.916667,22.616667,Very Small,Aegean Sea; Mediterranean Sea; North Atlantic Ocean,Fair,0.0
Stromness Harbor,South Georgia and South Sandwich Islands,-54.15,-36.7,Very Small,South Atlantic Ocean,Fair,0.0
Victoria,Guinea,10.816667,-14.566667,Very Small,North Atlantic Ocean,Good,0.0
Friendship,United States,43.966667,-69.333333,Very Small,North Atlantic Ocean,Good,0.0
Bucksport,United States,44.566667,-68.783333,Very Small,North Atlantic Ocean,Good,0.0
Houston,United States,29.75,-95.28333300000001,Large,Gulf of Mexico; North Atlantic Ocean,Good,0.0
Aratu,Brazil,-12.783333,-38.5,Small,South Atlantic Ocean,Fair,0.0
Matthew Town,The Bahamas,20.95,-73.683333,Very Small,North Atlantic Ocean,Good,0.0
Newburyport,United States,42.816667,-70.866667,Very Small,North Atlantic Ocean,Good,0.0
Ceiba Hueca,Cuba,20.216667,-77.31666699999998,Very Small,Caribbean Sea; North Atlantic Ocean,Poor,0.0
Dalian,China,38.916667,121.666667,Large,Yellow Sea; North Pacific Ocean,Good,0.0
Elat,Israel,29.55,34.95,Small,Gulf of Aqaba; Red Sea; Indian Ocean,Fair,0.0
El Ghardaqa,Egypt,27.216667,33.85,Very Small,Gulf of Suez; Red Sea; Indian Ocean,Fair,0.0
Antsiranana,Madagascar,-12.266667,49.283333,Small,Indian Ocean,Good,0.0
Kismaayo,Somalia,-0.366667,42.55,Very Small,Indian Ocean,Good,0.0
Mombasa,Kenya,-4.066667,39.666667,Medium,Indian Ocean,Good,0.0
Dakar,Senegal,14.683333,-17.433333,Medium,North Atlantic Ocean,Good,0.0
Kharg Island Oil Terminal,Iran,29.233333,50.333333,Small,Persian Gulf; Indian Ocean,Good,0.0
Bandar-E Mahshahr,Iran,30.466667,49.183333,Small,Persian Gulf; Indian Ocean,Good,0.0
Itea,Greece,38.433333,22.416667,Very Small,Ionian Sea; Mediterranean Sea; North Atlantic Ocean,Poor,0.0
Dubrovnik,Croatia,42.666667,18.083333,Small,Adriatic Sea; Mediterranean Sea; North Atlantic Ocean,Fair,0.0
Livorno,Italy,43.542,10.29,Large,Ligurian Sea; Mediterranean Sea; North Atlantic Ocean,Good,0.0
Monaco,Monaco,43.733333,7.416667,Very Small,Mediterranean Sea; North Atlantic Ocean,Good,0.0
La Coruna,Spain,43.366667,-8.4,Small,North Atlantic Ocean,Excellent,0.0
Le Verdon,France,45.55,-1.05,Small,Bay of Biscay; North Atlantic Ocean,Fair,0.0
Astakos,Greece,38.483333,21.1,Small,Ionian Sea; Mediterranean Sea; North Atlantic Ocean,Fair,0.0
Mesolongion,Greece,38.366667,21.416667,Very Small,Ionian Sea; Mediterranean Sea; North Atlantic Ocean,Poor,0.0
Abu Khammash,Libya,33.066667,11.816667,Very Small,Mediterranean Sea; North Atlantic Ocean,,0.0
M Bao Oil Terminal,Senegal,14.716667,-17.4,Very Small,North Atlantic Ocean,Poor,0.0
Agbami Oil Terminal,Nigeria,3.466667,5.566667,Very Small,Gulf of Guinea; North Atlantic Ocean,Poor,0.0
Andros,Greece,37.833333,24.95,Very Small,Aegean Sea; Mediterranean Sea; North Atlantic Ocean,Fair,0.0
Oporto,Portugal,41.15,-8.666667,Very Small,North Atlantic Ocean,Good,0.0
Lushun,China,38.783333,121.25,Very Small,Yellow Sea; North Pacific Ocean,Fair,0.0
Belanak Field Terminal,Indonesia,4.15,106.25,Very Small,South China Sea; North Pacific Ocean,Poor,0.0
Fiumicino,Italy,41.772,12.214,Small,Tyrrhenian Sea; Mediterranean Sea; North Atlantic Ocean,Fair,0.0
Chinde,Mozambique,-18.566667,36.5,Small,Mozambique Channel; Indian Ocean,Fair,0.0
Maintirano,Madagascar,-18.066667,44.016667,Very Small,Mozambique Channel; Indian Ocean,Poor,0.0
Maroantsetra,Madagascar,-15.45,49.816667,Very Small,Indian Ocean,Fair,0.0
Kendari,Indonesia,-3.966667,122.583333,Very Small,Banda Sea; South Pacific Ocean,Good,0.0
Choshi,Japan,35.733333,140.85,Very Small,North Pacific Ocean,Fair,0.0
Amagasaki,Japan,34.7,135.383333,Small,Sea of Japan; North Pacific Ocean,Fair,0.0
Dhekelia,Cyprus,34.966667,33.716667,Very Small,Mediterranean Sea; North Atlantic Ocean,Poor,0.0
Ashdod,Israel,31.816667,34.65,Small,Mediterranean Sea; North Atlantic Ocean,Fair,0.0
Mostaganem,Algeria,35.933333,0.083333,Very Small,Mediterranean Sea; North Atlantic Ocean,Good,0.0
Greater Plutonio Terminal,Angola,-7.833333,12.1,Very Small,South Atlantic Ocean,Poor,0.0
Krabi,Thailand,8.066667,98.916667,Very Small,Andaman Sea; Indian Ocean,Good,0.0
Antalya Offshore Terminal,Turkey,36.816667,30.6,Very Small,Mediterranean Sea; North Atlantic Ocean,Poor,0.0
Antalya,Turkey,36.833333,30.616667,Small,Mediterranean Sea; North Atlantic Ocean,Poor,0.0
Arzew,Algeria,35.85,-0.3,Small,Mediterranean Sea; North Atlantic Ocean,Good,0.0
Moudi Marine Terminal,Cameroon,4.116667,8.483333,Very Small,Gulf of Guinea; North Atlantic Ocean,Poor,0.0
Kuantan New Port,Malaysia,3.966667,103.433333,Small,South China Sea; North Pacific Ocean,Good,0.0
Achladi,Greece,38.9,22.816667,Very Small,Aegean Sea; Mediterranean Sea; North Atlantic Ocean,Fair,0.0
Lajes,Portugal,38.4,-28.266667,Very Small,North Atlantic Ocean,Unknown,0.0
Alicante,Spain,38.333333,-0.483333,Medium,Mediterranean Sea; North Atlantic Ocean,Fair,0.0
Iraklion,Greece,35.35,25.15,Medium,Aegean Sea; Mediterranean Sea; North Atlantic Ocean,Good,0.0
Venterminals,Venezuela,10.483333,-68.033333,Very Small,Caribbean Sea; North Atlantic Ocean,Fair,0.0
Norfolk,United States,36.85,-76.29999999999998,Large,North Atlantic Ocean,Excellent,0.0
Ishigaki,Japan,24.333333,124.166667,Very Small,East China Sea; North Pacific Ocean,Fair,0.0
Greenport,United States,41.1,-72.366667,Very Small,North Atlantic Ocean,Good,0.0
Villefranche,France,43.7,7.316667,Very Small,Mediterranean Sea; North Atlantic Ocean,Good,0.0
Searsport,United States,44.45,-68.916667,Small,North Atlantic Ocean,Good,0.0
Porto Di Oristano,Italy,39.866667,8.55,Small,Mediterranean Sea; North Atlantic Ocean,Unknown,0.0
Toulon,France,43.1,5.916667,Large,Mediterranean Sea; North Atlantic Ocean,Excellent,0.0
Pedregal,Panama,8.35,-82.433333,Small,North Pacific Ocean,Good,0.0
Praia De Vitoria,Portugal,38.716667,-27.05,Very Small,North Atlantic Ocean,Fair,0.0
Ortona,Italy,42.35,14.416667,Small,Adriatic Sea; Mediterranean Sea; North Atlantic Ocean,Good,0.0
Rockport,United States,44.183333,-69.066667,Very Small,North Atlantic Ocean,Good,0.0
Vila Real De S Antonio,Portugal,37.183333,-7.4,Very Small,North Atlantic Ocean,Good,0.0
Sarroch Oil Terminal,Italy,39.083333,9.033333,Medium,Mediterranean Sea; North Atlantic Ocean,Excellent,0.0
San Juan De La Costa,Mexico,24.4,-110.7,Very Small,Gulf of California; North Pacific Ocean,Poor,0.0
Porto Ponte Romano,Italy,39.05,8.466667,Very Small,Mediterranean Sea; North Atlantic Ocean,Fair,0.0
Winter Harbor,United States,44.383333,-68.083333,Very Small,North Atlantic Ocean,Good,0.0
Ponta Delgada,Portugal,37.733333,-25.666667,Small,North Atlantic Ocean,Good,0.0
Taranto,Italy,40.466667,17.2,Large,Golfo di Taranto; Mediterranean Sea; North Atlantic Ocean,Good,0.0
New Castle,United States,39.65,-75.56666699999998,Very Small,North Atlantic Ocean,Good,0.0
Tanger,Morocco,35.783333,-5.816667,Medium,Strait of Gibraltar; North Atlantic Ocean,Good,0.0
Pebane,Mozambique,-17.266667,38.15,Small,Mozambique Channel; Indian Ocean,Fair,0.0
Stratoni,Greece,40.516667,23.833333,Very Small,Aegean Sea; Mediterranean Sea; North Atlantic Ocean,Fair,0.0
Yerakini,Greece,40.266667,23.466667,Very Small,Aegean Sea; Mediterranean Sea; North Atlantic Ocean,Fair,0.0
Plomarion,Greece,38.983333,26.366667,Very Small,Aegean Sea; Mediterranean Sea; North Atlantic Ocean,Poor,0.0
Ploce,Croatia,43.05,17.433333,Very Small,Adriatic Sea; Mediterranean Sea; North Atlantic Ocean,Fair,0.0
Tsingeli,Greece,39.166667,22.85,Very Small,Aegean Sea; Mediterranean Sea; North Atlantic Ocean,Fair,0.0
Santo Antonio,Sao Tome and Principe,1.65,7.45,Very Small,Gulf of Guinea; North Atlantic Ocean,Fair,0.0
Saltpond,Ghana,5.2,-1.05,Very Small,Gulf of Guinea; North Atlantic Ocean,Poor,0.0
Saiki Ko,Japan,32.966667,131.933333,Small,East China Sea; North Pacific Ocean,Fair,0.0
Zamboanga,Philippines,6.9,122.066667,Small,Celebes Sea; North Pacific Ocean,Good,0.0
Ras Gharib,Egypt,28.35,33.1,Very Small,Gulf of Suez; Red Sea; Indian Ocean,Poor,0.0
Pulupandan,Philippines,10.516667,122.8,Very Small,Sulu Sea; North Pacific Ocean,Poor,0.0
Portsmouth,United States,36.816667,-76.29999999999998,Small,North Atlantic Ocean,Excellent,0.0
Ujung Pandang,Indonesia,-5.133333,119.4,Medium,Makassar Strait; South Pacific Ocean,Fair,0.0
Philadelphia,United States,39.95,-75.13333299999998,Large,North Atlantic Ocean,Good,0.0
Tanjungpandan,Indonesia,-2.75,107.633333,Very Small,Natuna Sea; South China Sea; South Pacific Ocean,Excellent,0.0
Uwajima Ko,Japan,33.216667,132.566667,Very Small,Sea of Japan; North Pacific Ocean,Poor,0.0
Salem Nj,United States,39.666667,-75.483333,Very Small,North Atlantic Ocean,Excellent,0.0
Isthmus Cove,United States,33.45,-118.5,Very Small,North Pacific Ocean,Fair,0.0
Yerbabuena Island,United States,37.816667,-122.366667,Very Small,North Pacific Ocean,Excellent,0.0
Ventura,United States,34.283333,-119.283333,Very Small,North Pacific Ocean,Poor,0.0
Prisoners,United States,34.016667,-119.683333,Very Small,North Pacific Ocean,Poor,0.0
Ireland Island,Bermuda,32.316667,-64.833333,Medium,North Atlantic Ocean,Good,0.0
Clifton Pier,The Bahamas,25.0,-77.54999999999998,Very Small,North Atlantic Ocean,Fair,0.0
Girassol Terminal,Angola,-7.65,11.683333,Very Small,South Atlantic Ocean,Poor,0.0
Dalia Terminal,Angola,-7.683333,11.766667,Very Small,South Atlantic Ocean,Poor,0.0
Port Foster,Antarctica,-62.95,-60.633333,Very Small,Bransfield Strait; Drake Passage; South Atlantic Ocean,Fair,0.0
Guangzhou,China,23.116667,113.233333,Medium,South China Sea; North Pacific Ocean,Good,0.0
Ghazaouet,Algeria,35.1,-1.866667,Very Small,Mediterranean Sea; North Atlantic Ocean,Fair,0.0
Alger,Algeria,36.766667,3.066667,Large,Mediterranean Sea; North Atlantic Ocean,Excellent,0.0
Annaba,Algeria,36.916667,7.766667,Medium,Mediterranean Sea; North Atlantic Ocean,Fair,0.0
Famagusta,Cyprus,35.116667,33.933333,Small,Mediterranean Sea; North Atlantic Ocean,Fair,0.0
Larnaca,Cyprus,34.916667,33.65,Small,Mediterranean Sea; North Atlantic Ocean,Fair,0.0
Golfito,Costa Rica,8.633333,-83.166667,Small,North Pacific Ocean,Good,0.0
Jucaro,Cuba,21.616667,-78.84999999999998,Very Small,Caribbean Sea; North Atlantic Ocean,Poor,0.0
Collo,Algeria,37.0,6.583333,Very Small,Mediterranean Sea; North Atlantic Ocean,Good,760.0
Djen-Djen,Algeria,36.816667,5.883333,Very Small,Mediterranean Sea; North Atlantic Ocean,Fair,0.0
Jijel,Algeria,36.833333,5.783333,Very Small,Mediterranean Sea; North Atlantic Ocean,Fair,153.0
El Bosque,Colombia,10.4,-75.533333,Small,Caribbean Sea; North Atlantic Ocean,Good,0.0
Longkou Gang,China,37.633333,120.283333,Small,Bo Hai; Yellow Sea; North Pacific Ocean,Fair,0.0
Jinzhou Wan,China,40.75,121.1,Very Small,Bo Hai; Yellow Sea; North Pacific Ocean,Fair,0.0
Kyrenia,Cyprus,35.35,33.333333,Very Small,Mediterranean Sea; North Atlantic Ocean,Fair,0.0
Media Luna,Cuba,20.15,-77.433333,Very Small,Caribbean Sea; North Atlantic Ocean,Poor,0.0
Mamonal,Colombia,10.316667,-75.516667,Small,Caribbean Sea; North Atlantic Ocean,Poor,0.0
Dellys,Algeria,36.916667,3.916667,Very Small,Mediterranean Sea; North Atlantic Ocean,Fair,100.0
Huangpu,China,23.083333,113.416667,Small,South China Sea; North Pacific Ocean,Fair,0.0
Huludao Gang,China,40.7,120.983333,Very Small,Bo Hai; Yellow Sea; North Pacific Ocean,Good,0.0
Bayuquan,China,40.3,122.083333,Very Small,Bo Hai; Yellow Sea; North Pacific Ocean,Fair,0.0
Skikda,Algeria,36.883333,6.916667,Small,Mediterranean Sea; North Atlantic Ocean,Good,0.0
Tenes,Algeria,36.533333,1.316667,Very Small,Mediterranean Sea; North Atlantic Ocean,Fair,0.0
Sint Michelsbaai,Curacao,12.133333,-69.016667,Very Small,Caribbean Sea; North Atlantic Ocean,Poor,0.0
Porto Grande,Cabo Verde,16.883333,-25.0,Very Small,North Atlantic Ocean,Fair,0.0
Ras Shukhier,Egypt,28.133333,33.283333,Medium,Gulf of Suez; Red Sea; Indian Ocean,Fair,0.0
Ras Badran Oil Terminal,Egypt,28.95,33.166667,Very Small,Gulf of Suez; Red Sea; Indian Ocean,Poor,0.0
Penglai,China,37.816667,120.833333,Very Small,Yellow Sea; North Pacific Ocean,Fair,0.0
Wadi Feiran,Egypt,28.75,33.2,Small,Gulf of Suez; Red Sea; Indian Ocean,Fair,0.0
Sharm El Sheikh,Egypt,27.85,34.283333,Very Small,Red Sea; Indian Ocean,Poor,0.0
Tangshan (Jingtang),China,39.2,119.016667,Very Small,Bo Hai; Yellow Sea; North Pacific Ocean,Fair,0.0
Ras Sudr,Egypt,29.583333,32.7,Very Small,Gulf of Suez; Red Sea; Indian Ocean,Poor,0.0
Tunas De Zaza,Cuba,21.633333,-79.54999999999998,Very Small,Caribbean Sea; North Atlantic Ocean,Poor,0.0
Weihai,China,37.5,122.1,Medium,Yellow Sea; North Pacific Ocean,Excellent,0.0
San Pedro De Macoris,Dominican Republic,18.45,-69.316667,Small,Caribbean Sea; North Atlantic Ocean,Good,0.0
Ceuta,Spain,35.9,-5.316667,Medium,Strait of Gibraltar; North Atlantic Ocean,Fair,0.0
Nice,France,43.7,7.283333,Small,Mediterranean Sea; North Atlantic Ocean,Excellent,0.0
Fos,France,43.416667,4.883333,Very Small,Gulf of Lion; Mediterranean Sea; North Atlantic Ocean,Fair,0.0
Cadiz,Spain,36.533333,-6.3,Medium,North Atlantic Ocean,Good,0.0
Huelva,Spain,37.25,-6.95,Medium,North Atlantic Ocean,Good,0.0
Ferrol,Spain,43.483333,-8.233333,Medium,North Atlantic Ocean,Excellent,0.0
Gijon,Spain,43.55,-5.666667,Small,Bay of Biscay; North Atlantic Ocean,Good,0.0
Bayonne,France,43.5,-1.466667,Medium,Bay of Biscay; North Atlantic Ocean,Excellent,0.0
Nantes,France,47.2,-1.566667,Medium,Bay of Biscay; North Atlantic Ocean,Fair,0.0
Donges,France,47.3,-2.066667,Small,Bay of Biscay; North Atlantic Ocean,Excellent,0.0
Deauville,France,49.366667,0.083333,Very Small,English Channel; North Atlantic Ocean,Fair,0.0
Algeciras,Spain,36.133333,-5.433333,Small,Strait of Gibraltar; North Atlantic Ocean,Fair,0.0
Aviles,Spain,43.6,-5.933333,Small,Bay of Biscay; North Atlantic Ocean,Excellent,0.0
Motril,Spain,36.75,-3.516667,Very Small,Mediterranean Sea; North Atlantic Ocean,Fair,0.0
Almeria,Spain,36.833333,-2.466667,Small,Mediterranean Sea; North Atlantic Ocean,Fair,0.0
El Grao,Spain,39.966667,0.016667,Very Small,Balearic Sea; Mediterranean Sea; North Atlantic Ocean,Fair,0.0
Ibiza,Spain,38.9,1.45,Very Small,Mediterranean Sea; North Atlantic Ocean,Fair,0.0
Bonifacio,France,41.383333,9.166667,Very Small,Mediterranean Sea; North Atlantic Ocean,Excellent,0.0
Concarneau,France,47.866667,-3.916667,Very Small,Bay of Biscay; North Atlantic Ocean,Fair,0.0
Fecamp,France,49.766667,0.366667,Small,English Channel; North Atlantic Ocean,Fair,0.0
Montoir,France,47.3,-2.133333,Medium,Bay of Biscay; North Atlantic Ocean,Good,0.0
Bermeo,Spain,43.416667,-2.716667,Very Small,Bay of Biscay; North Atlantic Ocean,Excellent,0.0
Adra,Spain,36.733333,-3.033333,Very Small,Mediterranean Sea; North Atlantic Ocean,Fair,0.0
Aguilas,Spain,37.4,-1.566667,Very Small,Mediterranean Sea; North Atlantic Ocean,Fair,0.0
Puerto De Gandia,Spain,39.0,-0.15,Very Small,Balearic Sea; Mediterranean Sea; North Atlantic Ocean,Poor,0.0
Port De Caen,France,49.183333,-0.35,Small,English Channel; North Atlantic Ocean,Excellent,0.0
Santander,Spain,43.466667,-3.783333,Medium,Bay of Biscay; North Atlantic Ocean,Good,0.0
Torrevieja,Spain,37.966667,-0.683333,Very Small,Mediterranean Sea; North Atlantic Ocean,Good,0.0
Saint-Raphael,France,43.416667,6.766667,Very Small,Mediterranean Sea; North Atlantic Ocean,Fair,0.0
Puerto De Garrucha,Spain,37.183333,-1.816667,Very Small,Mediterranean Sea; North Atlantic Ocean,Fair,0.0
Rota,Spain,36.616667,-6.333333,Very Small,North Atlantic Ocean,Fair,0.0
Ouistreham,France,49.283333,-0.25,Very Small,English Channel; North Atlantic Ocean,Good,0.0
Santa Cruz De La Palma,Spain,28.683333,-17.75,Very Small,North Atlantic Ocean,Fair,0.0
Port-de-Bouc,France,43.4,4.983333,Small,Gulf of Lion; Mediterranean Sea; North Atlantic Ocean,Fair,0.0
Port-La-Nouvelle,France,43.016667,3.066667,Small,Gulf of Lion; Mediterranean Sea; North Atlantic Ocean,Good,0.0
Iwakuni Ko,Japan,34.183333,132.25,Medium,Sea of Japan; North Pacific Ocean,Good,0.0
Muntok,Indonesia,-2.066667,105.166667,Very Small,Natuna Sea; South China Sea; South Pacific Ocean,Fair,0.0
Manfredonia,Italy,41.616667,15.916667,Small,Adriatic Sea; Mediterranean Sea; North Atlantic Ocean,Fair,0.0
Civitavecchia,Italy,42.102,11.771,Large,Tyrrhenian Sea; Mediterranean Sea; North Atlantic Ocean,Fair,0.0
Korcula,Croatia,42.933333,17.133333,Very Small,Adriatic Sea; Mediterranean Sea; North Atlantic Ocean,Fair,0.0
Aigio,Greece,38.25,22.083333,Very Small,Ionian Sea; Mediterranean Sea; North Atlantic Ocean,Fair,0.0
Maddalena,Italy,41.208,9.403,Small,Tyrrhenian Sea; Mediterranean Sea; North Atlantic Ocean,Good,0.0
Imperia,Italy,43.883333,8.033333,Small,Mediterranean Sea; North Atlantic Ocean,Fair,0.0
Marsala,Italy,37.783333,12.433333,Small,Mediterranean Sea; North Atlantic Ocean,Fair,0.0
Mazara Del Vallo,Italy,37.644,12.592,Small,Mediterranean Sea; North Atlantic Ocean,Fair,0.0
Banten,Indonesia,-6.016667,105.966667,Very Small,"Indian Ocean, Java Sea; South Pacific Ocean",Poor,0.0
North Pulau Laut Coal Terminal,Indonesia,-3.2,116.283333,Very Small,Makassar Strait; South Pacific Ocean,Poor,0.0
Kupang,Indonesia,-10.166667,123.583333,Small,Savu Sea; Indian Ocean,Fair,0.0
Khorramshahr,Iran,30.433333,48.183333,Medium,Persian Gulf; Indian Ocean,Good,0.0
Anyer Lor,Indonesia,-6.05,105.916667,Very Small,Indian Ocean,Fair,0.0
Ampenan,Indonesia,-8.566667,116.066667,Very Small,Bali Sea; Java Sea; South Pacific Ocean,Poor,0.0
Dugi Rat,Croatia,43.45,16.65,Very Small,Adriatic Sea; Mediterranean Sea; North Atlantic Ocean,Fair,0.0
Nisos Naxos,Greece,37.1,25.366667,Very Small,Aegean Sea; Mediterranean Sea; North Atlantic Ocean,Fair,0.0
Imari,Japan,33.283333,129.883333,Very Small,Korea Strait; North Pacific Ocean,Fair,0.0
Hososhima Ko,Japan,32.433333,131.666667,Very Small,East China Sea; North Pacific Ocean,Fair,0.0
Aokata,Japan,32.983333,129.066667,Very Small,Korea Strait; North Pacific Ocean,Poor,0.0
Izuhara,Japan,34.2,129.3,Very Small,Korea Strait; North Pacific Ocean,Fair,0.0
Komatsushima,Japan,34.016667,134.6,Small,Sea of Japan; North Pacific Ocean,Fair,0.0
Matsu-Shima,Japan,32.933333,129.6,Very Small,East China Sea; North Pacific Ocean,Poor,0.0
Rethimnon,Greece,35.366667,24.466667,Very Small,Aegean Sea; Mediterranean Sea; North Atlantic Ocean,Fair,0.0
Trujillo,Honduras,15.916667,-85.95,Very Small,Caribbean Sea; North Atlantic Ocean,Fair,0.0
Soudha,Greece,35.483333,24.183333,Medium,Aegean Sea; Mediterranean Sea; North Atlantic Ocean,Good,0.0
Piraievs,Greece,37.933333,23.65,Large,Aegean Sea; Mediterranean Sea; North Atlantic Ocean,Excellent,0.0
Rijeka Luka,Croatia,45.333333,14.433333,Large,Adriatic Sea; Mediterranean Sea; North Atlantic Ocean,Good,0.0
Umag,Croatia,45.433333,13.516667,Very Small,Adriatic Sea; Mediterranean Sea; North Atlantic Ocean,Fair,0.0
Surabaya,Indonesia,-7.2,112.733333,Medium,Bali Sea; Java Sea; South Pacific Ocean,Good,0.0
Susaki Ko,Japan,33.383333,133.3,Very Small,Sea of Japan; North Pacific Ocean,Fair,0.0
Tsukumi Ko,Japan,33.083333,131.866667,Very Small,Korea Strait; North Pacific Ocean,Fair,0.0
Tachibana,Japan,33.866667,134.666667,Very Small,Sea of Japan; North Pacific Ocean,Poor,0.0
Pangkalpinang,Indonesia,-2.116667,106.133333,Very Small,Natuna Sea; South China Sea; South Pacific Ocean,Good,0.0
Udang Oilfield,Indonesia,4.033333,106.483333,Very Small,South China Sea; North Pacific Ocean,Poor,0.0
Umm Qasr,Iraq,30.016667,47.95,Small,Persian Gulf; Indian Ocean,Excellent,0.0
Sakaiminato,Japan,35.533333,133.233333,Very Small,Sea of Japan; North Pacific Ocean,Fair,0.0
Tanjung Sekong,Indonesia,-5.916667,106.0,Very Small,"Indian Ocean, Java Sea; South Pacific Ocean",Fair,0.0
Tanabe Ko,Japan,33.716667,135.366667,Very Small,Sea of Japan; North Pacific Ocean,Fair,0.0
Yahata,Japan,33.866667,130.816667,Small,Korea Strait; North Pacific Ocean,Fair,0.0
Crotone,Italy,39.078,17.136,Small,Ionian Sea; Mediterranean Sea; North Atlantic Ocean,Good,0.0
Porto Di Barletta,Italy,41.334,16.292,Very Small,Adriatic Sea; Mediterranean Sea; North Atlantic Ocean,Good,0.0
Bari,Italy,41.146,16.846,Medium,Adriatic Sea; Mediterranean Sea; North Atlantic Ocean,Good,0.0
Ancona,Italy,43.629,13.494,Small,Adriatic Sea; Mediterranean Sea; North Atlantic Ocean,Good,0.0
Bandar Khomeyni,Iran,30.433333,49.083333,Small,Persian Gulf; Indian Ocean,Good,0.0
Kali Limenes,Greece,34.933333,24.833333,Very Small,Mediterranean Sea; North Atlantic Ocean,Fair,0.0
Kerkira,Greece,39.616667,19.933333,Medium,Ionian Sea; Mediterranean Sea; North Atlantic Ocean,Good,0.0
Napoli,Italy,40.833,14.275,Large,Tyrrhenian Sea; Mediterranean Sea; North Atlantic Ocean,Excellent,0.0
Mikonos,Greece,37.45,25.333333,Very Small,Aegean Sea; Mediterranean Sea; North Atlantic Ocean,Poor,0.0
Kavala,Greece,40.933333,24.4,Small,Aegean Sea; Mediterranean Sea; North Atlantic Ocean,Good,0.0
Anzio - Nettuno,Italy,41.446,12.637,Very Small,Tyrrhenian Sea; Mediterranean Sea; North Atlantic Ocean,Fair,0.0
Gaeta,Italy,41.223,13.577,Small,Tyrrhenian Sea; Mediterranean Sea; North Atlantic Ocean,Poor,0.0
Molfetta,Italy,41.216667,16.6,Small,Adriatic Sea; Mediterranean Sea; North Atlantic Ocean,Fair,0.0
Lavrio,Greece,37.7,24.066667,Very Small,Aegean Sea; Mediterranean Sea; North Atlantic Ocean,Fair,0.0
Gresik,Indonesia,-7.15,112.65,Small,Bali Sea; Java Sea; South Pacific Ocean,Good,0.0
Lalang Marine Terminal,Indonesia,1.183333,102.216667,Very Small,Strait of Malacca; Indian Ocean,Poor,0.0
Omaezaki Ko,Japan,34.6,138.233333,Small,North Pacific Ocean,Good,0.0
Hagi Ko,Japan,34.416667,131.4,Very Small,Sea of Japan; North Pacific Ocean,Fair,0.0
Hamada Ko,Japan,34.9,132.083333,Very Small,Sea of Japan; North Pacific Ocean,Good,0.0
Alexandroupoli,Greece,40.833333,25.883333,Medium,Aegean Sea; Mediterranean Sea; North Atlantic Ocean,Fair,0.0
Neon Karlovas,Greece,37.8,26.683333,Small,Aegean Sea; Mediterranean Sea; North Atlantic Ocean,Fair,0.0
Gavrio,Greece,37.883333,24.733333,Very Small,Aegean Sea; Mediterranean Sea; North Atlantic Ocean,Fair,0.0
Arbatax,Italy,39.933333,9.7,Very Small,Tyrrhenian Sea; Mediterranean Sea; North Atlantic Ocean,Poor,0.0
Marina Di Carrara,Italy,44.027,10.047,Very Small,Ligurian Sea; Mediterranean Sea; North Atlantic Ocean,Fair,0.0
Argostolion,Greece,38.183333,20.516667,Very Small,Mediterranean Sea; North Atlantic Ocean,Fair,0.0
Katakolon,Greece,37.65,21.316667,Very Small,Mediterranean Sea; North Atlantic Ocean,Fair,0.0
Navplio,Greece,37.566667,22.8,Very Small,Aegean Sea; Mediterranean Sea; North Atlantic Ocean,Excellent,0.0
Megara Oil Terminal,Greece,37.966667,23.4,Very Small,Aegean Sea; Mediterranean Sea; North Atlantic Ocean,Fair,0.0
Miyazu,Japan,35.533333,135.2,Medium,Sea of Japan; North Pacific Ocean,Fair,0.0
Yura,Japan,33.95,135.1, ,Sea of Japan; North Pacific Ocean,Unknown,0.0
Sibenik,Croatia,43.733333,15.883333,Small,Adriatic Sea; Mediterranean Sea; North Atlantic Ocean,Fair,0.0
Ormos Aliveriou,Greece,38.383333,24.05,Medium,Aegean Sea; Mediterranean Sea; North Atlantic Ocean,Poor,0.0
Spetses,Greece,37.266667,23.166667,Very Small,Aegean Sea; Mediterranean Sea; North Atlantic Ocean,Fair,0.0
Patrai,Greece,38.25,21.733333,Small,Ionian Sea; Mediterranean Sea; North Atlantic Ocean,Good,0.0
Vada,Italy,43.35,10.45,Very Small,Ligurian Sea; Mediterranean Sea; North Atlantic Ocean,Poor,0.0
Siracusa,Italy,37.05,15.283333,Large,Mediterranean Sea; North Atlantic Ocean,Good,0.0
Torre Annunziata,Italy,40.75,14.45,Small,Tyrrhenian Sea; Mediterranean Sea; North Atlantic Ocean,Poor,0.0
Porto Di Lido-Venezia,Italy,45.416667,12.433333,Large,Adriatic Sea; Mediterranean Sea; North Atlantic Ocean,Good,0.0
Salerno,Italy,40.666667,14.75,Small,Tyrrhenian Sea; Mediterranean Sea; North Atlantic Ocean,Fair,0.0
Toboali,Indonesia,-3.016667,106.45,Very Small,Java Sea; South Pacific Ocean,Poor,0.0
Sakai Ko,Japan,35.55,133.25,Small,Sea of Japan; North Pacific Ocean,Fair,0.0
Panjang,Indonesia,-5.466667,105.316667,Very Small,Indian Ocean,Good,0.0
Porto Di Palermo,Italy,38.119,13.38,Small,Tyrrhenian Sea; Mediterranean Sea; North Atlantic Ocean,Excellent,0.0
Portovecchio Di Piombino,Italy,42.933,10.557,Very Small,Tyrrhenian Sea; Mediterranean Sea; North Atlantic Ocean,Fair,0.0
General Santos,Philippines,6.116667,125.183333,Very Small,Celebes Sea; North Pacific Ocean,Good,0.0
Nasipit Port,Philippines,8.983333,125.333333,Very Small,Bohol Sea; Philippine inland seas; North Pacific Ocean,Fair,0.0
Kilifi,Kenya,-3.633333,39.866667,Very Small,Indian Ocean,Poor,0.0
Nacala,Mozambique,-14.533333,40.666667,Very Small,Mozambique Channel; Indian Ocean,Good,0.0
Mocambique,Mozambique,-15.033333,40.733333,Small,Mozambique Channel; Indian Ocean,Fair,0.0
Nouadhibou,Mauritania,20.916667,-17.05,Medium,North Atlantic Ocean,Good,0.0
Casablanca,Morocco,33.6,-7.616667,Large,North Atlantic Ocean,Excellent,0.0
Lisboa,Portugal,38.7,-9.166667,Large,North Atlantic Ocean,Excellent,0.0
Ensenada,Mexico,31.866667,-116.633333,Medium,North Pacific Ocean,Good,0.0
Grand Cul De Sac Bay,Saint Lucia,13.983333,-61.016667,Small,Caribbean Sea; North Atlantic Ocean,Good,0.0
Jose Panganiban,Philippines,14.283333,122.683333,Very Small,Philippine inland seas; North Pacific Ocean,Poor,0.0
Mati,Philippines,6.95,126.216667,Very Small,Celebes Sea; North Pacific Ocean,Excellent,0.0
Bugo,Philippines,8.516667,124.75,Very Small,Bohol Sea; Philippine inland seas; North Pacific Ocean,Good,0.0
Mina Ash Shuaybah,Kuwait,29.033333,48.166667,Medium,Persian Gulf; Indian Ocean,Fair,0.0
Al Kuwayt,Kuwait,29.35,47.933333,Very Small,Persian Gulf; Indian Ocean,Poor,0.0
Malindi,Kenya,-3.216667,40.133333,Small,Indian Ocean,Fair,0.0
Basco,Philippines,20.45,121.966667,Very Small,Luzon Strait; North Pacific Ocean,Fair,0.0
Davao,Philippines,7.066667,125.616667,Small,Celebes Sea; North Pacific Ocean,Good,0.0
Basilian City (Isabela),Philippines,6.716667,121.966667,Very Small,Sulu Sea; North Pacific Ocean,Excellent,0.0
Darnah,Libya,32.766667,22.65,Very Small,Mediterranean Sea; North Atlantic Ocean,Fair,0.0
Az Zawiya,Libya,32.8,12.716667,Small,Mediterranean Sea; North Atlantic Ocean,Poor,0.0
Kenitra,Morocco,34.3,-6.6,Small,North Atlantic Ocean,Excellent,0.0
Agadir,Morocco,30.433333,-9.633333,Large,North Atlantic Ocean,Fair,0.0
Charco Azul,Panama,8.216667,-82.866667,Very Small,North Pacific Ocean,Poor,0.0
Al Jubayl,Saudi Arabia,27.083333,49.666667,Very Small,Persian Gulf; Indian Ocean,Fair,0.0
Mina Az Zawr,Kuwait,28.733333,48.4,Very Small,Persian Gulf; Indian Ocean,Fair,0.0
Muar,Malaysia,2.05,102.566667,Very Small,Strait of Malacca; Indian Ocean,Fair,0.0
Essaouira,Morocco,31.5,-9.783333,Very Small,North Atlantic Ocean,Fair,0.0
Akpo Oil Terminal,Nigeria,3.133333,6.816667,Very Small,Gulf of Guinea; North Atlantic Ocean,Poor,0.0
Kampong Saom,Cambodia,10.633333,103.5,Medium,Gulf of Thailand; South China Sea; North Pacific Ocean,Good,0.0
Inhambane,Mozambique,-23.916667,35.4,Small,Mozambique Channel; Indian Ocean,Good,0.0
Lamu,Kenya,-2.266667,40.9,Small,Indian Ocean,Fair,0.0
Akaroa,New Zealand,-43.8,172.966667,Very Small,South Pacific Ocean,Good,0.0
Figueira Da Foz,Portugal,40.15,-8.85,Very Small,North Atlantic Ocean,Good,0.0
Faro,Portugal,37.033333,-7.933333,Very Small,North Atlantic Ocean,Good,0.0
Lazi,Philippines,9.133333,123.633333,Very Small,Bohol Sea; Philippine inland seas; North Pacific Ocean,Fair,0.0
Porto De Leixoes,Portugal,41.183333,-8.7,Very Small,North Atlantic Ocean,Good,0.0
Vila Do Porto,Portugal,36.933333,-25.15,Very Small,North Atlantic Ocean,Fair,0.0
Valletta Harbors,Malta,35.9,14.516667,Medium,Mediterranean Sea; North Atlantic Ocean,Excellent,0.0
Vacamonte,Panama,8.866667,-79.666667,Very Small,Gulf of Panama; North Pacific Ocean,Poor,0.0
Setubal,Portugal,38.516667,-8.9,Small,North Atlantic Ocean,Excellent,0.0
Sines,Portugal,37.95,-8.866667,Medium,North Atlantic Ocean,Good,0.0
Porto Belo,Mozambique,-17.7,37.183333,Small,Mozambique Channel; Indian Ocean,Fair,0.0
Pichilingue,Mexico,24.266667,-110.333333,Small,Gulf of California; North Pacific Ocean,Good,0.0
Puerto Armuelles,Panama,8.266667,-82.84999999999998,Small,North Pacific Ocean,Good,0.0
Viana Do Castelo,Portugal,41.7,-8.833333,Small,North Atlantic Ocean,Good,0.0
Quelimane,Mozambique,-17.883333,36.883333,Very Small,Mozambique Channel; Indian Ocean,Good,0.0
Tapis Marine Terminal A,Malaysia,5.516667,105.016667,Large,South China Sea; North Pacific Ocean,,0.0
Wanganui,New Zealand,-39.95,175.033333,Very Small,Tasman Sea; South Pacific Ocean,Good,0.0
Villanueva,Philippines,8.583333,124.766667,Very Small,Bohol Sea; Philippine inland seas; North Pacific Ocean,Good,0.0
Port Holland,Philippines,6.55,121.866667,Very Small,Sulu Sea; North Pacific Ocean,Good,0.0
Ras Al Khafji,Saudi Arabia,28.433333,48.583333,Small,Persian Gulf; Indian Ocean,Fair,0.0
Pagadian,Philippines,7.833333,123.433333,Very Small,Celebes Sea; North Pacific Ocean,Good,0.0
Port Mathurin,Mauritius,-19.683333,63.416667,Very Small,Indian Ocean,Fair,0.0
Port Langkawi,Malaysia,6.433333,99.766667,Very Small,Strait of Malacca; Indian Ocean,Fair,0.0
Sorsogon,Philippines,12.966667,124.0,Very Small,Philippine inland seas; North Pacific Ocean,Excellent,0.0
Ras  Tannurah,Saudi Arabia,26.633333,50.166667,Medium,Persian Gulf; Indian Ocean,Fair,0.0
Annapolis,United States,38.983333,-76.483333,Very Small,North Atlantic Ocean,Excellent,0.0
Baltimore,United States,39.266667,-76.58333299999998,Large,North Atlantic Ocean,Good,0.0
Camden,United States,39.95,-75.13333299999998,Medium,North Atlantic Ocean,Excellent,0.0
Chester,United States,39.85,-75.34999999999998,Large,North Atlantic Ocean,Good,0.0
Newark,United States,40.7,-74.15,Medium,North Atlantic Ocean,Good,0.0
Bayonne,United States,40.683333,-74.09999999999998,Medium,North Atlantic Ocean,Good,0.0
Hoboken,United States,40.75,-74.016667,Medium,North Atlantic Ocean,Good,0.0
Greenwich,United States,41.016667,-73.616667,Very Small,North Atlantic Ocean,Excellent,0.0
Bridgeport,United States,41.166667,-73.183333,Medium,North Atlantic Ocean,Excellent,0.0
Fall River,United States,41.7,-71.166667,Very Small,North Atlantic Ocean,Excellent,0.0
Albany,United States,42.65,-73.75,Medium,North Atlantic Ocean,Good,0.0
Mahdia,Tunisia,35.5,11.066667,Very Small,Mediterranean Sea; North Atlantic Ocean,Poor,0.0
Botas,Turkey,36.883333,35.933333,Very Small,Mediterranean Sea; North Atlantic Ocean,Poor,0.0
Keppel - (East Singapore),Singapore,1.283333,103.85,Large,Strait of Malacca; Indian Ocean,Good,0.0
Koper,Slovenia,45.55,13.733333,Small,Adriatic Sea; Mediterranean Sea; North Atlantic Ocean,Fair,0.0
Bonthe,Sierra Leone,7.533333,-12.5,Very Small,North Atlantic Ocean,Good,0.0
Camden,United States,44.216667,-69.066667,Very Small,North Atlantic Ocean,Fair,0.0
Avalon,United States,33.35,-118.316667,Very Small,North Pacific Ocean,Fair,0.0
Brownsville,United States,25.95,-97.4,Small,Gulf of Mexico; North Atlantic Ocean,Good,0.0
Galveston,United States,29.316667,-94.78333300000001,Large,Gulf of Mexico; North Atlantic Ocean,Good,0.0
Beaumont,United States,30.083333,-94.083333,Medium,Gulf of Mexico; North Atlantic Ocean,Good,0.0
Baton Rouge,United States,30.45,-91.183333,Small,Gulf of Mexico; North Atlantic Ocean,Good,0.0
Carrabelle,United States,29.85,-84.666667,Very Small,Gulf of Mexico; North Atlantic Ocean,,0.0
Key West,United States,24.55,-81.81666699999998,Small,Gulf of Mexico; North Atlantic Ocean,Good,0.0
Fort Pierce,United States,27.466667,-80.31666699999998,Very Small,North Atlantic Ocean,Excellent,0.0
Mayport,United States,30.4,-81.433333,Very Small,North Atlantic Ocean,Excellent,0.0
Elizabeth City,United States,36.3,-76.216667,Very Small,North Atlantic Ocean,Excellent,0.0
Bodrum,Turkey,37.033333,27.433333,Very Small,Aegean Sea; Mediterranean Sea; North Atlantic Ocean,Fair,0.0
Kilwa Kivinje,Tanzania,-8.733333,39.416667,Very Small,Indian Ocean,Fair,0.0
Davenport,United States,37.016667,-122.2,Very Small,North Pacific Ocean,Poor,0.0
Carpinteria,United States,34.383333,-119.516667,Very Small,North Pacific Ocean,Poor,0.0
Crockett,United States,38.05,-122.216667,Very Small,North Pacific Ocean,Excellent,0.0
Erawan Terminal,Thailand,9.1,101.35,Very Small,Gulf of Thailand; South China Sea; North Pacific Ocean,Poor,0.0
Bar Harbor,United States,44.383333,-68.2,Very Small,North Atlantic Ocean,Fair,0.0
Dikili,Turkey,39.016667,26.816667,Very Small,Aegean Sea; Mediterranean Sea; North Atlantic Ocean,Fair,0.0
Didon Terminal,Tunisia,33.783333,11.9,Small,Mediterranean Sea; North Atlantic Ocean,Fair,0.0
Gabes,Tunisia,33.9,10.116667,Small,Mediterranean Sea; North Atlantic Ocean,Good,0.0
La Goulette,Tunisia,36.8,10.3,Medium,Mediterranean Sea; North Atlantic Ocean,Fair,0.0
Erdek,Turkey,40.383333,27.8,Very Small,Sea of Marmara; Mediterranean Sea; North Atlantic Ocean,Fair,0.0
Ayvalik,Turkey,39.316667,26.7,Very Small,Aegean Sea; Mediterranean Sea; North Atlantic Ocean,Good,0.0
Nemrut Limani Bay,Turkey,38.766667,26.916667,Medium,Aegean Sea; Mediterranean Sea; North Atlantic Ocean,Poor,0.0
Deer Park,United States,29.75,-95.333333,Very Small,Gulf of Mexico; North Atlantic Ocean,Good,0.0
Fethiye,Turkey,36.633333,29.1,Very Small,Mediterranean Sea; North Atlantic Ocean,Fair,0.0
Aliaga,Turkey,38.833333,26.933333,Very Small,Aegean Sea; Mediterranean Sea; North Atlantic Ocean,Fair,0.0
Tunis,Tunisia,36.8,10.25,Medium,Mediterranean Sea; North Atlantic Ocean,Good,0.0
Piran,Slovenia,45.533333,13.566667,Very Small,Adriatic Sea; Mediterranean Sea; North Atlantic Ocean,Good,0.0
Zarzis,Tunisia,33.5,11.116667,Very Small,Mediterranean Sea; North Atlantic Ocean,Fair,0.0
Toros Gubre,Turkey,36.916667,35.966667,Very Small,Mediterranean Sea; North Atlantic Ocean,Poor,0.0
Sousse,Tunisia,35.833333,10.65,Small,Mediterranean Sea; North Atlantic Ocean,Excellent,0.0
Rades,Tunisia,36.816667,10.3,Very Small,Mediterranean Sea; North Atlantic Ocean,Fair,0.0
Pattani,Thailand,6.95,101.3,Small,Gulf of Thailand; South China Sea; North Pacific Ocean,Fair,0.0
Elizabethport,United States,40.65,-74.183333,Small,North Atlantic Ocean,Good,0.0
Jersey City,United States,40.716667,-74.033333,Medium,North Atlantic Ocean,Good,0.0
New Haven,United States,41.233333,-72.916667,Small,North Atlantic Ocean,Good,0.0
New London,United States,41.35,-72.08333299999998,Small,North Atlantic Ocean,Excellent,0.0
Marcus Hook,United States,39.816667,-75.416667,Small,North Atlantic Ocean,Good,0.0
Newport News,United States,36.966667,-76.433333,Medium,North Atlantic Ocean,Good,0.0
Nha Trang,Vietnam,12.25,109.233333,Small,South China Sea; North Pacific Ocean,Fair,0.0
Kennebunkport,United States,43.366667,-70.466667,Very Small,North Atlantic Ocean,Fair,0.0
Boothbay Harbor,United States,43.866667,-69.583333,Very Small,North Atlantic Ocean,Fair,0.0
Charlotte Amalie,U.S. Virgin Islands,18.35,-64.933333,Small,Caribbean Sea; North Atlantic Ocean,Good,0.0
Oakland,United States,37.816667,-122.333333,Large,North Pacific Ocean,Excellent,0.0
Monterey,United States,36.616667,-121.883333,Small,North Pacific Ocean,Good,0.0
Morro Bay,United States,35.366667,-120.85,Very Small,North Pacific Ocean,Excellent,0.0
New Orleans,United States,29.95,-90.04999999999998,Large,Gulf of Mexico; North Atlantic Ocean,Excellent,0.0
Madisonville,United States,30.4,-90.15,Very Small,Gulf of Mexico; North Atlantic Ocean,Excellent,0.0
Mobile,United States,30.683333,-88.116667,Large,Gulf of Mexico; North Atlantic Ocean,Excellent,0.0
Miami,United States,25.783333,-80.183333,Small,North Atlantic Ocean,Excellent,0.0
Alameda,United States,37.783333,-122.266667,Small,North Pacific Ocean,Excellent,0.0
Caripito,Venezuela,10.15,-63.033333,Very Small,Caribbean Sea; North Atlantic Ocean,Excellent,0.0
Destrehan,United States,29.95,-90.366667,Very Small,Gulf of Mexico; North Atlantic Ocean,,0.0
Berkeley,United States,37.866667,-122.3,Very Small,North Pacific Ocean,Excellent,0.0
Limetree Bay,U.S. Virgin Islands,17.7,-64.75,Very Small,Caribbean Sea; North Atlantic Ocean,Fair,0.0
Marblehead,United States,42.5,-70.85,Very Small,North Atlantic Ocean,Good,0.0
Port Alucroix,U.S. Virgin Islands,17.7,-64.766667,Very Small,Caribbean Sea; North Atlantic Ocean,Poor,0.0
Stonington,United States,44.15,-68.666667,Very Small,North Atlantic Ocean,Good,0.0
Port Isabel,United States,26.083333,-97.2,Very Small,Gulf of Mexico; North Atlantic Ocean,Good,0.0
Tarpon Springs,United States,28.15,-82.766667,Very Small,Gulf of Mexico; North Atlantic Ocean,,0.0
Portsmouth,United States,43.083333,-70.75,Small,North Atlantic Ocean,Good,0.0
San Francisco,United States,37.816667,-122.416667,Large,North Pacific Ocean,Excellent,0.0
Texas City,United States,29.383333,-94.916667,Small,Gulf of Mexico; North Atlantic Ocean,Good,0.0
Salem,United States,42.516667,-70.883333,Small,North Atlantic Ocean,Good,0.0
Pensacola,United States,30.4,-87.216667,Small,Gulf of Mexico; North Atlantic Ocean,,0.0
Santa Barbara,United States,34.416667,-119.683333,Very Small,North Pacific Ocean,Fair,0.0
Rockland,United States,44.1,-69.1,Very Small,North Atlantic Ocean,Good,0.0
San Diego,United States,32.716667,-117.183333,Medium,North Pacific Ocean,Excellent,0.0
Winterport,United States,44.633333,-68.85,Very Small,North Atlantic Ocean,Fair,0.0
Port Neches,United States,30.0,-93.95,Small,Gulf of Mexico; North Atlantic Ocean,Good,0.0
Rockport,United States,28.016667,-97.05,Very Small,Gulf of Mexico; North Atlantic Ocean,Good,0.0
Simonstown,South Africa,-34.185,18.436666667,Very Small,South Atlantic Ocean,Good,195.0
Portland,United States,43.666667,-70.25,Medium,North Atlantic Ocean,Excellent,0.0
South Vallejo,United States,38.083333,-122.25,Small,North Pacific Ocean,Excellent,0.0
Pascagoula,United States,30.35,-88.56666699999998,Small,Gulf of Mexico; North Atlantic Ocean,Excellent,0.0
Panama City,United States,30.133333,-85.65,Small,Gulf of Mexico; North Atlantic Ocean,,0.0
Sandypoint,United States,44.516667,-68.816667,Very Small,North Atlantic Ocean,Fair,0.0
Saco,United States,43.5,-70.45,Very Small,North Atlantic Ocean,Fair,0.0
West Point,United States,37.533333,-76.79999999999998,Very Small,North Atlantic Ocean,Excellent,0.0
Port Reading,United States,40.566667,-74.233333,Small,North Atlantic Ocean,Good,0.0
Port Chester,United States,41.0,-73.666667,Very Small,North Atlantic Ocean,Good,0.0
Providence,United States,41.8,-71.4,Medium,North Atlantic Ocean,Good,0.0
Sayreville,United States,40.466667,-74.366667,Very Small,North Atlantic Ocean,Good,0.0
Perth Amboy,United States,40.5,-74.266667,Small,North Atlantic Ocean,Good,0.0
Yorktown,United States,37.233333,-76.5,Very Small,North Atlantic Ocean,Excellent,0.0
Edgewater,United States,40.816667,-73.983333,Very Small,North Atlantic Ocean,Good,0.0
Mina Salman,Bahrain,26.2,50.633333,Medium,Persian Gulf; Indian Ocean,Fair,0.0
Madre De Deus,Brazil,-12.75,-38.616667,Very Small,South Atlantic Ocean,Good,0.0
Ellsworth,United States,44.55,-68.416667,Very Small,North Atlantic Ocean,Fair,0.0
Jervis Bay,Australia,-35.116667,150.8,Very Small,Tasman Sea; South Pacific Ocean,Good,0.0
Frenchboro,United States,44.116667,-68.366667,Very Small,North Atlantic Ocean,Fair,0.0
Batemans Bay,Australia,-35.7,150.166667,Very Small,Tasman Sea; South Pacific Ocean,Good,0.0
Al-Basra Oil Terminal,Iraq,29.683333,48.816667,Very Small,Persian Gulf; Indian Ocean,Poor,0.0
Beni Saf,Algeria,35.3,-1.383333,Very Small,Mediterranean Sea; North Atlantic Ocean,Fair,0.0
Porto Da Praia,Cabo Verde,14.916667,-23.516667,Small,North Atlantic Ocean,Fair,0.0
Port De Salvador,Brazil,-12.966667,-38.516667,Medium,South Atlantic Ocean,Good,0.0
Porto Do Forno,Brazil,-22.966667,-42.016667,Very Small,South Atlantic Ocean,Fair,0.0
Puerto De Pasajes,Spain,43.333333,-1.933333,Medium,Bay of Biscay; North Atlantic Ocean,Fair,0.0
Carteret,United States,40.583333,-74.216667,Small,North Atlantic Ocean,Good,0.0
New York City,United States,40.7,-74.016667,Large,North Atlantic Ocean,Excellent,0.0
Brooklyn,United States,40.666667,-74.016667,Large,North Atlantic Ocean,Excellent,0.0
City Island,United States,40.85,-73.783333,Very Small,North Atlantic Ocean,Good,0.0
Nagasaki,Japan,32.716667,129.85,Large,East China Sea; North Pacific Ocean,Fair,0.0
Misumi Ko,Japan,32.6,130.466667,Small,East China Sea; North Pacific Ocean,Fair,0.0
Kagoshima Ko,Japan,31.583333,130.566667,Medium,East China Sea; North Pacific Ocean,Good,0.0
Beppu,Japan,33.316667,131.516667,Very Small,Korea Strait; North Pacific Ocean,Fair,0.0
Kanda,Japan,33.783333,131.016667,Very Small,Korea Strait; North Pacific Ocean,Good,0.0
Niihama,Japan,33.983333,133.283333,Small,Sea of Japan; North Pacific Ocean,Fair,0.0
Muturezima Ko,Japan,33.966667,130.866667,Small,Korea Strait; North Pacific Ocean,Poor,0.0
Habu Ko,Japan,34.283333,133.183333,Very Small,Sea of Japan; North Pacific Ocean,Fair,0.0
Hibi Ko,Japan,34.45,133.933333,Very Small,Sea of Japan; North Pacific Ocean,Fair,0.0
Aioi,Japan,34.783333,134.466667,Very Small,Sea of Japan; North Pacific Ocean,Fair,0.0
Himeji,Japan,34.75,134.633333,Medium,Sea of Japan; North Pacific Ocean,Fair,0.0
Kobe,Japan,34.65,135.183333,Large,Sea of Japan; North Pacific Ocean,Good,0.0
Iloilo,Philippines,10.7,122.583333,Very Small,Philippine inland seas; North Pacific Ocean,Good,0.0
Cebu,Philippines,10.3,123.9,Large,Philippine inland seas; North Pacific Ocean,Excellent,0.0
Kisarazu Ko,Japan,35.366667,139.883333,Very Small,North Pacific Ocean,Fair,0.0
Lawi Lawi Oil Terminal,Indonesia,-1.45,116.766667,Small,Makassar Strait; South Pacific Ocean,Poor,0.0
Lutong,Malaysia,4.466667,114.0,Small,South China Sea; North Pacific Ocean,Fair,0.0
Al Rayyan Terminal,Qatar,26.65,51.55,Very Small,Persian Gulf; Indian Ocean,,0.0
As Suways,Egypt,29.966667,32.55,Large,Gulf of Suez; Red Sea; Indian Ocean,Good,0.0
Dar Es Salaam,Tanzania,-6.816667,39.3,Medium,Indian Ocean,Excellent,0.0
Mtwara,Tanzania,-10.266667,40.2,Very Small,Indian Ocean,Good,0.0
Beira,Mozambique,-19.833333,34.833333,Medium,Mozambique Channel; Indian Ocean,Good,0.0
Maputo,Mozambique,-25.962777778,32.544722222,Medium,Indian Ocean,Excellent,0.0
Durban,South Africa,-29.866667,31.066667,Large,Indian Ocean,Excellent,350.0
East London,South Africa,-33.033333,27.916667,Small,Indian Ocean,Excellent,0.0
Oran,Algeria,35.7,-0.633333,Large,Mediterranean Sea; North Atlantic Ocean,Excellent,0.0
Bejaia,Algeria,36.75,5.083333,Small,Mediterranean Sea; North Atlantic Ocean,Good,0.0
Izmir,Turkey,38.433333,27.133333,Large,Aegean Sea; Mediterranean Sea; North Atlantic Ocean,Fair,0.0
Jakarta,Indonesia,-6.1,106.883333,Large,Java Sea; South Pacific Ocean,Excellent,0.0
Belawan,Indonesia,3.783333,98.683333,Medium,Strait of Malacca; Indian Ocean,Good,0.0
Durres,Albania,41.316667,19.45,Small,Adriatic Sea; Mediterranean Sea; North Atlantic Ocean,Fair,0.0
Bar,Montenegro,42.083333,19.083333,Small,Adriatic Sea; Mediterranean Sea; North Atlantic Ocean,Fair,0.0
Kotor,Montenegro,42.416667,18.766667,Very Small,Adriatic Sea; Mediterranean Sea; North Atlantic Ocean,Fair,0.0
Bakar,Croatia,45.3,14.533333,Small,Adriatic Sea; Mediterranean Sea; North Atlantic Ocean,Fair,0.0
Brindisi,Italy,40.65,17.983333,Large,Adriatic Sea; Mediterranean Sea; North Atlantic Ocean,Fair,0.0
Gallipoli,Italy,40.06,17.984,Medium,Golfo di Taranto; Mediterranean Sea; North Atlantic Ocean,Excellent,0.0
Milazzo,Italy,38.216667,15.25,Medium,Tyrrhenian Sea; Mediterranean Sea; North Atlantic Ocean,Excellent,0.0
Bagnoli,Italy,40.81,14.158,Small,Tyrrhenian Sea; Mediterranean Sea; North Atlantic Ocean,Poor,0.0
La Spezia,Italy,44.1,9.833333,Large,Ligurian Sea; Mediterranean Sea; North Atlantic Ocean,Good,0.0
Genova,Italy,44.398,8.922,Large,Ligurian Sea; Mediterranean Sea; North Atlantic Ocean,Excellent,0.0
L'ile Rousse,France,42.633333,8.933333,Very Small,Ligurian Sea; Mediterranean Sea; North Atlantic Ocean,Fair,0.0
Marseille,France,43.316667,5.366667,Small,Gulf of Lion; Mediterranean Sea; North Atlantic Ocean,Excellent,0.0
Barcelona,Spain,41.35,2.166667,Large,Mediterranean Sea; North Atlantic Ocean,Good,0.0
Cartagena,Spain,37.583333,-0.983333,Small,Mediterranean Sea; North Atlantic Ocean,Fair,0.0
Angra Do Heroismo,Portugal,38.65,-27.216667,Very Small,North Atlantic Ocean,Fair,0.0
Horta,Portugal,38.533333,-28.633333,Small,North Atlantic Ocean,Fair,0.0
Aveiro,Portugal,40.65,-8.65,Medium,North Atlantic Ocean,Good,0.0
Marin,Spain,42.4,-8.7,Small,North Atlantic Ocean,Good,0.0
Boston,United States,42.35,-71.05,Large,North Atlantic Ocean,Excellent,0.0
Gloucester,United States,39.9,-75.13333299999998,Small,North Atlantic Ocean,Good,0.0
Bath,United States,43.916667,-69.816667,Small,North Atlantic Ocean,Good,0.0
La Rochelle,France,46.15,-1.15,Medium,Bay of Biscay; North Atlantic Ocean,Excellent,0.0
La Pallice,France,46.166667,-1.216667,Medium,Bay of Biscay; North Atlantic Ocean,Excellent,0.0
Corpus Christi,United States,27.816667,-97.4,Medium,Gulf of Mexico; North Atlantic Ocean,Good,0.0
Orange,United States,30.083333,-93.733333,Very Small,Gulf of Mexico; North Atlantic Ocean,,0.0
Lake Charles,United States,30.216667,-93.25,Small,Gulf of Mexico; North Atlantic Ocean,,0.0
Morgan City,United States,29.7,-91.216667,Very Small,Gulf of Mexico; North Atlantic Ocean,,0.0
Loop Terminal,United States,28.883333,-90.016667,Large,Gulf of Mexico; North Atlantic Ocean,Fair,0.0
Gulfport,United States,30.35,-89.08333299999998,Small,Gulf of Mexico; North Atlantic Ocean,Excellent,0.0
Apalachicola,United States,29.716667,-84.983333,Very Small,Gulf of Mexico; North Atlantic Ocean,,0.0
Boca Grande,United States,26.7,-82.33333299999998,Very Small,Gulf of Mexico; North Atlantic Ocean,Excellent,0.0
Clayton,United States,44.233333,-76.04999999999998,Very Small,Lake Ontario; Great Lakes,Excellent,0.0
Ogdensburg,United States,44.7,-75.5,Small,Lake Ontario; Great Lakes,Excellent,0.0
Montreal,Canada,45.516667,-73.54999999999998,Large,Lake Ontario; Great Lakes,Good,0.0
Mount Desert,United States,44.366667,-68.333333,Very Small,North Atlantic Ocean,Fair,0.0
Islas Hormigas,Spain,37.65,-0.65, ,Mediterranean Sea; North Atlantic Ocean,Unknown,0.0
Las Hormigas,Spain,41.866667,3.183333, ,Mediterranean Sea; North Atlantic Ocean,Unknown,0.0
Castellammare Di Stabia,Italy,40.7,14.476,Very Small,Tyrrhenian Sea; Mediterranean Sea; North Atlantic Ocean,Good,0.0
Licata,Italy,37.092,13.936,Small,Mediterranean Sea; North Atlantic Ocean,Poor,0.0
Marsaxlokk,Malta,35.816667,14.55,Small,Mediterranean Sea; North Atlantic Ocean,Good,0.0
Gemlik,Turkey,40.416667,29.116667,Very Small,Sea of Marmara; Mediterranean Sea; North Atlantic Ocean,Fair,0.0
Lhokseumawe,Indonesia,5.25,97.116667,Very Small,Andaman Sea; Indian Ocean,Fair,0.0
Belida Marine Terminal,Indonesia,4.133333,105.133333,Very Small,South China Sea; North Pacific Ocean,Poor,0.0
Canakkale,Turkey,40.15,26.4,Small,Sea of Marmara; Mediterranean Sea; North Atlantic Ocean,Good,0.0
Iskenderun,Turkey,36.6,36.166667,Very Small,Mediterranean Sea; North Atlantic Ocean,Fair,0.0
Hadera,Israel,32.466667,34.9,Very Small,Mediterranean Sea; North Atlantic Ocean,Unknown,0.0
Duba Bulk Plant Tanker Terminal,Saudi Arabia,27.316667,35.9,Very Small,Red Sea; Indian Ocean,Poor,0.0
Kashima Ko,Japan,35.933333,140.7,Small,North Pacific Ocean,Excellent,0.0
Mishima-Kawanoe Ko,Japan,34.0,133.55,Small,Sea of Japan; North Pacific Ocean,Fair,0.0
Norwalk,United States,41.1,-73.416667,Very Small,North Atlantic Ocean,Excellent,0.0
Cardinal,Canada,44.783333,-75.38333299999998,Very Small,Lake Ontario; Great Lakes,Excellent,0.0
Haymark Terminal,United States,30.133333,-93.316667,Very Small,Gulf of Mexico; North Atlantic Ocean,,0.0
Grand Isle,United States,29.233333,-90.0,Very Small,Gulf of Mexico; North Atlantic Ocean,,0.0
Kymassi,Greece,38.833333,23.466667,Very Small,Aegean Sea; Mediterranean Sea; North Atlantic Ocean,Fair,0.0
Malaga,Spain,36.716667,-4.416667,Medium,Mediterranean Sea; North Atlantic Ocean,Good,0.0
Gingoog,Philippines,8.833333,125.1,Very Small,Bohol Sea; Philippine inland seas; North Pacific Ocean,Poor,0.0
Antibes,France,43.583333,7.133333,Very Small,Mediterranean Sea; North Atlantic Ocean,Good,0.0
Bastia,France,42.7,9.45,Very Small,Ligurian Sea; Mediterranean Sea; North Atlantic Ocean,Fair,0.0
Calvi,France,42.566667,8.75,Very Small,Ligurian Sea; Mediterranean Sea; North Atlantic Ocean,Fair,0.0
Carloforte,Italy,39.147,8.317,Very Small,Mediterranean Sea; North Atlantic Ocean,Fair,0.0
Gioia Tauro,Italy,38.444,15.89,Large,Tyrrhenian Sea; Mediterranean Sea; North Atlantic Ocean,Fair,0.0
Gela,Italy,37.066667,14.25,Very Small,Mediterranean Sea; North Atlantic Ocean,Poor,0.0
Catania,Italy,37.5,15.1,Medium,Mediterranean Sea; North Atlantic Ocean,Fair,0.0
Brsica,Croatia,45.033333,14.05,Very Small,Adriatic Sea; Mediterranean Sea; North Atlantic Ocean,Good,0.0
Khalifa Bin Salman,Bahrain,26.25,50.75,Medium,Persian Gulf; Indian Ocean,Fair,0.0
Lumut,Malaysia,4.233333,100.633333,Very Small,Strait of Malacca; Indian Ocean,Fair,0.0
Celukan Bawang,Indonesia,-8.183333,114.833333,Small,Bali Sea; Java Sea; South Pacific Ocean,Fair,0.0
Benoa,Indonesia,-8.75,115.216667,Very Small,Indian Ocean,Fair,0.0
Kemaman Harbor,Malaysia,4.25,103.466667,Very Small,South China Sea; North Pacific Ocean,Good,0.0
Kuala Trengganu,Malaysia,5.35,103.133333,Very Small,South China Sea; North Pacific Ocean,Good,0.0
Mikindani,Tanzania,-10.266667,40.133333,Very Small,Indian Ocean,Fair,0.0
Baraawe,Somalia,1.1,44.05,Very Small,Indian Ocean,Fair,0.0
Moroni,Comoros,-11.7,43.25,Very Small,Mozambique Channel; Indian Ocean,Poor,0.0
Bakapit,Malaysia,4.95,118.583333,Very Small,Celebes Sea; North Pacific Ocean,Fair,0.0
Chiba Ko,Japan,35.583333,140.066667,Small,North Pacific Ocean,Good,0.0
Atsumi,Japan,34.666667,137.066667,Very Small,Sea of Japan; North Pacific Ocean,Poor,0.0
Kinuura Ko,Japan,34.85,136.95,Small,Sea of Japan; North Pacific Ocean,Fair,0.0
Morlaix,France,48.583333,-3.833333,Small,English Channel; North Atlantic Ocean,Good,0.0
Gardiner,United States,44.233333,-69.766667,Very Small,North Atlantic Ocean,Good,0.0
Cundy Harbor,United States,43.783333,-69.9,Very Small,North Atlantic Ocean,Fair,0.0
Gamagori Ko,Japan,34.816667,137.216667,Small,Sea of Japan; North Pacific Ocean,Good,0.0
Matsusaka,Japan,34.6,136.566667,Small,Sea of Japan; North Pacific Ocean,Fair,0.0
Napier,New Zealand,-39.483333,176.916667,Small,South Pacific Ocean,Fair,0.0
Dumaguete,Philippines,9.316667,123.3,Very Small,Bohol Sea; Philippine inland seas; North Pacific Ocean,Good,0.0
Jordan,Philippines,10.666667,122.583333,Very Small,Philippine inland seas; North Pacific Ocean,Good,0.0
Iligan,Philippines,8.233333,124.233333,Very Small,Bohol Sea; Philippine inland seas; North Pacific Ocean,Fair,0.0
Butuan City,Philippines,8.95,125.533333,Very Small,Bohol Sea; Philippine inland seas; North Pacific Ocean,Excellent,0.0
Dagu Tanggu,China,38.966667,117.666667,Very Small,Bo Hai; Yellow Sea; North Pacific Ocean,Fair,0.0
Mudanya,Turkey,40.383333,28.883333,Very Small,Sea of Marmara; Mediterranean Sea; North Atlantic Ocean,Poor,0.0
Bandirma,Turkey,40.35,27.966667,Very Small,Sea of Marmara; Mediterranean Sea; North Atlantic Ocean,Fair,0.0
Karabiga,Turkey,40.4,27.316667,Very Small,Sea of Marmara; Mediterranean Sea; North Atlantic Ocean,Fair,0.0
Limassol,Cyprus,34.666667,33.05,Small,Mediterranean Sea; North Atlantic Ocean,Fair,0.0
Haifa,Israel,32.816667,35.0,Medium,Mediterranean Sea; North Atlantic Ocean,Good,0.0
Mersa Matruh,Egypt,31.35,27.233333,Very Small,Mediterranean Sea; North Atlantic Ocean,Fair,0.0
Marsa Sabratah,Libya,32.816667,12.5,Very Small,Mediterranean Sea; North Atlantic Ocean,,0.0
Kizomba A Terminal,Angola,-6.316667,11.05,Very Small,South Atlantic Ocean,Poor,0.0
Al Basrah,Iraq,30.516667,47.833333,Medium,Persian Gulf; Indian Ocean,Good,0.0
Khawr Al Zubair,Iraq,30.183333,47.9,Very Small,Persian Gulf; Indian Ocean,Fair,0.0
Abadan,Iran,30.333333,48.283333,Medium,Persian Gulf; Indian Ocean,Good,0.0
Khosrowabad,Iran,30.166667,48.416667,Very Small,Persian Gulf; Indian Ocean,Good,0.0
Mergui,Burma,12.433333,98.6,Small,Andaman Sea; Indian Ocean,Excellent,0.0
Kantang Harbor,Thailand,7.4,99.516667,Very Small,Andaman Sea; Indian Ocean,Good,0.0
Blanglancang,Indonesia,5.233333,97.1,Small,Andaman Sea; Indian Ocean,Fair,0.0
Bengkalis,Indonesia,1.466667,102.1,Very Small,Strait of Malacca; Indian Ocean,Good,0.0
Gulluk,Turkey,37.25,27.616667,Very Small,Aegean Sea; Mediterranean Sea; North Atlantic Ocean,Fair,0.0
Kusadasi,Turkey,37.866667,27.25,Very Small,Aegean Sea; Mediterranean Sea; North Atlantic Ocean,Poor,0.0
Marmaris,Turkey,36.85,28.283333,Very Small,Mediterranean Sea; North Atlantic Ocean,Poor,0.0
Leonardo,United States,40.433333,-74.06666699999998,Small,North Atlantic Ocean,Fair,0.0
Coteau Landing,Canada,45.25,-74.2,Very Small,Lake Ontario; Great Lakes,Excellent,0.0
Cornwall,Canada,45.016667,-74.733333,Very Small,Lake Ontario; Great Lakes,Excellent,0.0
Lower Lakes Terminal,Canada,44.733333,-75.466667,Small,Lake Ontario; Great Lakes,Excellent,0.0
Ensenada Honda,Puerto Rico,18.233333,-65.633333,Medium,Caribbean Sea; North Atlantic Ocean,Fair,0.0
Ashtart Oil Terminal,Tunisia,34.283333,11.383333,Small,Mediterranean Sea; North Atlantic Ocean,Fair,0.0
Menzel Bourguiba,Tunisia,37.15,9.8,Small,Mediterranean Sea; North Atlantic Ocean,Good,0.0
Mers El Kebir,Algeria,35.733333,-0.7,Small,Mediterranean Sea; North Atlantic Ocean,Good,0.0
El Jorf Lasfar,Morocco,33.116667,-8.616667,Small,North Atlantic Ocean,Fair,0.0
Kizomba B Terminal,Angola,-6.35,11.15,Very Small,South Atlantic Ocean,Poor,0.0
Estrela Oil Field,Angola,-6.45,12.4,Small,South Atlantic Ocean,Poor,0.0
Ibo,Mozambique,-12.333333,40.616667,Very Small,Mozambique Channel; Indian Ocean,Fair,0.0
Mahajanga,Madagascar,-15.716667,46.3,Very Small,Mozambique Channel; Indian Ocean,Fair,0.0
Beshayer Oil Terminal,Sudan,19.4,37.316667,Medium,Red Sea; Indian Ocean,Unknown,0.0
El Ismailiya,Egypt,30.583333,32.283333,Small,Suez Canal; Red Sea; Indian Ocean,Excellent,0.0
Bandar Seri Begawan,Brunei,4.883333,114.883333,Small,South China Sea; North Pacific Ocean,Good,0.0
Katsunan Ko,Japan,35.666667,139.983333,Small,North Pacific Ocean,Good,0.0
Funabashi,Japan,35.666667,139.95,Very Small,North Pacific Ocean,Fair,0.0
Mikawa,Japan,34.716667,137.3,Large,North Pacific Ocean,Good,0.0
Gisborne,New Zealand,-38.666667,178.033333,Small,South Pacific Ocean,Good,0.0
Chiwan,China,19.966667,110.033333,Very Small,Gulf of Tonkin; South China Sea; North Pacific Ocean,Fair,0.0
Hondagua,Philippines,13.95,122.233333,Very Small,Philippine inland seas; North Pacific Ocean,Fair,0.0
O0kihama,Japan,34.75,134.566667,Very Small,Sea of Japan; North Pacific Ocean,Fair,0.0
Mizushima Ko,Japan,34.5,133.75,Medium,Sea of Japan; North Pacific Ocean,Good,0.0
Hiroshima,Japan,34.35,132.466667,Medium,Sea of Japan; North Pacific Ocean,Fair,0.0
Kudamatsu,Japan,34.0,131.866667,Small,Sea of Japan; North Pacific Ocean,Good,0.0
Hikari,Japan,33.95,131.933333,Small,Sea of Japan; North Pacific Ocean,Fair,0.0
Fukui,Japan,36.066667,136.2,Very Small,Sea of Japan; North Pacific Ocean,Poor,0.0
Mega,Japan,34.783333,134.7,Very Small,Sea of Japan; North Pacific Ocean,Excellent,0.0
Hannan Ko,Japan,34.466667,135.35,Small,Sea of Japan; North Pacific Ocean,Fair,0.0
Kochi Ko,Japan,33.5,133.566667,Medium,Sea of Japan; North Pacific Ocean,Poor,0.0
Marugame Ko,Japan,34.3,133.783333,Very Small,Sea of Japan; North Pacific Ocean,Fair,0.0
Hakata,Japan,33.6,130.4,Medium,Korea Strait; North Pacific Ocean,Good,0.0
Naha Ko,Japan,26.216667,127.683333,Small,East China Sea; North Pacific Ocean,Good,0.0
Honfleur,France,49.416667,0.216667,Very Small,English Channel; North Atlantic Ocean,Good,0.0
Granville,France,48.833333,-1.6,Very Small,English Channel; North Atlantic Ocean,Fair,0.0
Les Sables D' Olonne,France,46.5,-1.8,Medium,Bay of Biscay; North Atlantic Ocean,Fair,0.0
Miliana,Greece,39.166667,23.216667,Very Small,Aegean Sea; Mediterranean Sea; North Atlantic Ocean,Good,0.0
Mahon,Spain,39.883333,4.266667,Very Small,Mediterranean Sea; North Atlantic Ocean,Poor,0.0
Cannes,France,43.55,7.016667,Small,Mediterranean Sea; North Atlantic Ocean,Good,0.0
Olbia,Italy,40.925,9.528,Small,Tyrrhenian Sea; Mediterranean Sea; North Atlantic Ocean,Poor,0.0
Neum,Bosnia and Herzegovina,42.916667,17.6,Small,Adriatic Sea; Mediterranean Sea; North Atlantic Ocean,Unknown,0.0
Kalimnos,Greece,36.95,26.983333,Very Small,Aegean Sea; Mediterranean Sea; North Atlantic Ocean,Poor,0.0
Gelibolu,Turkey,40.4,26.666667,Very Small,Sea of Marmara; Mediterranean Sea; North Atlantic Ocean,Fair,0.0
Bais,Philippines,9.6,123.116667,Very Small,Philippine inland seas; North Pacific Ocean,Good,0.0
Masao,Philippines,9.0,125.416667,Very Small,Bohol Sea; Philippine inland seas; North Pacific Ocean,Poor,0.0
Cagayan De Oro,Philippines,8.5,124.666667,Medium,Bohol Sea; Philippine inland seas; North Pacific Ocean,Good,0.0
Hirohata,Japan,34.766667,134.633333,Very Small,Sea of Japan; North Pacific Ocean,Fair,0.0
Higashi-Harima,Japan,34.7,134.833333,Medium,Sea of Japan; North Pacific Ocean,Good,0.0
Kakogawa,Japan,34.7,134.833333,Very Small,Sea of Japan; North Pacific Ocean,Fair,0.0
Fukuyama,Japan,34.433333,133.433333,Medium,Sea of Japan; North Pacific Ocean,Good,0.0
Onomichi-Itozaki,Japan,34.383333,133.166667,Large,Sea of Japan; North Pacific Ocean,Good,0.0
Kanokawa Ko,Japan,34.183333,132.433333,Very Small,Sea of Japan; North Pacific Ocean,Good,0.0
Onoda,Japan,34.0,131.183333,Small,Korea Strait; North Pacific Ocean,Good,0.0
Oita Ko,Japan,33.25,131.666667,Very Small,Korea Strait; North Pacific Ocean,Fair,0.0
Minamata Ko,Japan,32.2,130.383333,Very Small,East China Sea; North Pacific Ocean,Fair,0.0
Miike Ko,Japan,33.0,130.416667,Small,East China Sea; North Pacific Ocean,Good,0.0
Karatsu,Japan,33.483333,129.966667,Small,Korea Strait; North Pacific Ocean,Good,0.0
Hirara Ko,Japan,24.8,125.283333,Very Small,East China Sea; North Pacific Ocean,Fair,0.0
Oleum,United States,38.05,-122.266667,Very Small,North Pacific Ocean,Excellent,0.0
Mossel Bay,South Africa,-34.174722222,22.146111111,Medium,Indian Ocean,Good,130.0
Sausalito,United States,37.85,-122.483333,Very Small,North Pacific Ocean,Good,0.0
Port Colborne,Canada,42.883333,-79.25,Small,Lake Erie; Great Lakes,Excellent,0.0
Rosarito,Mexico,32.366667,-117.1,Very Small,North Pacific Ocean,Poor,0.0
Pasadena,United States,29.716667,-95.216667,Very Small,Gulf of Mexico; North Atlantic Ocean,Good,0.0
Port Manatee,United States,27.633333,-82.56666699999998,Small,Gulf of Mexico; North Atlantic Ocean,Unknown,0.0
Sacramento,United States,38.583333,-121.5,Small,North Pacific Ocean,Excellent,0.0
Tampa,United States,27.916667,-82.45,Medium,Gulf of Mexico; North Atlantic Ocean,Excellent,0.0
Port Oconnor,United States,28.45,-96.4,Very Small,Gulf of Mexico; North Atlantic Ocean,Good,0.0
Walnut Grove,United States,38.233333,-121.516667,Very Small,North Pacific Ocean,Excellent,0.0
Port Everglades,United States,26.1,-80.116667,Medium,North Atlantic Ocean,Excellent,0.0
Port Weller,Canada,43.233333,-79.216667,Small,Lake Ontario; Great Lakes,Excellent,0.0
Port Hueneme,United States,34.15,-119.2,Very Small,North Pacific Ocean,Excellent,0.0
Welland,Canada,43.0,-79.25,Small,Lake Erie; Great Lakes,Good,0.0
Savannah,United States,32.083333,-81.08333299999998,Medium,North Atlantic Ocean,Good,0.0
Sorel,Canada,46.05,-73.116667,Small,Gulf of Saint Lawrence; North Atlantic Ocean,Good,0.0
Port San Juan De La Juan,Chile,-53.633333,-70.916667,Very Small,South Pacific Ocean,Fair,0.0
Richards Bay,South Africa,-28.81,32.098333333,Medium,Indian Ocean,Fair,300.0
Kokura Ko,Japan,33.883333,130.883333,Small,Korea Strait; North Pacific Ocean,Good,0.0
Omisalj,Croatia,45.216667,14.55,Small,Adriatic Sea; Mediterranean Sea; North Atlantic Ocean,Fair,0.0
Messina,Italy,38.2,15.566667,Large,Mediterranean Sea; North Atlantic Ocean,Excellent,0.0
Contrecour,Canada,45.883333,-73.2,Very Small,Gulf of Saint Lawrence; North Atlantic Ocean,Unknown,0.0
Le Legue,France,48.533333,-2.75,Very Small,English Channel; North Atlantic Ocean,Good,0.0
Al Iskandariyh (Alexandria),Egypt,31.166667,29.833333,Large,Mediterranean Sea; North Atlantic Ocean,Good,0.0
Kingston,Canada,44.233333,-76.5,Very Small,Lake Ontario; Great Lakes,Excellent,0.0
Khios,Greece,38.366667,26.133333,Very Small,Aegean Sea; Mediterranean Sea; North Atlantic Ocean,Good,0.0
Ayios Nikolaos,Greece,35.2,25.716667,Very Small,Aegean Sea; Mediterranean Sea; North Atlantic Ocean,Unknown,130.0
Limin Kos,Greece,36.9,27.283333,Very Small,Aegean Sea; Mediterranean Sea; North Atlantic Ocean,Poor,0.0
Fomboni,Comoros,-12.266667,43.75,Very Small,Mozambique Channel; Indian Ocean,Fair,0.0
Huangpuxingang,China,23.05,113.5,Small,South China Sea; North Pacific Ocean,Good,0.0
Acajutla Offshore Terminal,El Salvador,13.583333,-89.866667,Very Small,North Pacific Ocean,Fair,0.0
Beauharnois,Canada,45.316667,-73.88333299999998,Very Small,Lake Ontario; Great Lakes,Excellent,0.0
Damietta,Egypt,31.483333,31.75,Large,Mediterranean Sea; North Atlantic Ocean,Good,0.0
Moutsamoudu,Comoros,-12.15,44.4,Very Small,Indian Ocean,Fair,0.0
Dzaoudzi,Comoros,-12.783333,45.25,Very Small,Mozambique Channel; Indian Ocean,Poor,0.0
Pilos,Greece,36.9,21.666667,Very Small,Mediterranean Sea; North Atlantic Ocean,Fair,0.0
Xeros,Cyprus,35.133333,32.833333,Very Small,Mediterranean Sea; North Atlantic Ocean,Fair,0.0
St Nazaire,France,47.283333,-2.2,Medium,Bay of Biscay; North Atlantic Ocean,Excellent,0.0
Zaliv Rasa,Croatia,45.05,14.066667,Very Small,Adriatic Sea; Mediterranean Sea; North Atlantic Ocean,Fair,0.0
Port Saint Louis Du Rhone,France,43.383333,4.816667,Small,Gulf of Lion; Mediterranean Sea; North Atlantic Ocean,Fair,0.0
Pithagorion,Greece,37.683333,26.95,Very Small,Aegean Sea; Mediterranean Sea; North Atlantic Ocean,Fair,0.0
Rada De Arica,Chile,-18.466667,-70.333333,Small,South Pacific Ocean,Poor,0.0
Port D' Ajaccio,France,41.916667,8.75,Small,Mediterranean Sea; North Atlantic Ocean,Fair,0.0
St Anicet,Canada,45.133333,-74.366667,Very Small,Lake Ontario; Great Lakes,Excellent,0.0
Port Of Le Havre,France,49.483333,0.116667,Large,English Channel; North Atlantic Ocean,Excellent,0.0
Port De Propriano,France,41.683333,8.9,Very Small,Mediterranean Sea; North Atlantic Ocean,Good,0.0
St Zotique,Canada,45.25,-74.25,Very Small,Lake Ontario; Great Lakes,Excellent,0.0
Wolfe Island,Canada,44.2,-76.433333,Very Small,Lake Ontario; Great Lakes,Excellent,0.0
South Lancaster,Canada,45.133333,-74.5,Very Small,Lake Ontario; Great Lakes,Excellent,0.0
Zeit Bay Terminal,Egypt,27.833333,33.6,Small,Gulf of Suez; Red Sea; Indian Ocean,Fair,0.0
Ras Abu Zanimah,Egypt,29.033333,33.116667,Small,Gulf of Suez; Red Sea; Indian Ocean,Fair,0.0
Hibikinada,Japan,33.933333,130.833333,Very Small,Korea Strait; North Pacific Ocean,Fair,0.0
Nagoya Ko,Japan,35.066667,136.866667,Large,Sea of Japan; North Pacific Ocean,Good,0.0
Banghazi,Libya,32.116667,20.05,Medium,Mediterranean Sea; North Atlantic Ocean,Good,0.0
Khawr Al Amaya,Iraq,29.783333,48.8,Very Small,Persian Gulf; Indian Ocean,Poor,0.0
Mina Abd Allah,Kuwait,29.016667,48.166667,Small,Persian Gulf; Indian Ocean,Fair,0.0
Augusta,Italy,37.216667,15.233333,Medium,Mediterranean Sea; North Atlantic Ocean,Fair,0.0
Bouri Oil Field,Libya,33.9,12.65,Very Small,Mediterranean Sea; North Atlantic Ocean,Poor,0.0
Kamsar,Guinea,10.633333,-14.616667,Very Small,North Atlantic Ocean,Fair,0.0
Benti,Guinea,9.166667,-13.2,Very Small,North Atlantic Ocean,Good,0.0
Mina Al Ahmadi,Kuwait,29.066667,48.166667,Medium,Persian Gulf; Indian Ocean,Fair,0.0
Jask,Iran,25.633333,57.766667,Very Small,Gulf of Oman; Indian Ocean,Unknown,0.0
Larantuka,Indonesia,-8.35,122.983333,Very Small,Savu Sea; Indian Ocean,Good,0.0
Ashqelon,Israel,31.666667,34.5,Very Small,Mediterranean Sea; North Atlantic Ocean,Fair,0.0
Mersa Tobruq,Libya,32.083333,23.983333,Small,Mediterranean Sea; North Atlantic Ocean,Good,0.0
Mina Tarabulus (Tripoli),Libya,32.9,13.183333,Medium,Mediterranean Sea; North Atlantic Ocean,Good,0.0
Khawr Al Zubair Lng Terminal,Iraq,30.133333,47.916667,Very Small,Persian Gulf; Indian Ocean,Fair,0.0
Jazireh-Ye Hormoz,Iran,27.1,56.45,Very Small,Strait of Hormuz; Indian Ocean,Fair,0.0
Jazireh-Ye Sirri,Iran,25.9,54.55,Small,Persian Gulf; Indian Ocean,Fair,0.0
Kuala Tanjung,Indonesia,3.366667,99.483333,Very Small,Strait of Malacca; Indian Ocean,Poor,0.0
Baubau,Indonesia,-5.466667,122.616667,Very Small,Banda Sea; South Pacific Ocean,Good,0.0
Mitsukojima,Japan,34.183333,132.516667,Very Small,Sea of Japan; North Pacific Ocean,Fair,0.0
Sungaipakning,Indonesia,1.35,102.166667,Small,Strait of Malacca; Indian Ocean,Fair,0.0
Tg. Mani,Malaysia,2.15,111.35,Very Small,South China Sea; North Pacific Ocean,Fair,0.0
Tanjung Sangata,Indonesia,0.366667,117.566667,Very Small,Makassar Strait; South Pacific Ocean,Poor,0.0
Widuri Marine Terminal,Indonesia,-4.666667,106.65,Very Small,Java Sea; South Pacific Ocean,Poor,0.0
Muqdisho,Somalia,2.033333,45.35,Large,Indian Ocean,Fair,0.0
Marka,Somalia,1.716667,44.783333,Very Small,Indian Ocean,Fair,0.0
Forcados Oil Terminal,Nigeria,5.166667,5.183333,Very Small,Bight of Benin; Gulf of Guinea; North Atlantic Ocean,Poor,0.0
Jimenez,Philippines,8.333333,123.866667,Very Small,Bohol Sea; Philippine inland seas; North Pacific Ocean,Good,0.0
Map Ta Phut,Thailand,12.666667,101.166667,Very Small,Gulf of Thailand; South China Sea; North Pacific Ocean,Fair,0.0
Manukau Harbor,New Zealand,-36.933333,174.783333,Medium,Tasman Sea; South Pacific Ocean,Good,0.0
Saint-Pierre,Reunion,-21.35,55.466667,Very Small,Indian Ocean,Poor,0.0
Saint-Denis,Reunion,-20.866667,55.45,Very Small,Indian Ocean,Fair,0.0
Rufisque,Senegal,14.7,-17.283333,Very Small,North Atlantic Ocean,Fair,0.0
Port D Al Hoceima,Morocco,35.25,-3.916667,Very Small,Mediterranean Sea; North Atlantic Ocean,Poor,0.0
Palompon,Philippines,11.05,124.383333,Very Small,Philippine inland seas; North Pacific Ocean,Good,0.0
Rayong Tpi Terminal,Thailand,12.633333,101.3,Very Small,Gulf of Thailand; South China Sea; North Pacific Ocean,Poor,0.0
Banzart,Tunisia,37.283333,9.883333,Small,Mediterranean Sea; North Atlantic Ocean,Good,0.0
Ad Dakhla,Western Sahara,23.7,-15.916667,Very Small,North Atlantic Ocean,Good,0.0
Bahia De Pertigalete,Venezuela,10.233333,-64.566667,Small,Caribbean Sea; North Atlantic Ocean,Fair,0.0
Eceabat,Turkey,40.183333,26.366667,Very Small,Sea of Marmara; Mediterranean Sea; North Atlantic Ocean,Fair,0.0
Botas Dortyol Oil Terminal,Turkey,36.866667,36.133333,Very Small,Mediterranean Sea; North Atlantic Ocean,Poor,0.0
Houmt Souk,Tunisia,33.883333,10.85,Very Small,Mediterranean Sea; North Atlantic Ocean,,0.0
Mersa Sfax,Tunisia,34.733333,10.766667,Small,Mediterranean Sea; North Atlantic Ocean,Good,0.0
Duong Dong,Vietnam,10.216667,103.966667,Very Small,Gulf of Thailand; South China Sea; North Pacific Ocean,Fair,0.0
Tabarka,Tunisia,36.966667,8.766667,Very Small,Mediterranean Sea; North Atlantic Ocean,Fair,0.0
Bedi,India,22.573055556,70.045555556,Very Small,Arabian Sea; Indian Ocean,Good,0.0
Mundra,India,22.728333333,69.706666667,Small,Arabian Sea; Indian Ocean,,397.0
Okha,India,22.468055556,69.079722222,Very Small,Arabian Sea; Indian Ocean,Good,181.0
Chrome,United States,40.566667,-74.216667,Small,North Atlantic Ocean,Good,0.0
Bayway,United States,40.633333,-74.2,Very Small,North Atlantic Ocean,Good,0.0
Catskill,United States,42.216667,-73.84999999999998,Very Small,North Atlantic Ocean,Good,0.0
Kingston,United States,41.933333,-73.966667,Small,North Atlantic Ocean,Good,0.0
Newburgh,United States,41.5,-74.0,Very Small,North Atlantic Ocean,Good,0.0
Bass Harbor,United States,44.233333,-68.35,Very Small,North Atlantic Ocean,Fair,0.0
Mare Island,United States,38.1,-122.266667,Small,North Pacific Ocean,Excellent,0.0
Freeport,United States,28.95,-95.333333,Very Small,Gulf of Mexico; North Atlantic Ocean,Good,0.0
Biloxi,United States,30.383333,-88.88333299999998,Very Small,Gulf of Mexico; North Atlantic Ocean,Excellent,0.0
Bristol,United States,41.666667,-71.266667,Very Small,North Atlantic Ocean,Good,0.0
Gretna,United States,29.916667,-90.06666699999998,Very Small,Gulf of Mexico; North Atlantic Ocean,Excellent,0.0
Brooklin,United States,44.266667,-68.583333,Very Small,North Atlantic Ocean,Fair,0.0
North Haven,United States,44.133333,-68.866667,Very Small,North Atlantic Ocean,Good,0.0
Deepwater Point,United States,39.7,-75.516667,Very Small,North Atlantic Ocean,Good,0.0
Havre De Grace,United States,39.533333,-76.08333299999998,Very Small,North Atlantic Ocean,Good,0.0
Convent,United States,30.016667,-90.833333,Small,Gulf of Mexico; North Atlantic Ocean,Fair,0.0
Isleton,United States,38.166667,-121.6,Very Small,North Pacific Ocean,Excellent,0.0
Augusta,United States,44.316667,-69.766667,Very Small,North Atlantic Ocean,Good,0.0
Beverly,United States,42.533333,-70.883333,Very Small,North Atlantic Ocean,Good,0.0
Courtland,United States,38.333333,-121.566667,Very Small,North Pacific Ocean,Excellent,0.0
Port St Joe,United States,29.816667,-85.31666699999998,Small,Gulf of Mexico; North Atlantic Ocean,,0.0
St Rose,United States,29.95,-90.316667,Very Small,Gulf of Mexico; North Atlantic Ocean,,0.0
Port Aransas,United States,27.833333,-97.05,Very Small,Gulf of Mexico; North Atlantic Ocean,Good,0.0
Port Ingleside,United States,27.816667,-97.183333,Very Small,Gulf of Mexico; North Atlantic Ocean,Good,0.0
Swans Island,United States,44.133333,-68.45,Very Small,North Atlantic Ocean,Good,0.0
Santa Cruz,United States,36.966667,-122.016667,Very Small,North Pacific Ocean,Fair,0.0
Reserve,United States,30.05,-90.55,Very Small,Gulf of Mexico; North Atlantic Ocean,,0.0
Point Richmond,United States,37.916667,-122.366667,Small,North Pacific Ocean,Excellent,0.0
Sorrento,United States,44.466667,-68.183333,Very Small,North Atlantic Ocean,Fair,0.0
St. James,United States,29.9792,-90.8275,Small,Gulf of Mexico; North Atlantic Ocean,Fair,0.0
Stockton,United States,37.95,-121.3,Small,North Pacific Ocean,Excellent,0.0
South Bristol,United States,43.866667,-69.55,Very Small,North Atlantic Ocean,Fair,0.0
Rio Vista,United States,38.15,-121.7,Very Small,North Pacific Ocean,Excellent,0.0
Thomaston,United States,44.066667,-69.183333,Very Small,North Atlantic Ocean,Good,0.0
South Harpswell,United States,43.733333,-70.016667,Very Small,North Atlantic Ocean,Fair,0.0
Pismo Beach,United States,35.133333,-120.65,Very Small,North Pacific Ocean,Fair,0.0
Point San Pablo,United States,37.966667,-122.433333,Very Small,North Pacific Ocean,Excellent,0.0
Southwest Harbor,United States,44.283333,-68.316667,Very Small,North Atlantic Ocean,Good,0.0
Sewaren,United States,40.55,-74.25,Very Small,North Atlantic Ocean,Good,0.0
Pinole Point,United States,38.016667,-122.366667,Very Small,North Pacific Ocean,Good,0.0
Southport,United States,41.133333,-73.283333,Very Small,North Atlantic Ocean,Good,0.0
Weehawken,United States,40.766667,-74.016667,Small,North Atlantic Ocean,Good,0.0
Rensselaer,United States,42.65,-73.75,Very Small,North Atlantic Ocean,Good,0.0
Poughkeepsie,United States,41.7,-73.95,Very Small,North Atlantic Ocean,Good,0.0
Yonkers,United States,40.933333,-73.9,Small,North Atlantic Ocean,Excellent,0.0
Kiire,Japan,31.383333,130.55,Very Small,East China Sea; North Pacific Ocean,Fair,458.0
Lagos,Nigeria,6.4,3.4,Large,Bight of Benin; Gulf of Guinea; North Atlantic Ocean,Good,267.1
Khawr Fakkan,United Arab Emirates,25.362777778,56.368888889,Medium,Gulf of Oman; Indian Ocean,Fair,400.0
Isla San Marcos,Mexico,27.183333,-112.1,Very Small,Gulf of California; North Pacific Ocean,Poor,109.0
Rade De Brest,France,48.383333,-4.5,Large,North Atlantic Ocean,Excellent,0.0
Lagos,Portugal,37.1,-8.616667,Large,North Atlantic Ocean,Unknown,0.0
Puerto Vallarta,Mexico,20.616667,-105.266667,Small,North Pacific Ocean,Good,290.0
Santa Rosalia,Mexico,27.333333,-112.283333,Small,Gulf of California; North Pacific Ocean,Fair,240.0
Belfast,United States,44.416667,-69.0,Very Small,North Atlantic Ocean,Fair,0.0
Manzanillo,Mexico,19.05,-104.316667,Medium,North Pacific Ocean,Good,368.5
Merak Mas Terminal,Indonesia,-5.919166667,105.997222222,Medium,"Indian Ocean, Java Sea; South Pacific Ocean",Fair,0.0
La Paz,Mexico,24.166667,-110.316667,Small,Gulf of California; North Pacific Ocean,Good,100.0
Puerto Morro Redondo,Mexico,28.05,-115.183333,Very Small,North Pacific Ocean,Poor,295.0
Mina Qabus,Oman,23.633333,58.583333,Very Small,Gulf of Oman; Indian Ocean,Good,300.0
Gulfport SI,United States,40.633333,-74.2,Small,North Atlantic Ocean,Good,0.0
Cockburn Town,The Bahamas,24.05,-74.533333,Very Small,North Atlantic Ocean,Fair,0.0
Kin Wan,Japan,26.416667,127.9,Very Small,East China Sea; North Pacific Ocean,Poor,0.0
Mina Al Fahl,Oman,23.633333,58.516667,Small,Gulf of Oman; Indian Ocean,Poor,0.0
Nakagusuku,Japan,26.266667,127.916667,Small,East China Sea; North Pacific Ocean,Poor,0.0
Port Richmond SI,United States,40.65,-74.13333299999998,Small,North Atlantic Ocean,Good,0.0
Mazatlan,Mexico,23.2,-106.416667,Medium,North Pacific Ocean,Good,210.0
Acapulco,Mexico,16.85,-99.933333,Medium,North Pacific Ocean,Excellent,295.0
Lorient,France,47.75,-3.35,Medium,Bay of Biscay; North Atlantic Ocean,Excellent,0.0
Lagos,Greece,41.0,25.133333,Very Small,Aegean Sea; Mediterranean Sea; North Atlantic Ocean,Fair,0.0
Mariners Harbor SI,United States,40.633333,-74.166667,Small,North Atlantic Ocean,Good,0.0
Wakayama-Shimotsu Ko,Japan,34.2,135.133333,Large,Sea of Japan; North Pacific Ocean,Fair,319.5
St George,Bermuda,32.383333,-64.683333,Small,North Atlantic Ocean,Good,0.0
Dammam,Saudi Arabia,26.5,50.2,Small,Persian Gulf; Indian Ocean,Fair,0.0
Fort Bragg,United States,39.45,-123.816667,Very Small,North Pacific Ocean,Good,0.0
Christiansted,U.S. Virgin Islands,17.75,-64.7,Very Small,Caribbean Sea; North Atlantic Ocean,Fair,0.0
Newport Beach,United States,33.616667,-117.9,Very Small,North Pacific Ocean,Excellent,0.0
Mersin,Turkey,36.8,34.633333,Medium,Mediterranean Sea; North Atlantic Ocean,Fair,0.0
El Segundo,United States,33.916667,-118.433333,Very Small,North Pacific Ocean,Fair,0.0
Cruz Bay,U.S. Virgin Islands,18.333333,-64.8,Small,North Atlantic Ocean,Poor,0.0
Dandong,China,39.816667,124.15,Very Small,Korea Bay; Yellow Sea; North Pacific Ocean,Fair,0.0
Ju Aymah Oil Terminal,Saudi Arabia,26.933333,50.033333,Small,Persian Gulf; Indian Ocean,Fair,0.0
Boosaaso,Somalia,11.283333,49.183333,Small,Gulf of Aden; Indian Ocean,Unknown,0.0
Al Manamah,Bahrain,26.233333,50.583333,Small,Persian Gulf; Indian Ocean,Fair,0.0
Nasugbu,Philippines,14.083333,120.616667,Very Small,South China Sea; North Pacific Ocean,Poor,0.0
Nampo,North Korea,38.716667,125.4,Small,Korea Bay; Yellow Sea; North Pacific Ocean,Fair,0.0
Ju Aymah Lpg Terminal,Saudi Arabia,26.866667,50.05,Very Small,Persian Gulf; Indian Ocean,Poor,0.0
Doha Harbor,Kuwait,29.383333,47.8,Very Small,Persian Gulf; Indian Ocean,Poor,0.0
Frederiksted,U.S. Virgin Islands,17.716667,-64.883333,Small,Caribbean Sea; North Atlantic Ocean,Poor,0.0
Covenas Offshore Term.,Colombia,9.5,-75.733333,Very Small,Caribbean Sea; North Atlantic Ocean,Poor,0.0
Al Mukha,Yemen,13.316667,43.25,Medium,Red Sea; Indian Ocean,Poor,0.0
Haeju Hang,North Korea,38.0,125.7,Small,Yellow Sea; North Pacific Ocean,Fair,0.0
Antioch,United States,38.016667,-121.8,Very Small,North Pacific Ocean,Excellent,0.0
Paimpol,France,48.783333,-3.05,Very Small,English Channel; North Atlantic Ocean,Good,0.0
Porthmos Evripou,Greece,38.466667,23.583333,Very Small,Aegean Sea; Mediterranean Sea; North Atlantic Ocean,Good,0.0
Risan,Montenegro,42.516667,18.7,Very Small,Adriatic Sea; Mediterranean Sea; North Atlantic Ocean,Fair,0.0
San Remo,Italy,43.817,7.786,Very Small,Mediterranean Sea; North Atlantic Ocean,Poor,0.0
Zadar,Croatia,44.116667,15.216667,Small,Adriatic Sea; Mediterranean Sea; North Atlantic Ocean,Good,0.0
Pepel,Sierra Leone,8.583333,-13.05,Very Small,North Atlantic Ocean,Good,0.0
Port-Vendres,France,42.516667,3.116667,Small,Gulf of Lion; Mediterranean Sea; North Atlantic Ocean,Good,0.0
Palamos,Spain,41.833333,3.116667,Small,Mediterranean Sea; North Atlantic Ocean,Fair,0.0
Puerto De Bilbao,Spain,43.35,-3.05,Medium,Bay of Biscay; North Atlantic Ocean,Excellent,0.0
Volos,Greece,39.366667,22.95,Medium,Aegean Sea; Mediterranean Sea; North Atlantic Ocean,Good,0.0
Treguier,France,48.783333,-3.233333,Very Small,English Channel; North Atlantic Ocean,Fair,0.0
Vinalhaven,United States,44.05,-68.833333,Very Small,North Atlantic Ocean,Good,0.0
Port Nador,Morocco,35.283333,-2.933333,Very Small,Mediterranean Sea; North Atlantic Ocean,Fair,0.0
Port Elizabeth,South Africa,-33.951944444,25.6425,Medium,Indian Ocean,Fair,324.0
Rovinj,Croatia,45.083333,13.633333,Small,Adriatic Sea; Mediterranean Sea; North Atlantic Ocean,Fair,0.0
Split,Croatia,43.5,16.433333,Large,Adriatic Sea; Mediterranean Sea; North Atlantic Ocean,Good,0.0
Saint-Tropez,France,43.266667,6.633333,Very Small,Mediterranean Sea; North Atlantic Ocean,Fair,0.0
Thessaloniki,Greece,40.633333,22.933333,Medium,Aegean Sea; Mediterranean Sea; North Atlantic Ocean,Good,0.0
Rodhos,Greece,36.45,28.233333,Small,Mediterranean Sea; North Atlantic Ocean,Fair,0.0
Skhira,Tunisia,34.283333,10.1,Very Small,Mediterranean Sea; North Atlantic Ocean,Fair,0.0
Palma De Mallorca,Spain,39.566667,2.633333,Medium,Mediterranean Sea; North Atlantic Ocean,Fair,0.0
Preveza,Greece,38.95,20.75,Very Small,Ionian Sea; Mediterranean Sea; North Atlantic Ocean,Fair,0.0
Vasto,Italy,42.116667,14.716667,Very Small,Adriatic Sea; Mediterranean Sea; North Atlantic Ocean,Fair,0.0
Tangier-Mediterranean,Morocco,35.9,-5.516667,Large,Strait of Gibraltar; North Atlantic Ocean,Good,0.0
Safi,Morocco,32.3,-9.25,Small,North Atlantic Ocean,Good,0.0
Sekondi,Ghana,4.95,-1.7,Very Small,Gulf of Guinea; North Atlantic Ocean,Fair,0.0
Porto Vecchio,France,41.583333,9.283333,Very Small,Tyrrhenian Sea; Mediterranean Sea; North Atlantic Ocean,Good,0.0
Port San Luis,United States,35.166667,-120.75,Very Small,North Pacific Ocean,Good,0.0
San Ciprian,Spain,43.7,-7.433333,Very Small,Bay of Biscay; North Atlantic Ocean,Fair,0.0
Tarragona,Spain,41.1,1.233333,Large,Balearic Sea; Mediterranean Sea; North Atlantic Ocean,Fair,0.0
Puerto De Alcudia,Spain,39.833333,3.133333,Very Small,Balearic Sea; Mediterranean Sea; North Atlantic Ocean,Fair,0.0
Saint-Malo,France,48.65,-2.016667,Small,English Channel; North Atlantic Ocean,Good,0.0
Vigo,Spain,42.233333,-8.716667,Medium,North Atlantic Ocean,Good,0.0
Tekirdag,Turkey,40.983333,27.516667,Very Small,Sea of Marmara; Mediterranean Sea; North Atlantic Ocean,Fair,0.0
Tivat,Montenegro,42.433333,18.7,Very Small,Adriatic Sea; Mediterranean Sea; North Atlantic Ocean,Fair,0.0
Samos,Greece,37.75,26.966667,Very Small,Aegean Sea; Mediterranean Sea; North Atlantic Ocean,Fair,0.0
Villanueva Y Geltru,Spain,41.233333,1.733333,Very Small,Balearic Sea; Mediterranean Sea; North Atlantic Ocean,Fair,0.0
Pula,Croatia,44.883333,13.8,Very Small,Adriatic Sea; Mediterranean Sea; North Atlantic Ocean,Good,0.0
Puerto Del Rosario,Spain,28.5,-13.85,Very Small,North Atlantic Ocean,Fair,0.0
Shengjin,Albania,41.816667,19.6,Very Small,Adriatic Sea; Mediterranean Sea; North Atlantic Ocean,Fair,0.0
San Feliu De Guixols,Spain,41.783333,3.033333,Very Small,Mediterranean Sea; North Atlantic Ocean,Fair,0.0
Savona,Italy,44.316667,8.5,Small,Ligurian Sea; Mediterranean Sea; North Atlantic Ocean,Good,0.0
Sete,France,43.4,3.7,Small,Gulf of Lion; Mediterranean Sea; North Atlantic Ocean,Excellent,0.0
Slidell,United States,30.266667,-89.783333,Very Small,Gulf of Mexico; North Atlantic Ocean,Excellent,0.0
Tanga,Tanzania,-5.083333,39.116667,Small,Indian Ocean,Fair,0.0
Saint Helier Harbour,Jersey,49.183333,-2.116667,Small,English Channel; North Atlantic Ocean,Fair,0.0
Sitia,Greece,35.216667,26.133333,Very Small,Aegean Sea; Mediterranean Sea; North Atlantic Ocean,Fair,0.0
St Louis,Senegal,16.016667,-16.516667,Small,North Atlantic Ocean,Good,0.0
Valencia,Spain,39.45,-0.316667,Medium,Balearic Sea; Mediterranean Sea; North Atlantic Ocean,Fair,0.0
Villagarcia De Arosa,Spain,42.6,-8.766667,Very Small,North Atlantic Ocean,Excellent,0.0
Rosas,Spain,42.266667,3.183333,Very Small,Mediterranean Sea; North Atlantic Ocean,Good,0.0
Sagunto,Spain,39.65,-0.216667,Very Small,Balearic Sea; Mediterranean Sea; North Atlantic Ocean,Fair,0.0
Puerto Prodeco,Colombia,11.15,-74.216667,Small,Caribbean Sea; North Atlantic Ocean,Fair,0.0
Torre Del Greco,Italy,40.783333,14.366667,Very Small,Tyrrhenian Sea; Mediterranean Sea; North Atlantic Ocean,Poor,0.0
Wilson Cove,United States,33.0,-118.55,Very Small,North Pacific Ocean,Fair,0.0
Yakacik,Turkey,36.716667,36.183333,Very Small,Mediterranean Sea; North Atlantic Ocean,Fair,0.0
Puerto De Carboneras,Spain,37.0,-1.883333,Small,Mediterranean Sea; North Atlantic Ocean,Fair,0.0
Pemba,Mozambique,-12.966667,40.5,Very Small,Mozambique Channel; Indian Ocean,Good,0.0
Ribadeo,Spain,43.533333,-7.033333,Very Small,Bay of Biscay; North Atlantic Ocean,Good,0.0
Senj,Croatia,44.983333,14.9,Very Small,Adriatic Sea; Mediterranean Sea; North Atlantic Ocean,Fair,0.0
Tazerka Oil Terminal,Tunisia,36.6,11.683333,Medium,Mediterranean Sea; North Atlantic Ocean,Poor,0.0
Sokch'o Hang,South Korea,38.2,128.6,Very Small,Sea of Japan; North Pacific Ocean,Excellent,0.0
Tonda,Japan,34.033333,131.75,Small,Sea of Japan; North Pacific Ocean,Good,0.0
Pittsburg,United States,38.033333,-121.883333,Very Small,North Pacific Ocean,Excellent,0.0
Tokyo Ko,Japan,35.666667,139.75,Large,North Pacific Ocean,Good,0.0
Port Ozamis,Philippines,8.133333,123.85,Very Small,Bohol Sea; Philippine inland seas; North Pacific Ocean,Excellent,0.0
Yatsushiro Ko,Japan,32.5,130.533333,Small,East China Sea; North Pacific Ocean,Good,0.0
Wilmington,United States,39.733333,-75.54999999999998,Medium,North Atlantic Ocean,Good,0.0
Tobata,Japan,33.916667,130.816667,Very Small,Korea Strait; North Pacific Ocean,Poor,0.0
Pulau Pinang,Malaysia,5.416667,100.35,Medium,Strait of Malacca; Indian Ocean,Good,0.0
Port Klang,Malaysia,3.0,101.4,Large,Strait of Malacca; Indian Ocean,Good,0.0
Qalhat Lng Terminal,Oman,22.683333,59.4,Very Small,Gulf of Oman; Indian Ocean,Poor,0.0
Shimoda Ko,Japan,34.666667,138.95,Very Small,North Pacific Ocean,Fair,0.0
Stagen,Indonesia,-3.3,116.15,Very Small,Makassar Strait; South Pacific Ocean,Fair,0.0
Surigao City,Philippines,9.783333,125.5,Very Small,Bohol Sea; Philippine inland seas; North Pacific Ocean,Good,0.0
Saganoseki Ko,Japan,33.25,131.866667,Small,Korea Strait; North Pacific Ocean,Fair,0.0
Peng-Hu Kang,Taiwan,23.583333,119.533333,Small,Taiwan Strait; North Pacific Ocean,Fair,0.0
Ube Ko,Japan,33.933333,131.233333,Medium,Korea Strait; North Pacific Ocean,Fair,0.0
Tianjin Xin Gang,China,38.966667,117.833333,Large,Bo Hai; Yellow Sea; North Pacific Ocean,Excellent,0.0
Ras Isa Marine Terminal,Yemen,15.133333,42.6,Large,Red Sea; Indian Ocean,Unknown,0.0
Tiverton,United States,41.633333,-71.216667,Small,North Atlantic Ocean,Good,0.0
Takuma,Japan,34.216667,133.683333,Small,Sea of Japan; North Pacific Ocean,Good,0.0
South Amboy,United States,40.483333,-74.266667,Small,North Atlantic Ocean,Good,0.0
Port Louis,Guadeloupe,16.416667,-61.533333,Very Small,Caribbean Sea; North Atlantic Ocean,Poor,0.0
Paulsboro,United States,39.85,-75.25,Very Small,North Atlantic Ocean,Good,0.0
Tagonoura Ko,Japan,35.133333,138.7,Medium,North Pacific Ocean,Good,0.0
Uleelheue,Indonesia,5.566667,95.28333300000001,Very Small,Andaman Sea; Indian Ocean,Fair,0.0
Pepillo Salcedo,Dominican Republic,19.7,-71.75,Very Small,North Atlantic Ocean,Good,0.0
Port Capiz,Philippines,11.6,122.716667,Very Small,Philippine inland seas; North Pacific Ocean,Excellent,0.0
Uchiura,Japan,35.516667,135.5,Very Small,Sea of Japan; North Pacific Ocean,Poor,0.0
Qinhuangdao,China,39.933333,119.616667,Medium,Bo Hai; Yellow Sea; North Pacific Ocean,Fair,0.0
Shikama,Japan,34.766667,134.65,Small,Sea of Japan; North Pacific Ocean,Good,0.0
Port Jefferson,United States,40.95,-73.08333299999998,Very Small,North Atlantic Ocean,Good,0.0
Yingkou,China,40.683333,122.233333,Small,Bo Hai; Yellow Sea; North Pacific Ocean,Fair,0.0
Zirkuh Oil Field,United Arab Emirates,24.866667,53.05,Small,Persian Gulf; Indian Ocean,Poor,0.0
Serangoon Harbor,Singapore,1.4,103.95,Very Small,Strait of Malacca; Indian Ocean,Good,0.0
Teluk Anson,Malaysia,4.016667,101.016667,Very Small,Strait of Malacca; Indian Ocean,Fair,0.0
Wakamatsu Ko,Japan,33.9,130.816667,Large,Korea Strait; North Pacific Ocean,Fair,0.0
Sitrah,Bahrain,26.166667,50.666667,Medium,Persian Gulf; Indian Ocean,Fair,0.0
Sasebo,Japan,33.166667,129.716667,Medium,East China Sea; North Pacific Ocean,Good,0.0
Port San Vicente,Philippines,18.516667,122.133333,Very Small,Luzon Strait; North Pacific Ocean,Fair,0.0
Phuket,Thailand,7.833333,98.4,Small,Andaman Sea; Indian Ocean,Good,0.0
Sakaide Ko,Japan,34.333333,133.85,Very Small,Sea of Japan; North Pacific Ocean,Fair,0.0
Toba,Japan,34.483333,136.85,Small,Sea of Japan; North Pacific Ocean,Fair,0.0
Point Murat,Australia,-21.816667,114.183333,Very Small,Indian Ocean,Poor,0.0
Yantai,China,37.55,121.45,Small,Yellow Sea; North Pacific Ocean,Good,0.0
Sakai-Senboku,Japan,34.55,135.433333,Medium,Sea of Japan; North Pacific Ocean,Good,0.0
Sabang,Indonesia,5.883333,95.316667,Very Small,Andaman Sea; Indian Ocean,Fair,0.0
Pelabuhan Sungai Udang,Malaysia,2.25,102.133333,Very Small,Strait of Malacca; Indian Ocean,Poor,0.0
Warrnambool,Australia,-38.4,142.483333,Very Small,Indian Ocean,Poor,0.0
Takamatsu,Japan,34.35,134.05,Very Small,Sea of Japan; North Pacific Ocean,Fair,0.0
Stamford,United States,41.033333,-73.54999999999998,Very Small,North Atlantic Ocean,Excellent,0.0
Tokuyama,Japan,34.033333,131.816667,Medium,Sea of Japan; North Pacific Ocean,Fair,0.0
Troy,United States,42.733333,-73.7,Very Small,North Atlantic Ocean,Good,0.0
Yokkaichi,Japan,34.966667,136.633333,Medium,Sea of Japan; North Pacific Ocean,Good,0.0
Shibushi Wan,Japan,31.466667,131.1,Small,East China Sea; North Pacific Ocean,Fair,0.0
Uraga Ko,Japan,35.233333,139.716667,Very Small,North Pacific Ocean,Fair,0.0
Pelabuhan Bass,Malaysia,6.316667,99.833333,Very Small,Strait of Malacca; Indian Ocean,Good,0.0
Zhen Hai,China,29.95,121.7,Very Small,East China Sea; North Pacific Ocean,Good,0.0
Santa Cruz (Marinduque Isl),Philippines,13.5,122.066667,Very Small,Philippine inland seas; North Pacific Ocean,Excellent,0.0
Sokhna Port Gas Tanker Terminal,Egypt,29.683333,32.366667,Very Small,Gulf of Suez; Red Sea; Indian Ocean,Fair,0.0
Tateyama Ko,Japan,35.0,139.8,Very Small,North Pacific Ocean,Fair,0.0
Uno Ko,Japan,34.483333,133.95,Very Small,Sea of Japan; North Pacific Ocean,Fair,0.0
Yanai,Japan,33.95,132.133333,Very Small,Sea of Japan; North Pacific Ocean,Poor,0.0
Whangarei,New Zealand,-35.8,174.433333,Small,South Pacific Ocean,Good,0.0
Osaka,Japan,34.65,135.433333,Large,Sea of Japan; North Pacific Ocean,Good,0.0
Shimizu Ko,Japan,35.016667,138.5,Small,North Pacific Ocean,Fair,0.0
Shimonoseki,Japan,33.933333,130.933333,Small,Korea Strait; North Pacific Ocean,Good,0.0
Tanjung Santan,Indonesia,-0.1,117.533333,Very Small,Makassar Strait; South Pacific Ocean,Poor,0.0
Miseno,Italy,40.788158156,14.091097256,Small,Tyrrhenian Sea; Mediterranean Sea; North Atlantic Ocean, ,0.0
Scalo Vecchio,Italy,35.855,12.863,Small,Mediterranean Sea; North Atlantic Ocean, ,0.0
Porto Di Chioggia,Italy,45.233333,12.3,Very Small,Adriatic Sea; Mediterranean Sea; North Atlantic Ocean,Good,0.0
Civitanova Marche,Italy,43.316,13.734,Small,Adriatic Sea; Mediterranean Sea; North Atlantic Ocean, ,0.0
Levanzo,Italy,37.987,12.341,Small,Tyrrhenian Sea; Mediterranean Sea; North Atlantic Ocean, ,0.0
Porto Di Corsini,Italy,44.495,12.291,Medium,Adriatic Sea; Mediterranean Sea; North Atlantic Ocean,Good,0.0
Grado,Italy,45.697,13.298,Small,Adriatic Sea; Mediterranean Sea; North Atlantic Ocean, ,0.0
Ischia,Italy,40.748,13.944,Small,Tyrrhenian Sea; Mediterranean Sea; North Atlantic Ocean, ,0.0
Villa San Giovanni,Italy,38.222,15.63,Small,Mediterranean Sea; North Atlantic Ocean, ,0.0
Bisceglie,Italy,41.246,16.509,Small,Adriatic Sea; Mediterranean Sea; North Atlantic Ocean, ,0.0
Trani,Italy,41.283420643,16.423705752,Small,Adriatic Sea; Mediterranean Sea; North Atlantic Ocean, ,0.0
Rimini,Italy,44.081,12.574,Small,Adriatic Sea; Mediterranean Sea; North Atlantic Ocean, ,0.0
Ponza,Italy,40.895,12.964,Small,Tyrrhenian Sea; Mediterranean Sea; North Atlantic Ocean, ,0.0
Vibo Valentia Marina,Italy,38.723,16.13,Very Small,Tyrrhenian Sea; Mediterranean Sea; North Atlantic Ocean,Fair,0.0
San Vito Lo Capo,Italy,38.181,12.736,Small,Tyrrhenian Sea; Mediterranean Sea; North Atlantic Ocean, ,0.0
Porto Ercole,Italy,42.404,11.213,Small,Tyrrhenian Sea; Mediterranean Sea; North Atlantic Ocean, ,0.0
Giardini Naxos,Italy,37.828,15.273,Small,Mediterranean Sea; North Atlantic Ocean, ,0.0
Termini Imerese,Italy,37.985,13.723,Very Small,Tyrrhenian Sea; Mediterranean Sea; North Atlantic Ocean,Fair,0.0
Fano,Italy,43.857,13.017,Small,Adriatic Sea; Mediterranean Sea; North Atlantic Ocean, ,0.0
Terracina,Italy,41.283,13.258,Small,Tyrrhenian Sea; Mediterranean Sea; North Atlantic Ocean, ,0.0
San Benedetto Del Tronto,Italy,42.96,13.892,Small,Adriatic Sea; Mediterranean Sea; North Atlantic Ocean, ,0.0
Chiavari - Lavagna,Italy,44.305,9.326, ,Ligurian Sea; Mediterranean Sea; North Atlantic Ocean, ,0.0
Viareggio,Italy,43.862,10.234,Small,Ligurian Sea; Mediterranean Sea; North Atlantic Ocean, ,0.0
San Felice Circeo,Italy,41.226,13.097,Small,Tyrrhenian Sea; Mediterranean Sea; North Atlantic Ocean, ,0.0
Corigliano Calabro,Italy,39.672,16.529,Small,Golfo di Taranto; Mediterranean Sea; North Atlantic Ocean, ,0.0
Ciro Marina,Italy,39.372,17.136,Small,Ionian Sea; Mediterranean Sea; North Atlantic Ocean, ,0.0
Monopoli,Italy,40.955,17.308,Small,Adriatic Sea; Mediterranean Sea; North Atlantic Ocean,Good,0.0
Riposta,Italy,37.735,15.209,Small,Mediterranean Sea; North Atlantic Ocean, ,0.0
Castellammare Del Golfo,Italy,38.032,12.885,Small,Tyrrhenian Sea; Mediterranean Sea; North Atlantic Ocean, ,0.0
Mola Di Bari,Italy,41.062,17.1,Small,Adriatic Sea; Mediterranean Sea; North Atlantic Ocean, ,0.0
Pozzuoli,Italy,40.824,14.11,Very Small,Tyrrhenian Sea; Mediterranean Sea; North Atlantic Ocean,Fair,0.0
Cala Pozzolana,Italy,35.864,12.852,Small,Mediterranean Sea; North Atlantic Ocean, ,0.0
Forio,Italy,40.742,13.859,Small,Tyrrhenian Sea; Mediterranean Sea; North Atlantic Ocean, ,0.0
Porto Torres,Italy,40.852,8.396,Small,Mediterranean Sea; North Atlantic Ocean,Fair,0.0
Porto Empedocle,Italy,37.278,13.528,Very Small,Mediterranean Sea; North Atlantic Ocean,Poor,0.0
Pescara,Italy,42.464,14.236,Small,Adriatic Sea; Mediterranean Sea; North Atlantic Ocean,Good,0.0
Otranto,Italy,40.152,18.493,Very Small,Adriatic Sea; Mediterranean Sea; North Atlantic Ocean,Fair,0.0
Favignana,Italy,37.933,12.324,Small,Tyrrhenian Sea; Mediterranean Sea; North Atlantic Ocean, ,0.0
Procida,Italy,40.77,14.031,Small,Tyrrhenian Sea; Mediterranean Sea; North Atlantic Ocean, ,0.0
Formia,Italy,41.254,13.614,Small,Tyrrhenian Sea; Mediterranean Sea; North Atlantic Ocean, ,0.0
Senigallia,Italy,43.724,13.221,Small,Adriatic Sea; Mediterranean Sea; North Atlantic Ocean, ,0.0
Giulianova,Italy,42.756,13.979,Small,Adriatic Sea; Mediterranean Sea; North Atlantic Ocean, ,0.0
Trapani,Italy,38.012,12.506,Very Small,Tyrrhenian Sea; Mediterranean Sea; North Atlantic Ocean,Fair,0.0
Rada Di Vado,Italy,44.265,8.453,Medium,Ligurian Sea; Mediterranean Sea; North Atlantic Ocean,Good,0.0
Marettimo,Italy,37.966,12.075,Small,Tyrrhenian Sea; Mediterranean Sea; North Atlantic Ocean, ,0.0
Porto Vesme,Italy,39.194,8.384,Very Small,Mediterranean Sea; North Atlantic Ocean,Poor,0.0
Reggio Di Calabria,Italy,38.129,15.65,Small,Mediterranean Sea; North Atlantic Ocean,Fair,0.0
Casamicciola,Italy,40.752,13.912,Small,Tyrrhenian Sea; Mediterranean Sea; North Atlantic Ocean, ,0.0
Cesenatico,Italy,44.208,12.408,Small,Adriatic Sea; Mediterranean Sea; North Atlantic Ocean, ,0.0
Porto Santo Stefano,Italy,42.44,11.122,Very Small,Tyrrhenian Sea; Mediterranean Sea; North Atlantic Ocean,Fair,0.0
Tompkinsville SI,United States,40.633333,-74.06666699999998,Medium,North Atlantic Ocean,Good,0.0
Lampedusa,Italy,35.494,12.601,Small,Mediterranean Sea; North Atlantic Ocean, ,0.0
Tsuruga Ko,Japan,35.65,136.066667,Small,Sea of Japan; North Pacific Ocean,Good,0.0
Stapleton SI,United States,40.633333,-74.06666699999998,Small,North Atlantic Ocean,Good,0.0
Port Of Sohar,Oman,24.516667,56.633333,Small,Gulf of Oman; Indian Ocean,Fair,397.6
Santa Panagia,Italy,37.069,15.297,Very Small,Mediterranean Sea; North Atlantic Ocean, ,370.0
Yokosuka Ko,Japan,35.283333,139.666667,Medium,North Pacific Ocean,Good,0.0
Giglio Porto,Italy,42.362,10.921,Small,Tyrrhenian Sea; Mediterranean Sea; North Atlantic Ocean, ,0.0
Pozzallo,Italy,36.716667,14.85,Very Small,Mediterranean Sea; North Atlantic Ocean,Fair,600.0
Sciacca,Italy,37.502,13.075,Small,Mediterranean Sea; North Atlantic Ocean, ,0.0
Baia,Italy,40.817,14.074,Small,Tyrrhenian Sea; Mediterranean Sea; North Atlantic Ocean, ,0.0
Nogaro,Italy,45.759,13.167,Small,Adriatic Sea; Mediterranean Sea; North Atlantic Ocean, ,180.0
Porto Garibaldi,Italy,44.677,12.252,Small,Adriatic Sea; Mediterranean Sea; North Atlantic Ocean, ,40.0
Pesaro,Italy,43.928,12.903,Small,Adriatic Sea; Mediterranean Sea; North Atlantic Ocean, ,100.0
Bur Sa'id,Egypt,31.266667,32.3,Large,Mediterranean Sea; North Atlantic Ocean,Excellent,0.0
Nuwaybi',Egypt,28.966667,34.65,Very Small,Gulf of Aqaba; Red Sea; Indian Ocean,Fair,0.0
At Tur,Egypt,28.233333,33.616667,Very Small,Gulf of Suez; Red Sea; Indian Ocean,Fair,0.0
Marsa az Zaytiyah,Egypt,27.85,33.6,Very Small,Gulf of Suez; Red Sea; Indian Ocean,Poor,0.0
Vadinar Terminal,India,22.466666667,69.666666667,Very Small,Arabian Sea; Indian Ocean,Poor,362.5
Sikka,India,22.433333,69.833333,Very Small,Arabian Sea; Indian Ocean,Poor,250.0
Porbandar,India,21.633333,69.6,Very Small,Arabian Sea; Indian Ocean,Fair,225.0
New Mangalore,India,12.916667,74.81666699999998,Medium,Laccadive Sea; Indian Ocean,Fair,292.0
Kochi (Cochin),India,9.966667,76.233333,Medium,Laccadive Sea; Indian Ocean,Good,366.5
Tuticorin,India,8.8,78.166667,Small,Palk Strait; Indian Ocean,Fair,310.0
Honavar,India,14.283333333,74.45,Very Small,Arabian Sea; Indian Ocean, ,0.0
Batticaloa Roads,Sri Lanka,7.766666667,81.68333333299998, ,Bay of Bengal; Indian Ocean, ,0.0
Port Dabhol,India,17.583333333,73.166666667,Very Small,Arabian Sea; Indian Ocean, ,300.0
Jaigarh Bay,India,17.3,73.216666667, ,Arabian Sea; Indian Ocean, ,295.0
Jafarabad,India,20.866666667,71.383333333, ,Arabian Sea; Indian Ocean, ,82.0
Dhamra,India,20.816666667,86.966666667, ,Bay of Bengal; Indian Ocean, ,350.0
Gangavaram,India,17.633333333,83.25, ,Bay of Bengal; Indian Ocean, ,292.0
Kakinada Bay,India,17.0,82.31666699999998,Very Small,Bay of Bengal; Indian Ocean,Poor,230.0
Karaikal Port,India,10.833333,79.866667,Small,Bay of Bengal; Indian Ocean,Good,238.1
Cuddalore,India,11.716667,79.766667,Very Small,Bay of Bengal; Indian Ocean,Poor,164.0
Magdalla,India,21.15,72.75,Very Small,Arabian Sea; Indian Ocean,Good,131.0
Trincomalee Harbor,Sri Lanka,8.55,81.216667,Medium,Bay of Bengal; Indian Ocean,Good,250.0
Porto Cervo,Italy,41.137,9.54,Medium,Tyrrhenian Sea; Mediterranean Sea; North Atlantic Ocean, ,0.0
Alghero,Italy,40.568,8.307,Small,Mediterranean Sea; North Atlantic Ocean, ,0.0
Golfo Aranci,Italy,40.993,9.624,Small,Tyrrhenian Sea; Mediterranean Sea; North Atlantic Ocean, ,0.0
Sant'Antioco,Italy,39.066,8.46,Small,Mediterranean Sea; North Atlantic Ocean, ,0.0
Liscia Di Vacca,Italy,41.141,9.511,Small,Tyrrhenian Sea; Mediterranean Sea; North Atlantic Ocean, ,0.0
Cala Volpe,Italy,41.088,9.542,Small,Tyrrhenian Sea; Mediterranean Sea; North Atlantic Ocean, ,0.0
Calcutta,India,22.55,88.33333299999998,Large,Bay of Bengal; Indian Ocean,Good,171.9
Jawaharlal Nehru Port (Nhava Shiva),India,18.95,72.95,Medium,Arabian Sea; Indian Ocean,Good,370.0
Karwar,India,14.816667,74.116667,Very Small,Arabian Sea; Indian Ocean,Good,229.0
Haldia Port,India,22.016667,88.08333299999998,Very Small,Bay of Bengal; Indian Ocean,Fair,177.0
Pipavav Bandar,India,20.916667,71.516667,Small,Arabian Sea; Indian Ocean,Good,367.0
Pondicherry,India,11.933333,79.83333299999998,Very Small,Bay of Bengal; Indian Ocean,Poor,0.0
Bhavnagar,India,21.766667,72.233333,Small,Arabian Sea; Indian Ocean,Good,78.9
Paradip,India,20.266667,86.683333,Small,Bay of Bengal; Indian Ocean,Good,295.0
Kamarajar Port,India,13.261388889,80.3425,Small,Bay of Bengal; Indian Ocean,Poor,365.9
Galle Harbor,Sri Lanka,6.033055556,80.22833333299998,Small,Indian Ocean,Good,190.0
Gopalpur,India,19.301944444,84.966666667,Small,Bay of Bengal; Indian Ocean,Good,240.0
Mumbai (Bombay),India,18.966667,72.866667,Large,Arabian Sea; Indian Ocean,Good,294.0
Beypore,India,11.166667,75.79999999999998,Very Small,Laccadive Sea; Indian Ocean,Fair,72.1
Ratnagiri,India,16.983333,73.283333,Very Small,Arabian Sea; Indian Ocean,Poor,177.0
Belekeri,India,14.7,74.266667,Very Small,Arabian Sea; Indian Ocean,,0.0
Nagappattinam,India,10.766667,79.84999999999998,Small,Bay of Bengal; Indian Ocean,Poor,0.0
Dahej,India,21.7,72.533333,Very Small,Arabian Sea; Indian Ocean,,300.0
Panaji,India,15.5,73.81666699999998,Very Small,Arabian Sea; Indian Ocean,Poor,280.0
Kankesanturai,Sri Lanka,9.816667,80.04999999999998,Very Small,Palk Strait; Indian Ocean,Fair,0.0
Baleshwar,India,21.483333333,86.95,Very Small,Bay of Bengal; Indian Ocean, ,0.0
Quilon (Kollam),India,8.871944444,76.58388888899998,Very Small,Laccadive Sea; Indian Ocean,Good,116.0
Azhikal (Azhikkal),India,11.945555556,75.30944444399998,Very Small,Laccadive Sea; Indian Ocean,Poor,30.0
Trivandrum,India,8.483333,76.95,Very Small,Laccadive Sea; Indian Ocean,,0.0
Kolachel,India,8.166667,77.25,Very Small,Laccadive Sea; Indian Ocean,Fair,0.0
Calicut (Kozhikode),India,11.25,75.766667,Very Small,Laccadive Sea; Indian Ocean,,0.0
San Miguel De Cozumel,Mexico,20.5,-86.966667,Very Small,Caribbean Sea; North Atlantic Ocean,Fair,0.0
Dos Bocas Terminal,Mexico,18.433333,-93.216667,Very Small,Gulf of Mexico; North Atlantic Ocean,Poor,190.0
San Lorenzo,Venezuela,9.783333,-71.066667,Very Small,Caribbean Sea; North Atlantic Ocean,Fair,0.0
Paarden Baai - (Oranjestad),Aruba,12.516667,-70.033333,Very Small,Caribbean Sea; North Atlantic Ocean,Fair,340.0
El Guamache,Venezuela,10.9,-64.1,Very Small,Caribbean Sea; North Atlantic Ocean,Fair,292.0
Puerto La Cruz,Venezuela,10.25,-64.633333,Large,Caribbean Sea; North Atlantic Ocean,Good,289.6
Guanta,Venezuela,10.25,-64.583333,Small,Caribbean Sea; North Atlantic Ocean,Good,200.0
Puerto Cumarebo,Venezuela,11.483333,-69.35,Very Small,Caribbean Sea; North Atlantic Ocean,Poor,170.0
Cumana (Puerto Sucre),Venezuela,10.466667,-64.183333,Very Small,Caribbean Sea; North Atlantic Ocean,Poor,0.0
Santa Marta,Colombia,11.25,-74.216667,Small,Caribbean Sea; North Atlantic Ocean,Good,270.0
Cartagena,Colombia,10.416667,-75.533333,Medium,Caribbean Sea; North Atlantic Ocean,Excellent,366.5
Pozos Colorados,Colombia,11.15,-74.25,Small,Caribbean Sea; North Atlantic Ocean,Fair,0.0
Puerto Bolivar,Colombia,12.25,-71.966667,Small,Caribbean Sea; North Atlantic Ocean,Fair,300.0
Jose Terminal,Venezuela,10.1,-64.85,Very Small,Caribbean Sea; North Atlantic Ocean,Fair,350.0
Tarabulus,Lebanon,34.45,35.833333,Medium,Mediterranean Sea; North Atlantic Ocean,Good,199.0
Tartus,Syria,34.9,35.866667,Small,Mediterranean Sea; North Atlantic Ocean,Fair,207.0
Bayrut,Lebanon,33.9,35.5,Large,Mediterranean Sea; North Atlantic Ocean,Excellent,0.0
Baniyas,Syria,35.188333333,35.943333333,Large,Mediterranean Sea; North Atlantic Ocean,Fair,0.0
Amber Cove,Dominican Republic,19.833333333,-70.766666667, ,North Atlantic Ocean, ,305.5
Manzanillo,Dominican Republic,19.716666667,-71.75, ,North Atlantic Ocean, ,226.0
Freeport,Bermuda,32.316666667,-64.833333333, ,North Atlantic Ocean, ,347.1
Providenciales,Turks and Caicos Islands,21.733333333,-72.283333333, ,North Atlantic Ocean, ,0.0
Santiago De Cuba,Cuba,20.016667,-75.83333299999998,Medium,Caribbean Sea; North Atlantic Ocean,Excellent,214.0
Puerto Guantanamo,Cuba,19.983333,-75.13333299999998,Large,Caribbean Sea; North Atlantic Ocean,Fair,0.0
Sanchez,Dominican Republic,19.233333,-69.616667,Very Small,North Atlantic Ocean,Fair,0.0
Hamilton,Bermuda,32.3,-64.783333,Small,North Atlantic Ocean,Excellent,0.0
Santa Barbara De Samana,Dominican Republic,19.2,-69.333333,Small,North Atlantic Ocean,Good,198.0
Cayo Moa Grande,Cuba,20.666667,-74.9,Small,North Atlantic Ocean,Poor,170.0
Cayman Brac,Cayman Islands,19.75,-79.75,Very Small,Caribbean Sea; North Atlantic Ocean,Poor,75.0
Cardenas,Cuba,23.05,-81.2,Small,Straits of Florida; North Atlantic Ocean,Good,170.7
Nueva Gerona,Cuba,21.916667,-82.79999999999998,Very Small,Caribbean Sea; North Atlantic Ocean,Fair,152.0
Cabo Rojo,Dominican Republic,17.916667,-71.65,Very Small,Caribbean Sea; North Atlantic Ocean,Poor,213.3
Isabela De Sagua,Cuba,22.95,-80.0,Small,Straits of Florida; North Atlantic Ocean,Poor,170.0
Port Antonio,Jamaica,18.183333,-76.45,Small,Caribbean Sea; North Atlantic Ocean,Good,167.0
Gustavia,Guadeloupe,17.9,-62.85,Very Small,Caribbean Sea; North Atlantic Ocean,Excellent,130.0
Matanzas,Cuba,23.05,-81.54999999999998,Small,Straits of Florida; North Atlantic Ocean,Good,252.0
Puerto Plata,Dominican Republic,19.8,-70.7,Small,North Atlantic Ocean,Good,215.0
Felton,Cuba,20.733333,-75.59999999999998,Small,North Atlantic Ocean,Excellent,177.0
Cap Haitien,Haiti,19.766667,-72.2,Very Small,North Atlantic Ocean,Fair,200.0
Freeport,The Bahamas,26.516667,-78.783333,Small,North Atlantic Ocean,Fair,367.3
Philipsburg,Sint Maarten,18.016667,-63.05,Small,Caribbean Sea; North Atlantic Ocean,Fair,326.1
Georgetown,Cayman Islands,19.3,-81.38333299999998,Very Small,Caribbean Sea; North Atlantic Ocean,Poor,139.0
Road Harbor,British Virgin Islands,18.416667,-64.616667,Medium,Caribbean Sea; North Atlantic Ocean,Good,240.0
Manzanillo,Cuba,20.35,-77.116667,Very Small,Caribbean Sea; North Atlantic Ocean,Poor,0.0
South Riding Point,The Bahamas,26.616667,-78.216667,Very Small,North Atlantic Ocean,Fair,0.0
Castries,Saint Lucia,14.016667,-61.0,Small,Caribbean Sea; North Atlantic Ocean,Good,304.8
Cienfuegos,Cuba,22.15,-80.45,Large,Caribbean Sea; North Atlantic Ocean,Excellent,185.0
Casilda,Cuba,21.75,-79.983333,Medium,Caribbean Sea; North Atlantic Ocean,Fair,170.0
La Romana,Dominican Republic,18.416667,-68.966667,Very Small,Caribbean Sea; North Atlantic Ocean,Good,350.0
Nassau,The Bahamas,25.083333,-77.34999999999998,Medium,North Atlantic Ocean,Good,360.0
Guayabal,Cuba,20.7,-77.616667,Small,Caribbean Sea; North Atlantic Ocean,Good,170.0
North Ain Sukhna Port,Egypt,29.65,32.366667,Small,Gulf of Suez; Red Sea; Indian Ocean,Fair,369.0
Banes,Cuba,20.916666667,-75.716666667, ,North Atlantic Ocean, ,106.0
Caibarien,Cuba,22.533333333,-79.466666667, ,North Atlantic Ocean, ,0.0
Baracoa,Cuba,20.35,-74.5, ,North Atlantic Ocean, ,0.0
Preston,Cuba,20.766666667,-75.65, ,North Atlantic Ocean, ,0.0
Santa Cruz del Sur,Cuba,20.7,-77.983333333, ,Caribbean Sea; North Atlantic Ocean, ,0.0
Sawakin Harbor,Sudan,19.133333,37.35,Small,Red Sea; Indian Ocean,Unknown,0.0
Palo Alto,Cuba,21.583333333,-78.966666667, ,Caribbean Sea; North Atlantic Ocean, ,90.0
Mitsiwa Harbor,Eritrea,15.616667,39.466667,Small,Red Sea; Indian Ocean,Good,210.0
Assab,Eritrea,13.0,42.75,Small,Red Sea; Indian Ocean,Fair,101.0
Moss,United States,36.8,-121.783333,Very Small,North Pacific Ocean,Good,0.0
Al Aqabah,Jordan,29.516667,35.0,Very Small,Gulf of Aqaba; Red Sea; Indian Ocean,Poor,370.0
El-Adabiya,Egypt,29.866667,32.466667,Small,Gulf of Suez; Red Sea; Indian Ocean,Excellent,229.0
Ain Sukhna Terminal,Egypt,29.583333,32.366667,Large,Gulf of Suez; Red Sea; Indian Ocean,Fair,297.0
Port Sudan,Sudan,19.6,37.233333,Medium,Red Sea; Indian Ocean,Excellent,294.5
Dover,Australia,-43.316667,147.033333,Very Small,South Pacific Ocean,Excellent,305.0
Jiddah,Saudi Arabia,21.483333,39.183333,Small,Red Sea; Indian Ocean,Good,260.0
Jizan,Saudi Arabia,16.9,42.483333,Small,Red Sea; Indian Ocean,Good,229.0
St Petersburg,United States,27.766667,-82.616667,Small,Gulf of Mexico; North Atlantic Ocean,Good,333.3
Sea Eagle Terminal,Nigeria,4.8,5.316667,Very Small,Gulf of Guinea; North Atlantic Ocean,Poor,0.0
Espoir Marine Terminal,Cote D'Ivoire,5.05,-4.45,Very Small,North Atlantic Ocean,Poor,0.0
Baobab Marine Terminal,Cote D'Ivoire,4.966667,-4.55,Very Small,North Atlantic Ocean,Poor,0.0
San Pedro,Cote D'Ivoire,4.737777778,-6.611111111,Very Small,North Atlantic Ocean,Good,277.3
Tema,Ghana,5.631944444,0.015555556,Small,Gulf of Guinea; North Atlantic Ocean,Good,366.3
Al Ahmadi,Yemen,14.833333,42.966667,Small,Red Sea; Indian Ocean,Poor,207.9
Aden,Yemen,12.783333,44.95,Medium,Gulf of Aden; Indian Ocean,Good,350.0
Port Bouet,Cote D'Ivoire,5.233333,-3.966667,Very Small,North Atlantic Ocean,Poor,350.0
Tin Can Island,Nigeria,6.35,3.35,Very Small,Bight of Benin; Gulf of Guinea; North Atlantic Ocean,Fair,277.3
Abidjan,Cote D'Ivoire,5.25,-4.016667,Large,North Atlantic Ocean,Excellent,280.0
Lome,Togo,6.133333,1.283333,Medium,Bight of Benin; Gulf of Guinea; North Atlantic Ocean,Good,250.0
Kpeme,Togo,6.2,1.516667,Very Small,Bight of Benin; Gulf of Guinea; North Atlantic Ocean,Poor,199.9
Ukpokiti Marine Terminal,Nigeria,5.733333333,4.833333333,Very Small,Bight of Benin; Gulf of Guinea; North Atlantic Ocean,Poor,337.0
Takoradi,Ghana,4.883333,-1.733333,Medium,Gulf of Guinea; North Atlantic Ocean,Good,225.0
Pennington Oil Terminal,Nigeria,4.25,5.616667,Large,Gulf of Guinea; North Atlantic Ocean,Poor,0.0
Cotonou,Benin,6.35,2.433333,Medium,Bight of Benin; Gulf of Guinea; North Atlantic Ocean,Good,0.0
Brass Oil Terminal,Nigeria,4.066667,6.283333,Very Small,Gulf of Guinea; North Atlantic Ocean,Poor,0.0
Rudum Terminal,Yemen,13.983333,47.916667,Very Small,Gulf of Aden; Indian Ocean,Poor,0.0
Duqm,Oman,19.673252583,57.716908916,Medium,Arabian Sea; Indian Ocean, ,400.0
Djibouti,Djibouti,11.6,43.133333,Small,Gulf of Aden; Indian Ocean,Good,270.0
Al Mukalla,Yemen,14.516667,49.116667,Small,Gulf of Aden; Indian Ocean,Fair,184.7
Mina Raysut,Oman,16.951111111,54.029166667,Small,Arabian Sea; Indian Ocean,Good,400.0
Balhaf,Yemen,13.966667,48.183333,Very Small,Gulf of Aden; Indian Ocean,Poor,140.0
Ash Shihr Oil Terminal,Yemen,14.7,49.483333333,Very Small,Gulf of Aden; Indian Ocean,Poor,0.0
Nishtun,Yemen,15.816667,52.2,Very Small,Arabian Sea; Indian Ocean,Fair,110.0
Bassein,Burma,16.783333333,94.733333333,Small,Andaman Sea; Indian Ocean,Good,143.0
Khawr Khasab,Oman,26.216667,56.233333,Small,Strait of Hormuz; Indian Ocean,Fair,0.0
Bandar Abbas,Iran,27.15,56.2,Medium,Strait of Hormuz; Indian Ocean,Fair,366.0
Rangoon,Burma,16.766667,96.166667,Small,Andaman Sea; Indian Ocean,Good,210.7
Moulmein Harbor,Burma,16.483333,97.616667,Small,Andaman Sea; Indian Ocean,Good,72.0
Gwadar,Pakistan,25.133333,62.3,Medium,Arabian Sea; Indian Ocean,Fair,189.9
Port de Valleyfield,Canada,45.216666667,-74.09999999999998, ,Lake Ontario; Great Lakes, ,0.0
Punta Venado,Mexico,20.566666667,-87.13333333299998, ,Caribbean Sea; North Atlantic Ocean, ,246.9
Puerto Costa Maya,Mexico,18.733333333,-87.68333333299998, ,Caribbean Sea; North Atlantic Ocean, ,338.7
Frontera,Mexico,18.533333,-92.65,Very Small,Gulf of Mexico; North Atlantic Ocean,Good,87.2
Belize City,Belize,17.5,-88.183333,Small,Caribbean Sea; North Atlantic Ocean,Good,140.0
Cayo Arcas Terminal,Mexico,20.166667,-91.983333,Very Small,Gulf of Mexico; North Atlantic Ocean,Poor,0.0
Ciudad Del Carmen,Mexico,18.633333,-91.866667,Very Small,Gulf of Mexico; North Atlantic Ocean,Excellent,0.0
Veracruz,Mexico,19.2,-96.133333,Medium,Gulf of Mexico; North Atlantic Ocean,Good,336.7
Puerto Castilla,Honduras,16.0,-85.983333,Very Small,Caribbean Sea; North Atlantic Ocean,Fair,225.0
Nanchital,Mexico,18.066667,-94.416667,Very Small,Gulf of Mexico; North Atlantic Ocean,Excellent,177.0
La Ceiba,Honduras,15.783333,-86.79999999999998,Very Small,Caribbean Sea; North Atlantic Ocean,Good,0.0
Tela,Honduras,15.783333,-87.45,Very Small,Caribbean Sea; North Atlantic Ocean,Good,0.0
Coatzacoalcos,Mexico,18.15,-94.416667,Small,Gulf of Mexico; North Atlantic Ocean,Good,310.0
Victoria Point Harbor,Burma,9.983333333,98.55,Very Small,Andaman Sea; Indian Ocean, ,0.0
Punta Rincon,Panama,9.016666667,-80.7, ,Caribbean Sea; North Atlantic Ocean, ,230.1
San Andres Island,Colombia,12.566666667,-81.7, ,Caribbean Sea; North Atlantic Ocean, ,0.0
Puerto Cabezas,Nicaragua,14.016667,-83.38333299999998,Very Small,Caribbean Sea; North Atlantic Ocean,Poor,120.0
El Bluff,Nicaragua,12.0,-83.7,Very Small,Caribbean Sea; North Atlantic Ocean,Unknown,0.0
Puerto Moin,Costa Rica,10.0,-83.08333299999998,Very Small,Caribbean Sea; North Atlantic Ocean,Poor,0.0
Big Creek,Belize,16.516666667,-88.4, ,Caribbean Sea; North Atlantic Ocean, ,0.0
Puerto Limon,Costa Rica,9.983333,-83.016667,Very Small,Caribbean Sea; North Atlantic Ocean,Good,300.0
Coxen Hole,Honduras,16.316667,-86.54999999999998,Very Small,Caribbean Sea; North Atlantic Ocean,Good,305.0
Bluefields,Nicaragua,12.016667,-83.75,Small,Caribbean Sea; North Atlantic Ocean,Good,90.6
Hulaylah Oil Terminal,United Arab Emirates,25.983333,55.933333,Very Small,Persian Gulf; Indian Ocean,Poor,0.0
Panarukan,Indonesia,-7.7,113.933333,Very Small,Bali Sea; Java Sea; South Pacific Ocean,,0.0
Benoa,Indonesia,0.983333,117.966667,Very Small,Makassar Strait; South Pacific Ocean,Good,268.6
Parepare,Indonesia,-4.0,119.616667,Very Small,Makassar Strait; South Pacific Ocean,Good,160.0
Mina Saqr,United Arab Emirates,25.983333,56.05,Very Small,Persian Gulf; Indian Ocean,Fair,300.0
Jazireh-Ye Lavan Oil Terminal,Iran,26.783333,53.333333,Very Small,Persian Gulf; Indian Ocean,Fair,130.0
Sharjah Offshore Terminal,United Arab Emirates,25.583333,55.4,Small,Persian Gulf; Indian Ocean,Poor,0.0
Calabar,Nigeria,4.966667,8.316667,Very Small,Gulf of Guinea; North Atlantic Ocean,Excellent,199.9
Yoho Terminal,Nigeria,4.016667,7.466667,Very Small,Gulf of Guinea; North Atlantic Ocean,Poor,0.0
Umm Al Qaywayn,United Arab Emirates,25.583333,55.583333,Small,Persian Gulf; Indian Ocean,Poor,210.0
Al Jazeera Port,United Arab Emirates,25.716667,55.783333,Small,Persian Gulf; Indian Ocean,Unknown,0.0
Kome Kribi 1 Marine Terminal,Cameroon,2.916667,9.8,Very Small,Gulf of Guinea; North Atlantic Ocean,Poor,0.0
Mina Jabal Ali,United Arab Emirates,25.016667,55.05,Large,Persian Gulf; Indian Ocean,Fair,400.0
Ash Shariqah,United Arab Emirates,25.366666667,55.383333333,Small,Persian Gulf; Indian Ocean,Fair,336.0
Dubayy,United Arab Emirates,25.266666667,55.3,Small,Persian Gulf; Indian Ocean,Good,0.0
Ebome Marine Terminal,Cameroon,2.8,9.816667,Very Small,Gulf of Guinea; North Atlantic Ocean,Poor,0.0
Kribi Deep Sea Port,Cameroon,2.71853154,9.860530084, ,Gulf of Guinea; North Atlantic Ocean, ,335.0
Ajman,United Arab Emirates,25.416667,55.433333,Very Small,Persian Gulf; Indian Ocean,Fair,149.0
Limboh Terminal,Cameroon,3.983333,9.15,Very Small,Gulf of Guinea; North Atlantic Ocean,Poor,247.0
Al Hamriyah Lpg Terminal,United Arab Emirates,25.466667,55.483333,Small,Persian Gulf; Indian Ocean,Good,0.0
Doraleh,Djibouti,11.602777778,43.088611111,Small,Gulf of Aden; Indian Ocean,Unknown,270.0
Kole Oil Terminal,Cameroon,4.25,8.55,Very Small,Gulf of Guinea; North Atlantic Ocean,Poor,0.0
Douala,Cameroon,4.05,9.683333,Medium,Gulf of Guinea; North Atlantic Ocean,Good,268.8
Antan Oil Terminal,Nigeria,4.216667,8.333333,Small,Gulf of Guinea; North Atlantic Ocean,Poor,0.0
Moji Ko,Japan,33.95,130.966667,Medium,Korea Strait; North Pacific Ocean,Good,200.0
Kure,Japan,34.233333,132.55,Medium,Sea of Japan; North Pacific Ocean,Good,156.7
Matsuyama,Japan,33.85,132.7,Small,Sea of Japan; North Pacific Ocean,Fair,220.0
Yawatahama,Japan,33.45,132.416667,Very Small,Sea of Japan; North Pacific Ocean,Good,114.0
Buchanan,Liberia,5.866667,-10.066667,Very Small,North Atlantic Ocean,Fair,0.0
Greenville,Liberia,4.983333,-9.05,Very Small,North Atlantic Ocean,Fair,0.0
Santa Cruz De Tenerife,Spain,28.466667,-16.233333,Medium,North Atlantic Ocean,Good,0.0
Kandla,India,23.033333,70.216667,Small,Arabian Sea; Indian Ocean,Fair,275.0
Freetown,Sierra Leone,8.5,-13.233333,Small,North Atlantic Ocean,Fair,0.0
Conakry,Guinea,9.516667,-13.716667,Medium,North Atlantic Ocean,Good,0.0
Bissau,Guinea-Bissau,11.866667,-15.633333,Very Small,North Atlantic Ocean,Good,0.0
Funchal,Portugal,32.633333,-16.916667,Large,North Atlantic Ocean,Excellent,0.0
Las Palmas,Spain,28.15,-15.416667,Large,North Atlantic Ocean,Good,0.0
Laayoune,Western Sahara,27.083333,-13.433333,Very Small,North Atlantic Ocean,Unknown,0.0
Arrecife,Spain,28.95,-13.533333,Very Small,North Atlantic Ocean,Fair,0.0
Sittwe,Burma,20.133333,92.9,Small,Bay of Bengal; Indian Ocean,Fair,146.0
Veraval,India,20.9,70.366667,Very Small,Arabian Sea; Indian Ocean,Fair,0.0
Mandvi,India,22.833333,69.35,Very Small,Arabian Sea; Indian Ocean,,0.0
Hazira,India,21.083333,72.63333299999998,Small,Arabian Sea; Indian Ocean,Poor,360.0
Alexandria,United States,38.8,-77.033333,Small,North Atlantic Ocean,Excellent,0.0
Essex,United States,41.35,-72.38333299999998,Very Small,North Atlantic Ocean,Excellent,0.0
As Sidr,Libya,30.633333,18.366667,Very Small,Gulf of Sidra; Mediterranean Sea; North Atlantic Ocean,Poor,0.0
Al Burayqah,Libya,30.416667,19.6,Small,Gulf of Sidra; Mediterranean Sea; North Atlantic Ocean,Fair,0.0
Ez Zueitina,Libya,30.85,20.05,Very Small,Gulf of Sidra; Mediterranean Sea; North Atlantic Ocean,,0.0
Al Ladhiqiyah,Syria,35.533333,35.766667,Medium,Mediterranean Sea; North Atlantic Ocean,Fair,294.1
Limin Sirou,Greece,37.433333,24.95,Very Small,Aegean Sea; Mediterranean Sea; North Atlantic Ocean,Fair,0.0
Kalamata,Greece,37.016667,22.116667,Small,Mediterranean Sea; North Atlantic Ocean,Fair,0.0
Burutu,Nigeria,5.35,5.5,Very Small,Bight of Benin; Gulf of Guinea; North Atlantic Ocean,Good,229.0
Forcados,Nigeria,5.366667,5.433333,Very Small,Bight of Benin; Gulf of Guinea; North Atlantic Ocean,Fair,0.0
New Bedford,United States,41.633333,-70.916667,Small,North Atlantic Ocean,Excellent,0.0
Bodega Bay,United States,38.333333,-123.05,Very Small,North Pacific Ocean,Fair,0.0
Gladstone,United States,45.85,-87.016667,Very Small,Lake Michigan; Great Lakes,Excellent,0.0
Escanaba,United States,45.766667,-87.04999999999998,Small,Lake Michigan; Great Lakes,Good,308.9
Menominee,United States,45.095277778,-87.58944444399998,Small,Lake Michigan; Great Lakes,Good,0.0
Marinette,United States,45.083333,-87.59999999999998,Small,Lake Michigan; Great Lakes,Excellent,0.0
Oconto,United States,44.894444444,-87.829444444,Very Small,Lake Michigan; Great Lakes,Good,0.0
Green Bay,United States,44.516667,-88.016667,Small,Lake Michigan; Great Lakes,Good,0.0
Algoma,United States,44.6,-87.433333,Very Small,Lake Michigan; Great Lakes,Fair,0.0
Kewaunee,United States,44.466667,-87.5,Very Small,Lake Michigan; Great Lakes,Fair,0.0
Frankfort,United States,44.633333,-86.25,Small,Lake Michigan; Great Lakes,Excellent,0.0
Leland,United States,45.016667,-85.766667,Very Small,Lake Michigan; Great Lakes,Fair,0.0
Harbor Springs,United States,45.433333,-84.983333,Very Small,Lake Michigan; Great Lakes,Excellent,0.0
Mackinaw City,United States,45.783333,-84.716667,Very Small,Lake Huron; Great Lakes,Poor,0.0
Nuevitas Bay,Cuba,21.55,-77.266667,Large,North Atlantic Ocean,Fair,195.0
Grand Turk,Turks and Caicos Islands,21.433333,-71.15,Very Small,North Atlantic Ocean,Good,0.0
Benicia,United States,38.05,-122.15,Very Small,North Pacific Ocean,Excellent,0.0
Gaviota,United States,34.466667,-120.2,Very Small,North Pacific Ocean,Fair,0.0
Los Angeles,United States,33.75,-118.25,Large,North Pacific Ocean,Excellent,0.0
Long Beach,United States,33.766667,-118.183333,Medium,North Pacific Ocean,Excellent,0.0
Baytown,United States,29.733333,-95.016667,Very Small,Gulf of Mexico; North Atlantic Ocean,Good,0.0
Jacksonville,United States,30.316667,-81.65,Medium,North Atlantic Ocean,Excellent,0.0
Fernandina Beach,United States,30.683333,-81.466667,Small,North Atlantic Ocean,Good,0.0
Brunswick,United States,31.15,-81.5,Small,North Atlantic Ocean,Good,0.0
Darien,United States,31.366667,-81.433333,Very Small,North Atlantic Ocean,Good,0.0
Morehead City,United States,34.716667,-76.7,Very Small,North Atlantic Ocean,Good,0.0
Gananoque,Canada,44.333333,-76.166667,Very Small,Lake Ontario; Great Lakes,Excellent,0.0
Alexandria Bay,United States,44.333333,-75.916667,Very Small,Lake Ontario; Great Lakes,Excellent,0.0
Ellwood,United States,34.433333,-119.916667,Very Small,North Pacific Ocean,Fair,0.0
Beaufort,United States,34.716667,-76.666667,Very Small,North Atlantic Ocean,Good,0.0
Manati,Cuba,21.366667,-76.81666699999998,Small,North Atlantic Ocean,Good,165.0
Cockburn Harbor,Turks and Caicos Islands,21.5,-71.533333,Very Small,North Atlantic Ocean,Good,0.0
Charlevoix,United States,45.316667,-85.266667,Very Small,Lake Michigan; Great Lakes,Good,0.0
Lipari,Italy,38.483333,14.966667,Very Small,Tyrrhenian Sea; Mediterranean Sea; North Atlantic Ocean,Fair,0.0
Milos,Greece,36.716667,24.45,Very Small,Aegean Sea; Mediterranean Sea; North Atlantic Ocean,Good,0.0
Lakki,Greece,37.133333,26.85,Very Small,Aegean Sea; Mediterranean Sea; North Atlantic Ocean,Good,0.0
Baybay,Philippines,10.683333,124.8,Very Small,Philippine inland seas; North Pacific Ocean,Poor,0.0
Isabel,Philippines,10.916667,124.433333,Very Small,Philippine inland seas; North Pacific Ocean,Fair,0.0
Mackinac Island,United States,45.85,-84.616667,Very Small,Lake Huron; Great Lakes,Fair,0.0
Nahma,United States,45.833333,-86.666667,Very Small,Lake Michigan; Great Lakes,Fair,0.0
Manistique,United States,45.95,-86.25,Very Small,Lake Michigan; Great Lakes,Fair,0.0
El Hamra Oil Terminal,Egypt,30.983333,28.866667,Very Small,Mediterranean Sea; North Atlantic Ocean,Good,0.0
Brockville,Canada,44.583333,-75.666667,Very Small,Lake Ontario; Great Lakes,Excellent,0.0
Martinez,United States,38.033333,-122.133333,Very Small,North Pacific Ocean,Excellent,0.0
Alanya,Turkey,36.533333,32.0,Very Small,Mediterranean Sea; North Atlantic Ocean,Poor,0.0
Mohammedia,Morocco,33.716667,-7.4,Very Small,North Atlantic Ocean,Good,0.0
King Fahd Port,Saudi Arabia,23.95,38.216667,Very Small,Red Sea; Indian Ocean,Poor,420.0
Lingkas,Indonesia,3.283333,117.6,Small,Celebes Sea; North Pacific Ocean,Good,0.0
Namikata,Japan,34.116667,132.9,Very Small,Sea of Japan; North Pacific Ocean,Poor,0.0
Cape Palmas,Liberia,4.366667,-7.716667,Very Small,North Atlantic Ocean,Poor,0.0
Maasin,Philippines,10.133333,124.833333,Very Small,Bohol Sea; Philippine inland seas; North Pacific Ocean,Fair,0.0
Kikuma Ko,Japan,34.033333,132.833333,Very Small,Sea of Japan; North Pacific Ocean,Fair,0.0
Imabari Ko,Japan,34.066667,133.016667,Small,Sea of Japan; North Pacific Ocean,Fair,0.0
Cape Charles,United States,37.266667,-76.016667,Very Small,North Atlantic Ocean,Excellent,0.0
Southport,United States,33.916667,-78.016667,Very Small,North Atlantic Ocean,Good,0.0
Sapele,Nigeria,5.9,5.683333,Very Small,Bight of Benin; Gulf of Guinea; North Atlantic Ocean,Fair,0.0
St Ignace,United States,45.85,-84.716667,Very Small,Lake Huron; Great Lakes,Fair,0.0
Sayda,Lebanon,33.5,35.35,Very Small,Mediterranean Sea; North Atlantic Ocean,Fair,0.0
St. James Harbor,United States,45.733333,-85.516667,Very Small,Lake Michigan; Great Lakes,Fair,0.0
Yithion,Greece,36.75,22.566667,Very Small,Mediterranean Sea; North Atlantic Ocean,Fair,0.0
Port Arthur,United States,29.833333,-93.966667,Medium,Gulf of Mexico; North Atlantic Ocean,Good,0.0
Portoferraio,Italy,42.816667,10.333333,Small,Ligurian Sea; Mediterranean Sea; North Atlantic Ocean,Fair,0.0
Port Costa,United States,38.05,-122.183333,Very Small,North Pacific Ocean,Excellent,0.0
Traverse City,United States,44.766667,-85.616667,Very Small,Lake Michigan; Great Lakes,Fair,0.0
Sidon/zahrani Terminal,Lebanon,33.533333,35.316667,Very Small,Mediterranean Sea; North Atlantic Ocean,Poor,244.6
Port Inland,United States,45.966667,-85.866667,Very Small,Lake Michigan; Great Lakes,Fair,0.0
Oswego,United States,43.466667,-76.516667,Small,Lake Ontario; Great Lakes,Excellent,0.0
Zanzibar,Tanzania,-6.166667,39.183333,Small,Indian Ocean,Good,0.0
Warri,Nigeria,5.516667,5.733333,Very Small,Bight of Benin; Gulf of Guinea; North Atlantic Ocean,Good,250.0
Sabine Pass,United States,29.733333,-93.9,Very Small,Gulf of Mexico; North Atlantic Ocean,,0.0
Princetown,United States,37.5,-122.483333,Very Small,North Pacific Ocean,Good,0.0
Palm Beach,United States,26.766667,-80.04999999999998,Very Small,North Atlantic Ocean,Excellent,0.0
Petoskey,United States,45.366667,-84.966667,Very Small,Lake Michigan; Great Lakes,Fair,0.0
Redwood City,United States,37.533333,-122.2,Very Small,North Pacific Ocean,Excellent,0.0
Wilmington,United States,34.233333,-77.95,Medium,North Atlantic Ocean,Good,0.0
Rockport,Canada,44.383333,-75.933333,Very Small,Lake Ontario; Great Lakes,Excellent,0.0
St Augustine,United States,29.9,-81.31666699999998,Very Small,North Atlantic Ocean,Excellent,0.0
Sabine,United States,29.716667,-93.866667,Very Small,Gulf of Mexico; North Atlantic Ocean,,0.0
Ras   Lanuf,Libya,30.516667,18.566667,Very Small,Gulf of Sidra; Mediterranean Sea; North Atlantic Ocean,,0.0
Port Sulphur,United States,29.483333,-89.683333,Very Small,Gulf of Mexico; North Atlantic Ocean,Excellent,0.0
Tasucu,Turkey,36.316667,33.883333,Very Small,Mediterranean Sea; North Atlantic Ocean,Good,0.0
Wrightsville,United States,34.216667,-77.81666699999998,Small,North Atlantic Ocean,Good,0.0
Sturgeon Bay,United States,44.833333,-87.38333299999998,Small,Lake Michigan; Great Lakes,Excellent,0.0
Swansboro,United States,34.683333,-77.13333299999998,Very Small,North Atlantic Ocean,Fair,0.0
Shingu,Japan,33.666667,135.983333,Very Small,Sea of Japan; North Pacific Ocean,Poor,0.0
Owase Ko,Japan,34.066667,136.216667,Very Small,Sea of Japan; North Pacific Ocean,Fair,0.0
Piney Point,United States,38.133333,-76.533333,Very Small,North Atlantic Ocean,Excellent,0.0
Solomons Island,United States,38.316667,-76.45,Very Small,North Atlantic Ocean,Excellent,0.0
Port Romblon,Philippines,12.583333,122.266667,Very Small,Philippine inland seas; North Pacific Ocean,Fair,0.0
Raha Roadstead,Indonesia,-4.85,122.733333,Very Small,Banda Sea; South Pacific Ocean,Fair,0.0
Yanbu,Saudi Arabia,24.083333,38.05,Very Small,Red Sea; Indian Ocean,Poor,315.8
Ras Al Mishab,Saudi Arabia,28.116667,48.633333,Small,Persian Gulf; Indian Ocean,Fair,0.0
Washington D.C.,United States,38.866667,-77.033333,Small,North Atlantic Ocean,Excellent,0.0
Salif,Yemen,15.3,42.666667,Very Small,Red Sea; Indian Ocean,Fair,0.0
Salisbury,United States,38.366667,-75.59999999999998,Very Small,North Atlantic Ocean,Excellent,0.0
Pantelleria,Italy,36.838,11.942,Small,Mediterranean Sea; North Atlantic Ocean, ,0.0
Nishihara,Japan,26.216667,127.8,Very Small,East China Sea; North Pacific Ocean,Fair,0.0
Selaata,Lebanon,34.283333333,35.655,Very Small,Mediterranean Sea; North Atlantic Ocean, ,230.0
Mubarraz Oil Terminal,United Arab Emirates,24.433333,53.516667,Small,Persian Gulf; Indian Ocean,Fair,0.0
Doha,Qatar,25.283333,51.533333,Small,Persian Gulf; Indian Ocean,Fair,333.0
Zirkuh,United Arab Emirates,25.016667,53.0,Medium,Persian Gulf; Indian Ocean,Unknown,0.0
Fateh Oil Terminal,United Arab Emirates,25.583333,54.416667,Very Small,Persian Gulf; Indian Ocean,Poor,0.0
Al Shaheen Terminal,Qatar,26.583333,52.0,Very Small,Persian Gulf; Indian Ocean,,340.0
Jabal Az Zannah/ruways,United Arab Emirates,24.2,52.7,Medium,Persian Gulf; Indian Ocean,Fair,360.0
Jazirat Halul,Qatar,25.683333,52.416667,Very Small,Persian Gulf; Indian Ocean,Fair,0.0
Umm An Nar,United Arab Emirates,24.45,54.483333,Very Small,Persian Gulf; Indian Ocean,Good,170.0
Umm Said,Qatar,24.916667,51.566667,Small,Persian Gulf; Indian Ocean,Fair,340.0
Ras Laffan,Qatar,25.916667,51.583333,Medium,Persian Gulf; Indian Ocean,Good,345.0
Abu Zaby,United Arab Emirates,24.5,54.333333,Medium,Persian Gulf; Indian Ocean,Good,240.0
Jazirat Das,United Arab Emirates,25.15,52.866667,Very Small,Persian Gulf; Indian Ocean,Fair,300.0
Victoria,Malaysia,5.283333,115.233333,Small,South China Sea; North Pacific Ocean,Excellent,0.0
Puerto Princesa,Philippines,9.733333,118.733333,Small,Sulu Sea; North Pacific Ocean,Good,0.0
Polloc (Cotabato),Philippines,7.35,124.216667,Very Small,Celebes Sea; North Pacific Ocean,Fair,177.0
Port Dickson,Malaysia,2.533333,101.783333,Medium,Strait of Malacca; Indian Ocean,Fair,0.0
M'bya Oil Terminal,Gabon,-3.883333,10.933333,Very Small,South Atlantic Ocean,Poor,0.0
Etame Terminal,Gabon,-3.75,10.516667,Very Small,South Atlantic Ocean,Poor,0.0
Luba,Equatorial Guinea,3.5,8.566667,Very Small,Gulf of Guinea; North Atlantic Ocean,Fair,135.0
Picton,New Zealand,-41.283333,174.016667,Small,Cook Strait; South Pacific Ocean,Good,362.0
Teluk Bayur,Indonesia,-1.0,100.366667,Very Small,Indian Ocean,Fair,220.0
Wellington,New Zealand,-41.283333,174.783333,Large,Cook Strait; South Pacific Ocean,Excellent,325.0
Collingwood,New Zealand,-40.683333,172.666667,Very Small,Tasman Sea; South Pacific Ocean,Good,0.0
Ceiba Terminal,Equatorial Guinea,1.416667,9.233333,Very Small,Gulf of Guinea; North Atlantic Ocean,Poor,0.0
Jamestown,"Saint Helena, Ascension, and Tristan da Cunha",-15.916667,-5.716667,Large,South Atlantic Ocean,Poor,0.0
Sumbe,Angola,-11.2,13.833333,Very Small,South Atlantic Ocean,Poor,0.0
Port Gentil,Gabon,-0.7,8.8,Medium,Gulf of Guinea; North Atlantic Ocean,Excellent,210.0
Takula Terminal,Angola,-5.216667,11.783333,Small,South Atlantic Ocean,Poor,0.0
Georgetown,"Saint Helena, Ascension, and Tristan da Cunha",-7.933333,-14.416667,Medium,South Atlantic Ocean,Poor,0.0
Luanda,Angola,-8.8,13.25,Small,South Atlantic Ocean,Excellent,300.0
Malongo Oil Terminal,Angola,-5.433333,12.083333,Small,South Atlantic Ocean,Poor,100.7
Luderitz Bay,Namibia,-26.65,15.15,Small,South Atlantic Ocean,Fair,150.0
Porto De Suape,Brazil,-8.4,-34.966667,Small,South Atlantic Ocean,Good,320.0
Tarakohe,New Zealand,-40.85,172.9,Very Small,Tasman Sea; South Pacific Ocean,Fair,0.0
Linden,Guyana,6.0,-58.3,Very Small,North Atlantic Ocean,Excellent,140.0
Cogo,Equatorial Guinea,1.083333,9.7,Very Small,Gulf of Guinea; North Atlantic Ocean,Poor,0.0
Namibe,Angola,-15.2,12.15,Small,South Atlantic Ocean,Fair,225.0
Soyo Angola Lng Terminal,Angola,-6.116667,12.333333,Very Small,South Atlantic Ocean,Fair,299.1
Cape Town,South Africa,-33.916667,18.416667,Large,South Atlantic Ocean,Good,339.6
Porto De Mucuripe,Brazil,-3.716667,-38.483333,Small,South Atlantic Ocean,Good,299.5
Oguendjo Terminal,Gabon,-1.466667,8.916667,Small,South Atlantic Ocean,Poor,0.0
Port Owendo,Gabon,0.283333,9.5,Small,Gulf of Guinea; North Atlantic Ocean,Good,300.0
Banana,Congo (Kinshasa),-5.983333,12.383333,Very Small,South Atlantic Ocean,Good,130.0
Paramaribo,Suriname,5.833333,-55.166667,Small,North Atlantic Ocean,Excellent,225.0
Libreville,Gabon,0.383333,9.45,Medium,Gulf of Guinea; North Atlantic Ocean,Good,76.0
Camocim,Brazil,-2.9,-40.833333,Very Small,South Atlantic Ocean,Good,100.0
Cagliari,Italy,39.19,9.102,Medium,Mediterranean Sea; North Atlantic Ocean,Good,304.0
Nelson,New Zealand,-41.266667,173.266667,Small,Tasman Sea; South Pacific Ocean,Good,243.0
Porto Do Ambriz,Angola,-7.833333,13.1,Very Small,South Atlantic Ocean,Poor,0.0
Nieuw Nickerie,Suriname,5.95,-57.0,Very Small,North Atlantic Ocean,Fair,163.0
Lobito,Angola,-12.333333,13.566667,Small,South Atlantic Ocean,Good,275.0
Olowi Marine Terminal,Gabon,-3.133333,10.216667,Very Small,South Atlantic Ocean,Poor,0.0
New Amsterdam,Guyana,6.25,-57.516667,Very Small,North Atlantic Ocean,Good,0.0
Kuito Oil Field,Angola,-5.466667,11.5,Very Small,South Atlantic Ocean,Poor,0.0
Bata,Equatorial Guinea,1.866667,9.766667,Very Small,Gulf of Guinea; North Atlantic Ocean,Poor,0.0
Cabinda,Angola,-5.533333,12.2,Small,South Atlantic Ocean,Good,0.0
Gamba Oil Terminal,Gabon,-2.833333,10.0,Very Small,South Atlantic Ocean,Poor,0.0
Djeno Terminal,Congo (Brazzaville),-4.933333,11.9,Very Small,South Atlantic Ocean,Poor,0.0
Yombo Terminal,Congo (Brazzaville),-4.45,11.1,Very Small,South Atlantic Ocean,Poor,0.0
Saldanha Bay,South Africa,-33.033333,17.966667,Medium,South Atlantic Ocean,Fair,340.0
Cap Lopez,Gabon,-0.633333,8.716667,Very Small,Gulf of Guinea; North Atlantic Ocean,Fair,340.0
Punta Europa Terminal,Equatorial Guinea,3.783333,8.716667,Very Small,Gulf of Guinea; North Atlantic Ocean,Poor,0.0
Walvis Bay,Namibia,-22.95,14.5,Small,South Atlantic Ocean,Good,335.6
N'kossa Terminal,Congo (Brazzaville),-5.266667,11.566667,Very Small,South Atlantic Ocean,Poor,0.0
Sao Tome,Sao Tome and Principe,0.35,6.733333,Very Small,Gulf of Guinea; North Atlantic Ocean,Fair,0.0
Malabo,Equatorial Guinea,3.75,8.783333,Small,Gulf of Guinea; North Atlantic Ocean,Fair,175.0
Kizomba C Terminal,Angola,-6.316667,11.283333,Very Small,South Atlantic Ocean,Poor,0.0
Paranam,Suriname,5.616667,-55.1,Very Small,North Atlantic Ocean,Excellent,220.0
Futila Terminal,Angola,-5.45,12.183333,Very Small,South Atlantic Ocean,Poor,0.0
Guamare Oil Terminal,Brazil,-4.866667,-36.283333,Very Small,South Atlantic Ocean,Poor,0.0
Palanca Terminal,Angola,-6.95,12.4,Small,South Atlantic Ocean,Poor,0.0
Recife,Brazil,-8.05,-34.866667,Medium,South Atlantic Ocean,Fair,0.0
Pointe Noire,Congo (Brazzaville),-4.783333,11.833333,Small,South Atlantic Ocean,Good,337.0
Porto Amboim,Angola,-10.733333,13.75,Very Small,South Atlantic Ocean,Poor,146.0
Hon Gai,Vietnam,20.95,107.066667,Very Small,Gulf of Tonkin; South China Sea; North Pacific Ocean,Fair,0.0
Haimen,China,28.683333,121.45,Very Small,East China Sea; North Pacific Ocean,Good,0.0
Zhoushan,China,30.0,122.1,Small,East China Sea; North Pacific Ocean,Good,0.0
Puerto San Antonio,Chile,-33.583333,-71.616667,Small,South Pacific Ocean,Fair,0.0
De Kastri,Russia,51.466667,140.783333,Medium,Tatar Strait; North Pacific Ocean,Poor,150.0
Lezardrieux,France,48.790299727,-3.098863445,Very Small,English Channel; North Atlantic Ocean,Fair,80.0
Ch'ongjin,North Korea,41.766667,129.816667,Small,Sea of Japan; North Pacific Ocean,Fair,0.0
Mangagoy,Philippines,8.233333,126.316667,Small,Bohol Sea; Philippine inland seas; North Pacific Ocean,Good,0.0
Honolulu,United States,21.3,-157.866667,Medium,North Pacific Ocean,Excellent,0.0
Barber's Point,United States,21.316667,-158.116667,Very Small,North Pacific Ocean,Fair,0.0
Kaunakakai,United States,21.083333,-157.033333,Very Small,North Pacific Ocean,Good,0.0
Lahaina,United States,20.866667,-156.666667,Very Small,North Pacific Ocean,Good,0.0
Kahului,United States,20.9,-156.466667,Very Small,North Pacific Ocean,Good,0.0
Kiholo,United States,19.866667,-155.95,Very Small,North Pacific Ocean,Fair,0.0
Kauhako Bay,United States,19.383333,-155.9,Very Small,North Pacific Ocean,Fair,0.0
Milolii,United States,19.183333,-155.9,Very Small,North Pacific Ocean,Poor,0.0
Honuapo,United States,19.083333,-155.55,Very Small,North Pacific Ocean,Poor,0.0
Husum,Germany,54.483333,9.05,Very Small,North Sea; North Atlantic Ocean,Fair,0.0
Hilo,United States,19.733333,-155.066667,Medium,North Pacific Ocean,Good,0.0
Honokaa,United States,20.1,-155.466667,Very Small,North Pacific Ocean,Poor,0.0
Greymouth,New Zealand,-42.433333,171.216667,Very Small,Tasman Sea; South Pacific Ocean,Good,109.0
New Plymouth,New Zealand,-39.066667,174.033333,Small,Tasman Sea; South Pacific Ocean,Fair,0.0
Mangkasa Oil Terminal,Indonesia,-2.733333,121.066667,Small,Teluk Bone; Banda Sea; South Pacific Ocean,Poor,0.0
Bitung,Indonesia,1.433333,125.183333,Very Small,Molucca Sea; North Pacific Ocean,Excellent,0.0
Safaja,Egypt,26.733333,33.95,Small,Red Sea; Indian Ocean,Good,293.2
Al Qusayr,Egypt,26.1,34.283333,Very Small,Red Sea; Indian Ocean,Fair,0.0
Hoquiam,United States,46.966667,-123.9,Small,North Pacific Ocean,Excellent,0.0
Forari Bay,Vanuatu,-17.683333,168.55,Very Small,South Pacific Ocean,Fair,0.0
Honiara,Solomon Islands,-9.416667,159.95,Very Small,Solomon Sea; South Pacific Ocean,Good,0.0
Gizo Harbor,Solomon Islands,-8.1,156.85,Very Small,Solomon Sea; South Pacific Ocean,Excellent,0.0
Kokopo,Papua New Guinea,-4.333333,152.266667,Very Small,Bismarck Sea; South Pacific Ocean,Fair,0.0
Longan Island,Papua New Guinea,-1.216667,144.3,Very Small,South Pacific Ocean,Poor,0.0
Malakal Harbor,Palau,7.333333,134.45,Very Small,North Pacific Ocean,Good,0.0
Colonia,Federated States of Micronesia,9.516667,138.133333,Very Small,North Pacific Ocean,Good,0.0
Moen,Federated States of Micronesia,7.433333,151.833333,Very Small,North Pacific Ocean,Good,0.0
Lele Harbor,Federated States of Micronesia,5.333333,163.033333,Very Small,North Pacific Ocean,Fair,0.0
Johnston Atoll,Johnson Atoll,16.75,-169.516667,Very Small,North Pacific Ocean,Fair,0.0
Matadi,Congo (Kinshasa),-5.816667,13.45,Small,South Atlantic Ocean,Good,189.9
Boma,Congo (Kinshasa),-5.85,13.05,Small,South Atlantic Ocean,Fair,178.5
Misratah,Libya,32.366667,15.216667,Very Small,Mediterranean Sea; North Atlantic Ocean,Fair,0.0
Derince Burnu,Turkey,40.75,29.816667,Small,Sea of Marmara; Mediterranean Sea; North Atlantic Ocean,Fair,0.0
Haydarpasa,Turkey,41.0,29.016667,Medium,Sea of Marmara; Mediterranean Sea; North Atlantic Ocean,Good,0.0
Giresun,Turkey,40.933333,38.4,Very Small,Black Sea; North Atlantic Ocean,Fair,0.0
Flying Fish Cove,Christmas Island,-10.416667,105.7,Medium,Indian Ocean,Fair,0.0
Novorossiysk,Russia,44.716667,37.783333,Large,Black Sea; North Atlantic Ocean,Good,0.0
Azov,Russia,47.1,39.433333,Very Small,Sea of Azov; Black Sea; North Atlantic Ocean,Good,0.0
Mariupol,Ukraine,47.083333,37.566667,Small,Sea of Azov; Black Sea; North Atlantic Ocean,Good,0.0
Berdyansk,Ukraine,46.75,36.783333,Small,Sea of Azov; Black Sea; North Atlantic Ocean,Fair,0.0
Kerch,Ukraine,45.35,36.483333,Small,Black Sea; North Atlantic Ocean,Good,0.0
Feodosiya,Ukraine,45.016667,35.433333,Small,Black Sea; North Atlantic Ocean,Good,0.0
Kherson,Ukraine,46.616667,32.6,Small,Black Sea; North Atlantic Ocean,Good,0.0
Odesa,Ukraine,46.483333,30.733333,Large,Black Sea; North Atlantic Ocean,Good,0.0
Illichivsk,Ukraine,46.3,30.65,Large,Black Sea; North Atlantic Ocean,Good,0.0
Constanta,Romania,44.166667,28.65,Medium,Black Sea; North Atlantic Ocean,Good,0.0
Mangalia,Romania,43.816667,28.583333,Very Small,Black Sea; North Atlantic Ocean,Fair,0.0
Istanbul,Turkey,41.016667,28.966667,Large,Sea of Marmara; Mediterranean Sea; North Atlantic Ocean,Fair,0.0
Galati,Romania,45.416667,28.083333,Small,Black Sea; North Atlantic Ocean,Good,153.9
Braila,Romania,45.25,27.983333,Very Small,Black Sea; North Atlantic Ocean,Good,140.9
Mallaig,United Kingdom,57.0,-5.816667,Very Small,North Atlantic Ocean,Fair,0.0
Lochmaddy,United Kingdom,57.6,-7.166667,Very Small,North Atlantic Ocean,Good,0.0
Klaksvik,Faroe Islands,62.233333,-6.583333,Very Small,Norwegian Sea; North Atlantic Ocean,Good,0.0
Lerwick,United Kingdom,60.167,-1.15,Medium,North Sea; North Atlantic Ocean,Fair,200.0
Burghead,United Kingdom,57.7,-3.5,Very Small,North Sea; North Atlantic Ocean,Good,0.0
Buckie Harbor,United Kingdom,57.683333,-2.966667,Very Small,North Sea; North Atlantic Ocean,Good,0.0
Fraserburgh Harbor,United Kingdom,57.683333,-2.0,Small,North Sea; North Atlantic Ocean,Fair,0.0
Aberdeen,United Kingdom,57.15,-2.083333,Medium,North Sea; North Atlantic Ocean,Good,0.0
Montrose,United Kingdom,56.7,-2.466667,Very Small,North Sea; North Atlantic Ocean,Good,0.0
Dundee,United Kingdom,56.466667,-2.95,Large,North Sea; North Atlantic Ocean,Excellent,0.0
Grangemouth,United Kingdom,56.016667,-3.716667,Small,North Sea; North Atlantic Ocean,Excellent,0.0
Leith,United Kingdom,55.983333,-3.183333,Medium,North Sea; North Atlantic Ocean,Good,0.0
Berwick-Upon-Tweed,United Kingdom,55.766667,-2.0,Very Small,North Sea; North Atlantic Ocean,Good,0.0
Blyth,United Kingdom,55.116667,-1.5,Medium,North Sea; North Atlantic Ocean,Good,0.0
Bridlington,United Kingdom,54.083333,-0.183333,Very Small,North Sea; North Atlantic Ocean,Good,0.0
Goole,United Kingdom,53.7,-0.833333,Small,North Sea; North Atlantic Ocean,Excellent,0.0
Kingston Upon Hull,United Kingdom,53.75,-0.283333,Medium,North Sea; North Atlantic Ocean,Excellent,0.0
Immingham,United Kingdom,53.633333,-0.2,Medium,North Sea; North Atlantic Ocean,Excellent,0.0
Grimsby,United Kingdom,53.583333,-0.0666669999999,Medium,North Sea; North Atlantic Ocean,Excellent,0.0
King's Lynn,United Kingdom,52.75,0.4,Small,North Sea; North Atlantic Ocean,Excellent,0.0
Great Yarmouth,United Kingdom,52.616667,1.733333,Small,North Sea; North Atlantic Ocean,Excellent,0.0
Lowestoft,United Kingdom,52.483333,1.75,Small,North Sea; North Atlantic Ocean,Excellent,0.0
Felixstowe,United Kingdom,51.95,1.316667,Very Small,North Sea; North Atlantic Ocean,Fair,0.0
Ipswich,United Kingdom,52.05,1.166667,Small,North Sea; North Atlantic Ocean,Fair,0.0
Harwich,United Kingdom,51.95,1.283333,Small,North Sea; North Atlantic Ocean,Fair,0.0
Gravesend,United Kingdom,51.45,0.366667,Small,North Sea; North Atlantic Ocean,Excellent,0.0
Oostende,Belgium,51.233333,2.916667,Small,North Sea; North Atlantic Ocean,Fair,0.0
Bruges,Belgium,51.233333,3.216667,Very Small,North Sea; North Atlantic Ocean,Excellent,0.0
Ghent,Belgium,51.066667,3.733333,Medium,North Sea; North Atlantic Ocean,Fair,0.0
Bruxelles,Belgium,50.866667,4.35,Small,North Sea; North Atlantic Ocean,Excellent,0.0
Antwerpen,Belgium,51.216667,4.4,Large,North Sea; North Atlantic Ocean,Good,0.0
Dordrecht,Netherlands,51.816667,4.65,Medium,North Sea; North Atlantic Ocean,Good,0.0
Amsterdam,Netherlands,52.366667,4.9,Large,North Sea; North Atlantic Ocean,Excellent,0.0
Ijmuiden,Netherlands,52.466667,4.583333,Small,North Sea; North Atlantic Ocean,Good,0.0
Harlingen,Netherlands,53.183333,5.416667,Very Small,North Sea; North Atlantic Ocean,Fair,0.0
Delfzijl,Netherlands,53.333333,6.933333,Small,North Sea; North Atlantic Ocean,Good,0.0
Emden,Germany,53.333333,7.183333,Medium,North Sea; North Atlantic Ocean,Good,0.0
Bremen,Germany,53.133333,8.766667,Large,North Sea; North Atlantic Ocean,Fair,0.0
Nordenham,Germany,53.483333,8.483333,Small,North Sea; North Atlantic Ocean,Good,0.0
Bremerhaven,Germany,53.533333,8.583333,Large,North Sea; North Atlantic Ocean,Excellent,0.0
Cuxhaven,Germany,53.866667,8.716667,Medium,North Sea; North Atlantic Ocean,Good,0.0
Hamburg,Germany,53.55,9.933333,Large,North Sea; North Atlantic Ocean,Excellent,0.0
Itzehoe,Germany,53.916667,9.516667,Very Small,North Sea; North Atlantic Ocean,Fair,0.0
Arhus,Denmark,56.15,10.216667,Medium,Kattegat; North Atlantic Ocean,Good,450.0
Odense,Denmark,55.416667,10.383333,Small,Kattegat; North Atlantic Ocean,Excellent,333.1
Bandholm,Denmark,54.833333,11.5,Small,Baltic Sea; North Atlantic Ocean,Excellent,128.0
Helsingor,Denmark,56.033333,12.616667,Very Small,Baltic Sea; North Atlantic Ocean,Good,0.0
Flensburg,Germany,54.8,9.433333,Small,Baltic Sea; North Atlantic Ocean,Good,0.0
Lulea,Sweden,65.583333,22.166667,Medium,Gulf of Bothnia; Baltic Sea; North Atlantic Ocean,Good,299.0
Gavle,Sweden,60.683333,17.166667,Small,Gulf of Bothnia; Baltic Sea; North Atlantic Ocean,Good,366.0
Nynashamn,Sweden,58.9,17.966667,Small,Baltic Sea; North Atlantic Ocean,Excellent,300.0
Nykoping,Sweden,58.75,17.016667,Small,Baltic Sea; North Atlantic Ocean,Good,0.0
Kalmar,Sweden,56.666667,16.366667,Very Small,Baltic Sea; North Atlantic Ocean,Good,185.0
Karlskrona,Sweden,56.166667,15.6,Very Small,Baltic Sea; North Atlantic Ocean,Good,0.0
Limhamn,Sweden,55.591111111,12.918333333,Very Small,Baltic Sea; North Atlantic Ocean,Good,0.0
Malmo,Sweden,55.623333333,12.984722222,Large,Baltic Sea; North Atlantic Ocean,Good,250.0
Landskrona,Sweden,55.859722222,12.826666667,Small,Baltic Sea; North Atlantic Ocean,Good,190.0
Falkenberg,Sweden,56.881666667,12.466111111,Medium,Kattegat; North Atlantic Ocean,Good,0.0
Goteborg,Sweden,57.709722222,11.954722222,Large,Kattegat; North Atlantic Ocean,Good,0.0
Fredrikstad,Norway,59.179166667,10.952777778,Small,Skagerrak; North Atlantic Ocean,Good,0.0
Moss,Norway,59.440555556,10.655277778,Small,Skagerrak; North Atlantic Ocean,Good,0.0
Newport,United States,41.5,-71.333333,Small,North Atlantic Ocean,Excellent,0.0
Edgartown,United States,41.383333,-70.5,Very Small,North Atlantic Ocean,Good,0.0
Falmouth,United States,41.55,-70.616667,Very Small,North Atlantic Ocean,Fair,0.0
Bordeaux,France,44.866667,-0.566667,Large,Bay of Biscay; North Atlantic Ocean,Excellent,0.0
Dieppe,France,49.933333,1.083333,Small,English Channel; North Atlantic Ocean,Good,0.0
Calais,France,50.966667,1.85,Small,English Channel; North Atlantic Ocean,Good,0.0
Gravelines,France,51.0,2.116667,Very Small,North Sea; North Atlantic Ocean,Good,0.0
Dunkerque Port Ouest,France,51.066667,2.35,Medium,North Sea; North Atlantic Ocean,Good,0.0
Dunkerque Port Est,France,51.05,2.383333,Medium,North Sea; North Atlantic Ocean,Excellent,0.0
Dover Harbor,United Kingdom,51.116667,1.333333,Small,English Channel; North Atlantic Ocean,Fair,0.0
Newhaven Harbour,United Kingdom,50.783333,0.0500000000001,Very Small,English Channel; North Atlantic Ocean,Good,0.0
Littlehampton Harbour,United Kingdom,50.783333,-0.533333,Very Small,English Channel; North Atlantic Ocean,Good,0.0
Cowes Harbour,United Kingdom,50.766667,-1.3,Small,English Channel; North Atlantic Ocean,Good,0.0
Brixham Harbour,United Kingdom,50.4,-3.516667,Very Small,English Channel; North Atlantic Ocean,Good,0.0
Dartmouth Harbour,United Kingdom,50.35,-3.616667,Small,English Channel; North Atlantic Ocean,Excellent,0.0
Fowey Harbour,United Kingdom,50.333333,-4.633333,Small,English Channel; North Atlantic Ocean,Excellent,0.0
Falmouth Harbour,United Kingdom,50.15,-5.066667,Medium,English Channel; North Atlantic Ocean,Good,0.0
Hayle,United Kingdom,50.183333,-5.416667,Very Small,Celtic Sea; North Atlantic Ocean,Good,0.0
Bideford,United Kingdom,51.033333,-4.2,Small,Bristol Channel; North Atlantic Ocean,Good,0.0
Bristol,United Kingdom,51.466667,-2.633333,Medium,Bristol Channel; North Atlantic Ocean,Excellent,0.0
Avonmouth,United Kingdom,51.5,-2.716667,Small,Bristol Channel; North Atlantic Ocean,Excellent,0.0
Cardiff,United Kingdom,51.45,-3.166667,Medium,Bristol Channel; North Atlantic Ocean,Excellent,0.0
Barry,United Kingdom,51.4,-3.266667,Medium,Bristol Channel; North Atlantic Ocean,Excellent,0.0
Milford Haven,United Kingdom,51.716667,-5.033333,Medium,Celtic Sea; North Atlantic Ocean,Fair,0.0
Manchester,United Kingdom,53.483333,-2.266667,Large,Irish Sea; North Atlantic Ocean,Excellent,0.0
Liverpool,United Kingdom,53.416667,-3.0,Large,Irish Sea; North Atlantic Ocean,Excellent,0.0
Fleetwood,United Kingdom,53.916667,-3.016667,Small,Irish Sea; North Atlantic Ocean,Excellent,0.0
Barrow In Furness,United Kingdom,54.116667,-3.233333,Medium,Irish Sea; North Atlantic Ocean,Good,0.0
Fenit,Ireland,52.266667,-9.866667,Very Small,North Atlantic Ocean,Good,0.0
Galway,Ireland,53.266667,-9.05,Very Small,North Atlantic Ocean,Fair,0.0
Killybegs,Ireland,54.633333,-8.45,Very Small,North Atlantic Ocean,Excellent,0.0
Londonderry,United Kingdom,55.0,-7.316667,Medium,North Atlantic Ocean,Excellent,0.0
Ardglass,United Kingdom,54.266667,-5.616667,Very Small,Irish Sea; North Atlantic Ocean,Poor,0.0
Douglas,Isle of Man,54.15,-4.466667,Small,Irish Sea; North Atlantic Ocean,Good,0.0
Ayr,United Kingdom,55.466667,-4.633333,Very Small,North Atlantic Ocean,Good,0.0
Millport,United Kingdom,55.75,-4.916667,Small,North Atlantic Ocean,Fair,0.0
Glasgow,United Kingdom,55.866667,-4.283333,Medium,North Atlantic Ocean,Excellent,0.0
Ardrishaig,United Kingdom,56.016667,-5.45,Very Small,North Atlantic Ocean,Fair,0.0
Campbeltown,United Kingdom,55.433333,-5.6,Small,North Atlantic Ocean,Good,0.0
Bangor,United States,44.8,-68.766667,Small,North Atlantic Ocean,Good,0.0
Jonesport,United States,44.533333,-67.616667,Very Small,North Atlantic Ocean,Good,0.0
Lubec,United States,44.866667,-66.983333,Very Small,Bay of Fundy; North Atlantic Ocean,Good,0.0
Liverpool (Brooklyn),Canada,44.033333,-64.65,Small,North Atlantic Ocean,Good,0.0
Halifax,Canada,44.65,-63.583333,Large,North Atlantic Ocean,Excellent,0.0
Little Bras D Or,Canada,46.25,-60.3,Very Small,North Atlantic Ocean,Excellent,0.0
Horten,Norway,59.416667,10.5,Medium,Skagerrak; North Atlantic Ocean,Good,0.0
Brevik,Norway,59.066667,9.7,Small,Skagerrak; North Atlantic Ocean,Good,0.0
Kodiak,United States,57.783333,-152.4,Small,Gulf of Alaska; North Pacific Ocean,Good,0.0
Anchorage,United States,61.216667,-149.9,Small,Cook Inlet; Gulf of Alaska; North Pacific Ocean,Fair,0.0
Nikiski,United States,60.683333,-151.4,Very Small,Cook Inlet; Gulf of Alaska; North Pacific Ocean,Fair,0.0
Homer,United States,59.6,-151.416667,Very Small,Cook Inlet; Gulf of Alaska; North Pacific Ocean,Fair,0.0
Cordova,United States,60.55,-145.766667,Small,Gulf of Alaska; North Pacific Ocean,Good,0.0
Knudson Cove,United States,55.466667,-131.8,Very Small,Alaska-Canada coastal waters; North Pacific Ocean,Poor,0.0
Kemano Bay,Canada,53.483333,-128.133333,Very Small,Alaska-Canada coastal waters; North Pacific Ocean,Good,0.0
Coal Harbor,Canada,50.6,-127.583333,Very Small,North Pacific Ocean,Good,0.0
Comox Harbor,Canada,49.666667,-124.916667,Small,Alaska-Canada coastal waters; North Pacific Ocean,Good,0.0
Fraser Mills,Canada,49.224147222,-122.855966667,Very Small,Alaska-Canada coastal waters; North Pacific Ocean,Fair,0.0
New Westminster,Canada,49.2,-122.916667,Medium,Alaska-Canada coastal waters; North Pacific Ocean,Fair,0.0
Friday Harbor,United States,48.533333,-123.016667,Very Small,Alaska-Canada coastal waters; North Pacific Ocean,Excellent,0.0
Everett,United States,48.0,-122.216667,Small,Alaska-Canada coastal waters; North Pacific Ocean,Excellent,0.0
Mukilteo,United States,47.95,-122.3,Very Small,Alaska-Canada coastal waters; North Pacific Ocean,Excellent,0.0
Edwards Point,United States,47.8,-122.4,Very Small,Alaska-Canada coastal waters; North Pacific Ocean,Good,0.0
Kiel,Germany,54.316667,10.133333,Large,Baltic Sea; North Atlantic Ocean,Good,315.7
Lubeck-Travemunde,Germany,53.966667,10.883333,Small,Baltic Sea; North Atlantic Ocean,Good,0.0
Nowy Port,Poland,54.416667,18.666667,Small,Baltic Sea; North Atlantic Ocean,Excellent,0.0
Gdansk,Poland,54.35,18.666667,Large,Baltic Sea; North Atlantic Ocean,Excellent,400.0
Kaliningrad,Russia,54.7,20.483333,Medium,Baltic Sea; North Atlantic Ocean,Excellent,200.0
Hamina,Finland,60.566667,27.2,Small,Gulf of Finland; Baltic Sea; North Atlantic Ocean,Good,216.7
Mantyluoto,Finland,61.6,21.483333333,Medium,Gulf of Bothnia; Baltic Sea; North Atlantic Ocean,Good,0.0
Nykarleby,Finland,63.516667,22.533333,Very Small,Gulf of Bothnia; Baltic Sea; North Atlantic Ocean,Good,0.0
Olympia,United States,47.05,-122.9,Small,Alaska-Canada coastal waters; North Pacific Ocean,Excellent,0.0
Bremerton,United States,47.566667,-122.65,Medium,Alaska-Canada coastal waters; North Pacific Ocean,Excellent,0.0
Neah Bay,United States,48.366667,-124.616667,Very Small,Alaska-Canada coastal waters; North Pacific Ocean,Good,0.0
La Push,United States,47.9,-124.633333,Very Small,North Pacific Ocean,Good,0.0
Aberdeen,United States,46.983333,-123.816667,Small,North Pacific Ocean,Excellent,0.0
Nahcotta,United States,46.5,-124.033333,Very Small,North Pacific Ocean,Excellent,0.0
Longview,United States,46.133333,-122.933333,Small,North Pacific Ocean,Excellent,0.0
Astoria,United States,46.2,-123.833333,Small,North Pacific Ocean,Excellent,0.0
Newport,United States,44.633333,-124.05,Very Small,North Pacific Ocean,Excellent,0.0
Bandon,United States,43.116667,-124.416667,Very Small,North Pacific Ocean,Excellent,0.0
Crescent City,United States,41.75,-124.2,Very Small,North Pacific Ocean,Fair,0.0
Eureka,United States,40.8,-124.183333,Small,North Pacific Ocean,Good,0.0
Fields Landing,United States,40.716667,-124.216667,Very Small,North Pacific Ocean,Good,0.0
Antofagasta,Chile,-23.65,-70.416667,Medium,South Pacific Ocean,Good,0.0
Coquimbo,Chile,-29.95,-71.333333,Very Small,South Pacific Ocean,Good,0.0
Mar Del Plata,Argentina,-38.033333,-57.533333,Small,South Atlantic Ocean,Good,280.0
La Plata,Argentina,-34.833333,-57.883333,Medium,Rio de la Plata; South Atlantic Ocean,Excellent,0.0
Buenos Aires,Argentina,-34.6,-58.366667,Large,Rio de la Plata; South Atlantic Ocean,Excellent,0.0
Nueva Palmira,Uruguay,-33.883333,-58.416667,Very Small,Rio de la Plata; South Atlantic Ocean,Good,0.0
Imbituba,Brazil,-28.233333,-48.666667,Very Small,South Atlantic Ocean,Poor,0.0
Harstad,Norway,68.8,16.55,Medium,Norwegian Sea; North Atlantic Ocean,Good,0.0
Charlottetown,Canada,46.233333,-63.133333,Small,Gulf of Saint Lawrence; North Atlantic Ocean,Good,0.0
Georgetown,Canada,46.183333,-62.533333,Small,Gulf of Saint Lawrence; North Atlantic Ocean,Good,0.0
Grand Marais,United States,47.75,-90.333333,Very Small,Lake Superior; Great Lakes,Excellent,0.0
Duluth,United States,46.766667,-92.1,Medium,Lake Superior; Great Lakes,Excellent,0.0
Bayfield,United States,46.8,-90.816667,Very Small,Lake Superior; Great Lakes,Poor,0.0
Ashland,United States,46.6,-90.866667,Small,Lake Superior; Great Lakes,Good,0.0
Marquette,United States,46.533333,-87.38333299999998,Small,Lake Superior; Great Lakes,Good,0.0
Grand Marais,United States,46.683333,-85.966667,Very Small,Lake Superior; Great Lakes,Good,0.0
Michipicoten,Canada,47.966667,-84.9,Very Small,Lake Superior; Great Lakes,Poor,0.0
Kaukauna,United States,44.283333,-88.266667,Very Small,Lake Michigan; Great Lakes,Excellent,0.0
Depere,United States,44.45,-88.06666699999998,Very Small,Lake Michigan; Great Lakes,Good,0.0
Manitowoc,United States,44.092222222,-87.64833333299998,Medium,Lake Michigan; Great Lakes,Fair,0.0
Milwaukee,United States,43.033333,-87.88333299999998,Medium,Lake Michigan; Great Lakes,Excellent,0.0
Kenosha,United States,42.583333,-87.81666699999998,Very Small,Lake Michigan; Great Lakes,Good,0.0
Chicago,United States,41.883333,-87.59999999999998,Medium,Lake Michigan; Great Lakes,Excellent,0.0
Calumet Harbor,United States,41.733333,-87.516667,Medium,Lake Michigan; Great Lakes,Excellent,0.0
Indiana Harbor,United States,41.666667,-87.433333,Medium,Lake Michigan; Great Lakes,Fair,0.0
Gary,United States,41.616667,-87.33333299999998,Medium,Lake Michigan; Great Lakes,Good,0.0
Michigan City,United States,41.733333,-86.9,Small,Lake Michigan; Great Lakes,Fair,0.0
Holland,United States,42.783333,-86.13333299999998,Small,Lake Michigan; Great Lakes,Fair,0.0
Grand Haven,United States,43.066667,-86.233333,Small,Lake Michigan; Great Lakes,Fair,0.0
Muskegon,United States,43.233333,-86.266667,Small,Lake Michigan; Great Lakes,Excellent,0.0
Ludington,United States,43.95,-86.45,Small,Lake Michigan; Great Lakes,Excellent,0.0
Manistee,United States,44.25,-86.31666699999998,Small,Lake Michigan; Great Lakes,Excellent,0.0
Cheboygan,United States,45.65,-84.466667,Small,Lake Huron; Great Lakes,Excellent,0.0
Bredvik,Norway,70.583333,22.133333,Very Small,Norwegian Sea; North Atlantic Ocean,Good,0.0
Kirkenes,Norway,69.729722222,30.068888889,Small,Barents Sea; Arctic Ocean,Good,210.0
Barrow,United States,71.283333,-156.783333,Very Small,Arctic Ocean,Poor,0.0
Deering,United States,66.083333,-162.733333,Very Small,Chukchi Sea; Arctic Ocean,Fair,0.0
Nome,United States,64.5,-165.416667,Small,Bering Sea; North Pacific Ocean,Poor,0.0
Clarks Point,United States,58.85,-158.55,Very Small,Bristol Bay; Bering Sea; North Pacific Ocean,Fair,0.0
Constantine Harbor,United States,51.4,179.3,Very Small,Bering Sea; North Pacific Ocean,Fair,0.0
Adak Naval Air Station,United States,51.866667,-176.633333,Small,Bering Sea; North Pacific Ocean,Fair,0.0
Dutch Harbor,United States,53.9,-166.533333,Small,Bering Sea; North Pacific Ocean,Poor,0.0
King Cove,United States,55.05,-162.316667,Very Small,North Pacific Ocean,Poor,0.0
Baralof Bay,United States,55.233333,-160.533333,Very Small,North Pacific Ocean,Fair,0.0
Larsen Bay,United States,57.533333,-153.983333,Very Small,Gulf of Alaska; North Pacific Ocean,Good,0.0
Lazy Bay,United States,56.9,-154.25,Very Small,North Pacific Ocean,Poor,0.0
Natal,Brazil,-5.783333,-35.2,Small,South Atlantic Ocean,Good,190.0
Cameta,Brazil,-2.25,-49.5,Very Small,South Atlantic Ocean,Good,0.0
Belem,Brazil,-1.45,-48.5,Medium,South Atlantic Ocean,Good,210.0
Kristiansand,Norway,58.138888889,8.012777778,Small,Skagerrak; North Atlantic Ocean,Good,200.0
Mandal,Norway,58.016667,7.466667,Very Small,North Sea; North Atlantic Ocean,Good,0.0
Egersund,Norway,58.438611111,5.986388889,Very Small,North Sea; North Atlantic Ocean,Good,135.0
Haugesund,Norway,59.412222222,5.253611111,Small,North Sea; North Atlantic Ocean,Excellent,362.0
Husnes,Norway,59.8775,5.762222222,Very Small,North Sea; North Atlantic Ocean,Good,199.9
Bergen,Norway,60.402777778,5.298611111,Medium,North Sea; North Atlantic Ocean,Excellent,0.0
Floro,Norway,61.603888889,5.030833333,Very Small,Norwegian Sea; North Atlantic Ocean,Good,250.0
Molde,Norway,62.733333,7.166667,Small,Norwegian Sea; North Atlantic Ocean,Good,139.5
Muruvik,Norway,63.441388889,10.841388889,Very Small,Norwegian Sea; North Atlantic Ocean,Good,0.0
Djupviken,Norway,63.787777778,11.427222222,Small,Norwegian Sea; North Atlantic Ocean,Good,0.0
Malm,Norway,64.067222222,11.2275,Very Small,Norwegian Sea; North Atlantic Ocean,Good,0.0
Berg,Norway,65.365277778,12.196666667,Very Small,Norwegian Sea; North Atlantic Ocean,Fair,0.0
Bronnoysund,Norway,65.468055556,12.196111111,Very Small,Norwegian Sea; North Atlantic Ocean,Good,0.0
Mosjoen,Norway,65.858888889,13.170833333,Very Small,Norwegian Sea; North Atlantic Ocean,Excellent,199.9
Mo I Rana,Norway,66.324444444,14.122222222,Small,Norwegian Sea; North Atlantic Ocean,Excellent,260.0
Lakselv,Norway,67.357777778,15.592222222,Small,Norwegian Sea; North Atlantic Ocean,Good,0.0
Bodo,Norway,67.285555556,14.364166667,Very Small,Norwegian Sea; North Atlantic Ocean,Good,0.0
Narvik,Norway,68.421111111,17.402222222,Very Small,Norwegian Sea; North Atlantic Ocean,Fair,0.0
Canaveral Harbor,United States,28.7,-80.616667,Very Small,North Atlantic Ocean,Excellent,0.0
Beaufort,United States,32.433333,-80.666667,Very Small,North Atlantic Ocean,Good,0.0
Charleston,United States,32.783333,-79.916667,Small,North Atlantic Ocean,Good,0.0
Georgetown,United States,33.366667,-79.283333,Very Small,North Atlantic Ocean,Good,0.0
New Bern,United States,35.1,-77.04999999999998,Very Small,North Atlantic Ocean,Fair,0.0
Bayboro,United States,35.15,-76.766667,Very Small,North Atlantic Ocean,Good,0.0
Belhaven,United States,35.616667,-76.616667,Very Small,North Atlantic Ocean,Good,0.0
Columbia,United States,35.916667,-76.25,Very Small,North Atlantic Ocean,Good,0.0
Edenton,United States,36.05,-76.616667,Very Small,North Atlantic Ocean,Fair,0.0
Alpena,United States,45.066667,-83.416667,Small,Lake Huron; Great Lakes,Good,0.0
Au Sable,United States,44.4,-83.31666699999998,Very Small,Lake Huron; Great Lakes,Excellent,0.0
Alabaster,United States,44.183333,-83.54999999999998,Very Small,Lake Huron; Great Lakes,Poor,0.0
Bay City,United States,43.6,-83.866667,Small,Lake Huron; Great Lakes,Excellent,0.0
Marine City,United States,42.716667,-82.5,Very Small,Lake Saint Clair; Great Lakes,Excellent,0.0
Algonac,United States,42.616667,-82.516667,Very Small,Lake Saint Clair; Great Lakes,Excellent,0.0
Desbarats,Canada,46.333333,-83.916667,Very Small,Lake Huron; Great Lakes,Excellent,0.0
Hilton,Canada,46.25,-83.88333299999998,Very Small,Lake Huron; Great Lakes,Good,0.0
Bruce Mines,Canada,46.283333,-83.783333,Very Small,Lake Huron; Great Lakes,Fair,0.0
Blind River,Canada,46.183333,-82.95,Very Small,Lake Huron; Great Lakes,Fair,0.0
Meldrum Bay,Canada,45.933333,-83.116667,Very Small,Lake Huron; Great Lakes,Good,0.0
Gore Bay,Canada,45.916667,-82.466667,Very Small,Lake Huron; Great Lakes,Excellent,0.0
Kagawong,Canada,45.916667,-82.25,Very Small,Lake Huron; Great Lakes,Excellent,0.0
Little Current,Canada,45.983333,-81.933333,Small,Lake Huron; Great Lakes,Excellent,0.0
Killarney,Canada,45.966667,-81.516667,Very Small,Lake Huron; Great Lakes,Excellent,0.0
Key Harbour,Canada,45.883333,-80.75,Very Small,Lake Huron; Great Lakes,Excellent,0.0
Byng Inlet,Canada,45.766667,-80.56666699999998,Very Small,Lake Huron; Great Lakes,Excellent,0.0
Midland,Canada,44.75,-79.916667,Small,Lake Huron; Great Lakes,Excellent,0.0
Collingwood,Canada,44.5,-80.233333,Small,Lake Huron; Great Lakes,Good,0.0
Meaford,Canada,44.616667,-80.59999999999998,Very Small,Lake Huron; Great Lakes,Good,0.0
Goderich,Canada,43.75,-81.733333,Small,Lake Huron; Great Lakes,Excellent,0.0
Courtright,Canada,42.816667,-82.466667,Very Small,Lake Saint Clair; Great Lakes,Excellent,0.0
Detroit,United States,42.333333,-83.033333,Large,Lake Erie; Great Lakes,Excellent,0.0
Huron,United States,41.4,-82.54999999999998,Small,Lake Erie; Great Lakes,Excellent,0.0
Lorain,United States,41.466667,-82.183333,Small,Lake Erie; Great Lakes,Excellent,0.0
Ashtabula,United States,41.9,-80.79999999999998,Small,Lake Erie; Great Lakes,Excellent,0.0
Conneaut,United States,41.966667,-80.54999999999998,Small,Lake Erie; Great Lakes,Excellent,0.0
Erie,United States,42.15,-80.09999999999998,Small,Lake Erie; Great Lakes,Excellent,0.0
Dunkirk,United States,42.483333,-79.33333299999998,Very Small,Lake Erie; Great Lakes,Fair,0.0
Buffalo,United States,42.883333,-78.88333299999998,Large,Lake Erie; Great Lakes,Excellent,0.0
Chaumont,United States,44.066667,-76.13333299999998,Very Small,Lake Ontario; Great Lakes,Excellent,0.0
Hamilton,Canada,43.25,-79.84999999999998,Medium,Lake Ontario; Great Lakes,Excellent,0.0
Bronte,Canada,43.4,-79.716667,Very Small,Lake Ontario; Great Lakes,Excellent,0.0
Belleville,Canada,44.15,-77.4,Small,Lake Ontario; Great Lakes,Excellent,0.0
Chicoutimi (Port Saguenay),Canada,48.433333,-71.066667,Small,Gulf of Saint Lawrence; North Atlantic Ocean,Good,0.0
Baie Comeau,Canada,49.233333,-68.133333,Small,Gulf of Saint Lawrence; North Atlantic Ocean,Good,0.0
Matane,Canada,48.85,-67.533333,Very Small,Gulf of Saint Lawrence; North Atlantic Ocean,Good,0.0
Corner Brook,Canada,48.95,-57.95,Small,Gulf of Saint Lawrence; North Atlantic Ocean,Good,345.0
Nuuk,Greenland,64.183333,-51.75,Small,Labrador Sea; North Atlantic Ocean,Good,188.0
Kanatak,United States,57.566667,-156.033333,Very Small,North Pacific Ocean,Poor,0.0
Munising,United States,46.416667,-86.65,Very Small,Lake Superior; Great Lakes,Good,0.0
Baraga,United States,46.783333,-88.483333,Very Small,Lake Superior; Great Lakes,Good,0.0
Douglastown,Canada,48.766667,-64.383333,Very Small,Gulf of Saint Lawrence; North Atlantic Ocean,Fair,0.0
Finnsnes,Norway,69.233333,17.966667,Very Small,Norwegian Sea; North Atlantic Ocean,Fair,0.0
Andenes,Norway,69.328333333,16.127777778,Very Small,Norwegian Sea; North Atlantic Ocean,Poor,0.0
Concepcion Del Uruguay,Argentina,-32.483333,-58.233333,Small,Rio de la Plata; South Atlantic Ocean,Excellent,0.0
Mejillones,Chile,-23.1,-70.466667,Small,South Pacific Ocean,Good,0.0
Clayoquot,Canada,49.15,-125.916667,Very Small,North Pacific Ocean,Fair,0.0
Bay City,United States,46.866667,-124.066667,Very Small,North Pacific Ocean,Excellent,0.0
Lielupe,Latvia,57.0,23.433333,Very Small,Gulf of Riga; Baltic Sea; North Atlantic Ocean,Fair,0.0
Neustadt,Germany,54.1,10.816667,Very Small,Baltic Sea; North Atlantic Ocean,Good,0.0
Mission City,Canada,49.146388889,-122.258611111,Very Small,Alaska-Canada coastal waters; North Pacific Ocean,Good,0.0
Lyall Harbor,Canada,48.8,-123.2,Very Small,Alaska-Canada coastal waters; North Pacific Ocean,Fair,0.0
Alert Bay,Canada,50.583333,-126.933333,Very Small,Alaska-Canada coastal waters; North Pacific Ocean,Fair,0.0
Bella Coola,Canada,52.366667,-126.8,Very Small,Alaska-Canada coastal waters; North Pacific Ocean,Fair,0.0
Kitimat,Canada,54.0,-128.683333,Small,Alaska-Canada coastal waters; North Pacific Ocean,Fair,0.0
Katalla,United States,60.2,-144.533333,Very Small,Gulf of Alaska; North Pacific Ocean,Fair,0.0
Machias,United States,44.716667,-67.466667,Very Small,North Atlantic Ocean,Good,0.0
Lamlash Harbor,United Kingdom,55.533333,-5.116667,Very Small,North Atlantic Ocean,Fair,0.0
Bowling,United Kingdom,55.933333,-4.483333,Very Small,North Atlantic Ocean,Good,0.0
Ardrossan,United Kingdom,55.65,-4.816667,Small,North Atlantic Ocean,Fair,0.0
Bantry,Ireland,51.683333,-9.45,Very Small,North Atlantic Ocean,Excellent,0.0
Garlston,United Kingdom,53.35,-2.9,Very Small,Irish Sea; North Atlantic Ocean,Fair,0.0
Caernarvon,United Kingdom,53.15,-4.266667,Small,Irish Sea; North Atlantic Ocean,Good,0.0
Boulogne-Sur-Mer,France,50.733333,1.6,Medium,English Channel; North Atlantic Ocean,Good,0.0
Ambes,France,45.016667,-0.533333,Small,Bay of Biscay; North Atlantic Ocean,Excellent,0.0
Niagara,Canada,43.25,-79.06666699999998,Very Small,Lake Ontario; Great Lakes,Excellent,0.0
Nantucket,United States,41.283333,-70.1,Very Small,North Atlantic Ocean,Good,0.0
Halden,Norway,59.116667,11.383333,Small,Skagerrak; North Atlantic Ocean,Good,0.0
Brofjorden,Sweden,58.360277778,11.421111111,Small,Skagerrak; North Atlantic Ocean,Poor,230.0
Fakse Ladeplads Havn,Denmark,55.216667,12.166667,Very Small,Baltic Sea; North Atlantic Ocean,Fair,0.0
Marstal,Denmark,54.916667,10.333333,Small,Baltic Sea; North Atlantic Ocean,Good,115.0
Aeroskobing,Denmark,54.883333,10.416667,Very Small,Baltic Sea; North Atlantic Ocean,Good,0.0
Augustenborg,Denmark,54.95,9.866667,Small,Baltic Sea; North Atlantic Ocean,Good,0.0
Abenra,Denmark,55.05,9.433333,Small,Baltic Sea; North Atlantic Ocean,Good,0.0
Hanstholm,Denmark,57.133333,8.6,Very Small,North Sea; North Atlantic Ocean,Fair,0.0
Oldenburg,Germany,53.116667,8.216667,Very Small,North Sea; North Atlantic Ocean,Good,0.0
Hoek Van Holland,Netherlands,51.95,4.133333,Very Small,North Sea; North Atlantic Ocean,Good,0.0
New Holland,United Kingdom,53.7,-0.366667,Very Small,North Sea; North Atlantic Ocean,Poor,0.0
Hound Point Terminal,United Kingdom,56.0,-3.366667,Small,North Sea; North Atlantic Ocean,Poor,0.0
Lochboisdale,United Kingdom,57.15,-7.3,Very Small,North Atlantic Ocean,Poor,0.0
Mykolayiv,Ukraine,46.95,31.983333,Small,Black Sea; North Atlantic Ocean,Fair,0.0
Kyrylivka,Ukraine,46.35,35.366667,Very Small,Sea of Azov; Black Sea; North Atlantic Ocean,Fair,0.0
Bushehr,Iran,28.983333,50.833333,Medium,Persian Gulf; Indian Ocean,Fair,0.0
Bandar Taheri Offshore Terminal,Iran,27.65,52.35,Very Small,Persian Gulf; Indian Ocean,Poor,220.0
Chah Bahar,Iran,25.266667,60.616667,Very Small,Gulf of Oman; Indian Ocean,Fair,320.0
Ardjuna Oil Field,Indonesia,-5.883333,107.716667,Very Small,Java Sea; South Pacific Ocean,Poor,0.0
Batumi,Georgia,41.65,41.65,Small,Black Sea; North Atlantic Ocean,Good,229.0
Izmit,Turkey,40.766667,29.916667,Small,Sea of Marmara; Mediterranean Sea; North Atlantic Ocean,Fair,0.0
Khoms,Libya,32.666667,14.25,Very Small,Mediterranean Sea; North Atlantic Ocean,Fair,0.0
Nawiliwili Bay,United States,21.95,-159.35,Small,North Pacific Ocean,Fair,0.0
Lorengau,Papua New Guinea,-2.016667,147.266667,Very Small,South Pacific Ocean,Good,0.0
Kieta,Papua New Guinea,-6.216667,155.633333,Small,South Pacific Ocean,Fair,0.0
Luganville,Vanuatu,-15.516667,167.166667,Small,South Pacific Ocean,Good,0.0
Labuha,Indonesia,-0.633333,127.466667,Very Small,Molucca Sea; South Pacific Ocean,Fair,0.0
Ballina,Australia,-28.866667,153.566667,Small,Tasman Sea; South Pacific Ocean,Good,0.0
Napoopoo,United States,19.483333,-155.933333,Very Small,North Pacific Ocean,Fair,0.0
Mahukona,United States,20.183333,-155.9,Very Small,North Pacific Ocean,Fair,0.0
Barbers Point Terminal,United States,21.266667,-158.1,Very Small,North Pacific Ocean,Poor,0.0
Akureyri,Iceland,65.683333,-18.083333,Very Small,Greenland Sea; Arctic Ocean,Fair,350.0
Husavik,Iceland,66.033333,-17.333333,Very Small,Greenland Sea; Arctic Ocean,Poor,0.0
Eskifjordhur,Iceland,65.066667,-14.016667,Very Small,North Atlantic Ocean,Fair,237.9
Budir,Iceland,64.933333,-14.016667,Very Small,North Atlantic Ocean,Fair,0.0
Hornafjordur,Iceland,64.25,-15.233333,Very Small,North Atlantic Ocean,Fair,100.0
Nanortalik Havn,Greenland,60.116667,-45.2,Very Small,Labrador Sea; North Atlantic Ocean,Poor,114.0
Narsarssuaq,Greenland,61.15,-45.433333,Very Small,Labrador Sea; North Atlantic Ocean,Fair,0.0
Maniitsoq,Greenland,65.416667,-52.916667,Very Small,Labrador Sea; North Atlantic Ocean,Fair,0.0
Oka Sur Le Lac,Canada,45.466667,-74.08333299999998,Very Small,Lake Ontario; Great Lakes,Excellent,0.0
Montebello,Canada,45.65,-74.933333,Very Small,Lake Ontario; Great Lakes,Excellent,0.0
Gatineau,Canada,45.483333,-75.65,Very Small,Lake Ontario; Great Lakes,Excellent,0.0
Hull,Canada,45.433333,-75.7,Very Small,Lake Ontario; Great Lakes,Excellent,0.0
Cobourg,Canada,43.95,-78.166667,Small,Lake Ontario; Great Lakes,Excellent,0.0
Clarkson,Canada,43.5,-79.59999999999998,Very Small,Lake Ontario; Great Lakes,Fair,0.0
Lions Head,Canada,44.983333,-81.25,Very Small,Lake Huron; Great Lakes,Good,0.0
Honora,Canada,45.866667,-82.166667,Very Small,Lake Huron; Great Lakes,Excellent,0.0
Cockburn,Canada,45.95,-83.31666699999998,Very Small,Lake Huron; Great Lakes,Fair,0.0
Dalvik,Iceland,65.983333,-18.516667,Very Small,Greenland Sea; Arctic Ocean,Fair,40.0
Neskaupstadur,Iceland,65.15,-13.683333,Very Small,Norwegian Sea; North Atlantic Ocean,Fair,144.0
Catalina Harbor,Canada,48.516111111,-53.070555556,Small,North Atlantic Ocean,Good,0.0
Come By Chance Harbor,Canada,47.8,-54.016667,Small,North Atlantic Ocean,Poor,442.0
Havre St Pierre,Canada,50.233333,-63.6,Very Small,Gulf of Saint Lawrence; North Atlantic Ocean,Good,0.0
Grenville,Canada,45.633333,-74.59999999999998,Very Small,Lake Ontario; Great Lakes,Excellent,0.0
Hudson,Canada,45.466667,-74.13333299999998,Very Small,Lake Ontario; Great Lakes,Excellent,0.0
Calcite,United States,45.416667,-83.783333,Very Small,Lake Huron; Great Lakes,Poor,0.0
Henningsvaer,Norway,68.153611111,14.212777778,Very Small,Norwegian Sea; North Atlantic Ocean,Fair,0.0
Hommelvik,Norway,63.416667,10.8,Very Small,Norwegian Sea; North Atlantic Ocean,Good,0.0
Brattholmen,Norway,60.348611111,5.1775,Very Small,North Sea; North Atlantic Ocean,Good,0.0
Odda,Norway,60.096944444,6.541111111,Very Small,North Sea; North Atlantic Ocean,Fair,154.5
Meling,Norway,59.783333,5.116667,Very Small,North Sea; North Atlantic Ocean,Good,0.0
Akrahamn,Norway,59.266667,5.183333,Very Small,North Sea; North Atlantic Ocean,Good,0.0
Brettesnes,Norway,68.233333,14.85,Very Small,Norwegian Sea; North Atlantic Ocean,Good,0.0
Drag,Norway,68.05,16.083333,Very Small,Norwegian Sea; North Atlantic Ocean,Fair,0.0
Fauske,Norway,67.25,15.398888889,Very Small,Norwegian Sea; North Atlantic Ocean,Good,0.0
Hemnesberget,Norway,66.233333,13.616667,Very Small,Norwegian Sea; North Atlantic Ocean,Good,0.0
Namsos,Norway,64.458333333,11.509444444,Small,Norwegian Sea; North Atlantic Ocean,Good,250.0
Kristiansund,Norway,63.113888889,7.738611111,Small,Norwegian Sea; North Atlantic Ocean,Excellent,0.0
Bud,Norway,62.9,6.916667,Very Small,Norwegian Sea; North Atlantic Ocean,Fair,0.0
Haroysund,Norway,62.891111111,6.958055556,Small,Norwegian Sea; North Atlantic Ocean,Good,0.0
Andalsnes,Norway,62.568055556,7.677222222,Very Small,Norwegian Sea; North Atlantic Ocean,Fair,0.0
Hareid,Norway,62.372222222,6.035555556,Very Small,Norwegian Sea; North Atlantic Ocean,Fair,150.0
Moldtustranda,Norway,62.3,5.65,Very Small,Norwegian Sea; North Atlantic Ocean,Good,0.0
Alesund,Norway,62.466667,6.166667,Small,Norwegian Sea; North Atlantic Ocean,Fair,0.0
Maloy,Norway,61.933333,5.116667,Small,Norwegian Sea; North Atlantic Ocean,Good,178.5
Ardalstangen,Norway,61.232777778,7.698611111,Very Small,Norwegian Sea; North Atlantic Ocean,Fair,0.0
Mongstad,Norway,60.830833333,5.036666667,Medium,North Sea; North Atlantic Ocean,Good,380.0
Karsto,Norway,59.266667,5.516667,Medium,North Sea; North Atlantic Ocean,Fair,0.0
Espevaer,Norway,59.583333,5.15,Very Small,North Sea; North Atlantic Ocean,Good,0.0
Kirkehamn,Norway,58.231388889,6.527222222,Very Small,North Sea; North Atlantic Ocean,Good,0.0
Flekkefjorden,Norway,58.264166667,6.655277778,Small,North Sea; North Atlantic Ocean,Excellent,0.0
Degrad Des Cannes,French Guiana,4.85,-52.266667,Very Small,North Atlantic Ocean,Fair,190.0
Bear Island,United States,58.45,-152.683333,Very Small,Gulf of Alaska; North Pacific Ocean,Fair,0.0
Chignik,United States,56.3,-158.4,Very Small,North Pacific Ocean,Poor,61.0
Ivanof Bay,United States,55.8,-159.466667,Very Small,North Pacific Ocean,Fair,0.0
Cold Bay,United States,55.2,-162.7,Very Small,North Pacific Ocean,Fair,0.0
Akutan Harbor,United States,54.133333,-165.8,Very Small,Bering Sea; North Pacific Ocean,Good,0.0
Cannery Bay,United States,53.7,-166.75,Very Small,Bering Sea; North Pacific Ocean,Fair,0.0
Makushin,United States,53.766667,-166.983333,Very Small,Bering Sea; North Pacific Ocean,Fair,0.0
Kiska,United States,51.966667,177.55,Very Small,Bering Sea; North Pacific Ocean,Fair,0.0
Naknek,United States,58.716667,-157.016667,Very Small,Bristol Bay; Bering Sea; North Pacific Ocean,Fair,0.0
Koggiung,United States,58.966667,-156.916667,Very Small,Bristol Bay; Bering Sea; North Pacific Ocean,Fair,0.0
Ekuk,United States,58.816667,-158.566667,Very Small,Bristol Bay; Bering Sea; North Pacific Ocean,Fair,0.0
Dillingham,United States,59.033333,-158.483333,Very Small,Bristol Bay; Bering Sea; North Pacific Ocean,Fair,0.0
Kotlik,United States,63.033333,-163.55,Very Small,Bering Sea; North Pacific Ocean,Fair,0.0
Hamilton,United States,62.9,-163.916667,Very Small,Bering Sea; North Pacific Ocean,Fair,0.0
Kotzebue,United States,66.916667,-162.583333,Very Small,Chukchi Sea; Arctic Ocean,Fair,0.0
Bernard Harbor,United States,70.133333,-143.633333,Very Small,Beaufort Sea; Arctic Ocean,Fair,0.0
Barentsburg,Svalbard,78.05944444399998,14.202222222,Very Small,Greenland Sea; Arctic Ocean,Fair,0.0
Berlevag,Norway,70.861666667,29.111944444,Very Small,Barents Sea; Arctic Ocean,Poor,0.0
Kjollefjorden,Norway,70.95,27.333333,Very Small,Barents Sea; Arctic Ocean,Good,0.0
Oksfjord,Norway,70.233333,22.35,Very Small,Norwegian Sea; North Atlantic Ocean,Good,0.0
Gibostad,Norway,69.356111111,18.081944444,Very Small,Norwegian Sea; North Atlantic Ocean,Fair,0.0
Great Lakes,United States,42.3,-87.83333299999998,Very Small,Lake Michigan; Great Lakes,Good,0.0
Goulais Bay,Canada,46.733333,-84.5,Very Small,Lake Superior; Great Lakes,Excellent,0.0
Gargantua,Canada,47.566667,-84.966667,Very Small,Lake Superior; Great Lakes,Good,0.0
Nysted,Denmark,54.666667,11.733333,Very Small,Baltic Sea; North Atlantic Ocean,Fair,0.0
Nyborg,Denmark,55.316667,10.8,Small,Baltic Sea; North Atlantic Ocean,Good,230.0
Middelfart,Denmark,55.5,9.733333,Small,Kattegat; North Atlantic Ocean,Good,100.0
Assens,Denmark,55.266667,9.883333,Small,Baltic Sea; North Atlantic Ocean,Good,130.0
Ensted,Denmark,55.016667,9.433333,Very Small,Baltic Sea; North Atlantic Ocean,Good,0.0
Kolding,Denmark,55.483333,9.5,Small,Kattegat; North Atlantic Ocean,Excellent,190.0
Hadsund,Denmark,56.716667,10.116667,Very Small,Kattegat; North Atlantic Ocean,Good,120.0
Mariager,Denmark,56.65,9.983333,Very Small,Kattegat; North Atlantic Ocean,Excellent,0.0
Hobro,Denmark,56.633333,9.8,Very Small,Kattegat; North Atlantic Ocean,Excellent,0.0
Hals,Denmark,56.983333,10.316667,Very Small,Kattegat; North Atlantic Ocean,Good,0.0
Inverness,United Kingdom,57.483333,-4.233333,Small,North Sea; North Atlantic Ocean,Good,0.0
Frederikshavn,Denmark,57.433333,10.55,Small,Kattegat; North Atlantic Ocean,Good,186.9
Lemvig,Denmark,56.583333,8.283333,Very Small,Kattegat; North Atlantic Ocean,Good,0.0
Holstebro-Stuer,Denmark,56.5,8.583333,Small,Kattegat; North Atlantic Ocean,Good,0.0
Mitilini,Greece,39.1,26.566667,Small,Aegean Sea; Mediterranean Sea; North Atlantic Ocean,Fair,0.0
Brunsbuttel Elbahafen,Germany,53.883333,9.166667,Very Small,North Sea; North Atlantic Ocean,Fair,0.0
Brunsbuttel Canal Terminals,Germany,53.9,9.15,Small,North Sea; North Atlantic Ocean,Excellent,0.0
Neuhaus,Germany,53.8,9.033333,Very Small,North Sea; North Atlantic Ocean,Fair,0.0
Gluckstadt,Germany,53.783333,9.416667,Small,North Sea; North Atlantic Ocean,Good,0.0
Butzfleth,Germany,53.65,9.516667,Small,North Sea; North Atlantic Ocean,Good,0.0
Eemshaven,Netherlands,53.45,6.833333,Small,North Sea; North Atlantic Ocean,Fair,0.0
Europoort,Netherlands,51.95,4.116667,Medium,North Sea; North Atlantic Ocean,Good,0.0
Maassluis,Netherlands,51.916667,4.25,Very Small,North Sea; North Atlantic Ocean,Good,0.0
Isle Of Grain,United Kingdom,51.433333,0.7,Small,North Sea; North Atlantic Ocean,Fair,0.0
London,United Kingdom,51.5,-0.0833329999999,Large,North Sea; North Atlantic Ocean,Excellent,0.0
Boston,United Kingdom,52.966667,-0.0166669999999,Small,North Sea; North Atlantic Ocean,Poor,0.0
Granton,United Kingdom,55.983333,-3.216667,Very Small,North Sea; North Atlantic Ocean,Good,0.0
Braefoot Bay Terminal,United Kingdom,56.033333,-3.316667,Small,North Sea; North Atlantic Ocean,Fair,0.0
Burntisland,United Kingdom,56.05,-3.233333,Small,North Sea; North Atlantic Ocean,Good,0.0
Methil,United Kingdom,56.183333,-3.0,Small,North Sea; North Atlantic Ocean,Good,0.0
Macduff,United Kingdom,57.666667,-2.5,Very Small,North Sea; North Atlantic Ocean,Poor,0.0
Lossiemouth,United Kingdom,57.716667,-3.283333,Very Small,North Sea; North Atlantic Ocean,Good,0.0
Cromarty,United Kingdom,57.683333,-4.033333,Small,North Sea; North Atlantic Ocean,Good,0.0
Invergordon,United Kingdom,57.683333,-4.166667,Small,North Sea; North Atlantic Ocean,Fair,0.0
Helmsdale Harbor,United Kingdom,58.116667,-3.65,Small,North Sea; North Atlantic Ocean,Fair,0.0
Kongshavn,Faroe Islands,62.116667,-6.733333,Very Small,Norwegian Sea; North Atlantic Ocean,Good,0.0
Fuglafjordur,Faroe Islands,62.25,-6.8,Very Small,Norwegian Sea; North Atlantic Ocean,Good,125.0
Castle Bay,United Kingdom,56.95,-7.483333,Very Small,North Atlantic Ocean,Good,0.0
Hinatuan,Philippines,8.366667,126.333333,Very Small,Bohol Sea; Philippine inland seas; North Pacific Ocean,Fair,0.0
Muggia,Italy,45.6,13.766667,Very Small,Adriatic Sea; Mediterranean Sea; North Atlantic Ocean,Good,0.0
Ambarli,Turkey,40.966667,28.7,Very Small,Sea of Marmara; Mediterranean Sea; North Atlantic Ocean,Good,0.0
Istinye,Turkey,41.116667,29.05,Very Small,Sea of Marmara; Mediterranean Sea; North Atlantic Ocean,Fair,0.0
Cernavoda,Romania,44.333333,28.05,Very Small,Black Sea; North Atlantic Ocean,Poor,0.0
Dnipro-Buzkyy,Ukraine,46.733333,31.883333,Small,Black Sea; North Atlantic Ocean,Fair,0.0
Khorly,Ukraine,46.083333,33.283333,Very Small,Black Sea; North Atlantic Ocean,Fair,0.0
Henichesk,Ukraine,46.166667,34.816667,Very Small,Sea of Azov; Black Sea; North Atlantic Ocean,Fair,0.0
Kimbe,Papua New Guinea,-5.133333,150.533333,Very Small,Bismarck Sea; South Pacific Ocean,Fair,0.0
Kavkaz Oil Terminal,Russia,45.333333,36.65,Very Small,Sea of Azov; Black Sea; North Atlantic Ocean,Poor,0.0
Anapa,Russia,44.883333,37.316667,Very Small,Black Sea; North Atlantic Ocean,Fair,0.0
Barkan Oil-loading Terminal,Iran,29.733333,50.166667,Very Small,Persian Gulf; Indian Ocean,Poor,0.0
Navlakhi,India,22.956388889,70.447583333,Very Small,Arabian Sea; Indian Ocean,Poor,93.0
Mongla,Bangladesh,22.466667,89.59999999999998,Small,Bay of Bengal; Indian Ocean,Fair,183.0
Kuala Kapus,Indonesia,3.0,114.366667,Very Small,South China Sea; North Pacific Ocean,Poor,0.0
Dumai,Indonesia,1.683333,101.45,Medium,Strait of Malacca; Indian Ocean,Fair,315.0
Cirebon,Indonesia,-6.716667,108.566667,Very Small,Java Sea; South Pacific Ocean,Good,150.0
Cilacap,Indonesia,-7.733333,109.0,Large,Indian Ocean,Excellent,0.0
Labuhanhaji,Indonesia,-8.7,116.566667,Very Small,Indian Ocean,Poor,0.0
Maumere,Indonesia,-8.616667,122.216667,Very Small,Flores Sea; Java Sea; South Pacific Ocean,Fair,0.0
Bialla,Papua New Guinea,-5.3,150.983333,Very Small,Bismarck Sea; South Pacific Ocean,Fair,0.0
Dai Hang,Vietnam,8.483333,108.683333,Very Small,South China Sea; North Pacific Ocean,Poor,0.0
Hamrawein,Egypt,26.25,34.2,Very Small,Red Sea; Indian Ocean,Unknown,0.0
Gunung Batu Besar,Indonesia,-2.616667,116.3,Very Small,Makassar Strait; South Pacific Ocean,Good,0.0
Manado,Indonesia,1.5,124.833333,Small,Celebes Sea; North Pacific Ocean,Poor,34.0
Gorontalo,Indonesia,0.5,123.05,Very Small,Teluk Tomini; Molucca Sea; South Pacific Ocean,Poor,0.0
Namlea,Indonesia,-3.283333,127.083333,Very Small,Ceram Sea; Banda Sea; South Pacific Ocean,Fair,0.0
Miei,Indonesia,-2.733333,134.5,Very Small,Teluk Cenderawasih; South Pacific Ocean,Fair,0.0
Heron Bay,Canada,48.65,-86.31666699999998,Very Small,Lake Superior; Great Lakes,Fair,0.0
Houghton,United States,47.116667,-88.56666699999998,Small,Lake Superior; Great Lakes,Excellent,0.0
Ontonagon,United States,46.883333,-89.33333299999998,Very Small,Lake Superior; Great Lakes,Good,0.0
Cornucopia,United States,46.866667,-91.1,Very Small,Lake Superior; Great Lakes,Fair,0.0
La Paloma,Uruguay,-34.65,-54.15,Very Small,South Atlantic Ocean,Good,0.0
Colonia,Uruguay,-34.466667,-57.85,Very Small,Rio de la Plata; South Atlantic Ocean,Fair,0.0
Fray Bentos,Uruguay,-33.116667,-58.316667,Very Small,Rio de la Plata; South Atlantic Ocean,Good,0.0
Cushman,United States,43.983333,-124.066667,Very Small,North Pacific Ocean,Excellent,0.0
Depoe Bay,United States,44.8,-124.066667,Very Small,North Pacific Ocean,Good,0.0
Ilwaco,United States,46.3,-124.05,Very Small,North Pacific Ocean,Good,0.0
Kalama,United States,46.016667,-122.85,Very Small,North Pacific Ocean,Excellent,0.0
Hoodsport,United States,47.416667,-123.133333,Very Small,Alaska-Canada coastal waters; North Pacific Ocean,Excellent,0.0
Keyport,United States,47.7,-122.616667,Very Small,Alaska-Canada coastal waters; North Pacific Ocean,Excellent,0.0
Fort Ward,United States,47.583333,-122.516667,Very Small,Alaska-Canada coastal waters; North Pacific Ocean,Excellent,0.0
Nisqually Head,United States,47.116667,-122.75,Very Small,Alaska-Canada coastal waters; North Pacific Ocean,Excellent,0.0
Kokkola,Finland,63.85,23.016667,Large,Gulf of Bothnia; Baltic Sea; North Atlantic Ocean,Fair,300.0
Hellnas,Finland,63.283333,22.233333,Very Small,Gulf of Bothnia; Baltic Sea; North Atlantic Ocean,Good,0.0
Kaskinen,Finland,62.383333,21.233333,Medium,Gulf of Bothnia; Baltic Sea; North Atlantic Ocean,Good,166.0
Ekenas,Finland,59.983333,23.433333,Small,Gulf of Finland; Baltic Sea; North Atlantic Ocean,Good,0.0
Jussaro,Finland,59.833333,23.566667,Very Small,Gulf of Finland; Baltic Sea; North Atlantic Ocean,Good,0.0
Inkoo,Finland,60.016667,23.916667,Very Small,Gulf of Finland; Baltic Sea; North Atlantic Ocean,Fair,229.7
Gavan Vysotsk,Russia,60.616667,28.566667,Small,Gulf of Finland; Baltic Sea; North Atlantic Ocean,Good,0.0
Corpach,United Kingdom,56.85,-5.116667,Small,North Atlantic Ocean,Fair,0.0
Butinge Oil Terminal,Lithuania,56.033333,20.95,Very Small,Baltic Sea; North Atlantic Ocean,Poor,0.0
Baltiysk,Russia,54.633333,19.9,Small,Baltic Sea; North Atlantic Ocean,Fair,0.0
Heiligenhafen,Germany,54.366667,10.983333,Very Small,Baltic Sea; North Atlantic Ocean,Good,116.0
Eckernforde,Germany,54.483333,9.833333,Small,Baltic Sea; North Atlantic Ocean,Good,0.0
Coupeville,United States,48.233333,-122.683333,Very Small,Alaska-Canada coastal waters; North Pacific Ocean,Excellent,0.0
Nanoose Harbor,Canada,49.266667,-124.15,Very Small,Alaska-Canada coastal waters; North Pacific Ocean,Excellent,0.0
Ahousat,Canada,49.283333,-126.066667,Very Small,North Pacific Ocean,Fair,0.0
Harmac,Canada,49.133333,-123.85,Very Small,Alaska-Canada coastal waters; North Pacific Ocean,Fair,0.0
Ganges,Canada,48.85,-123.483333,Very Small,Alaska-Canada coastal waters; North Pacific Ocean,Fair,0.0
Bergh Cove,Canada,50.533333,-127.616667,Very Small,North Pacific Ocean,Good,0.0
Bella Bella,Canada,52.166667,-128.15,Very Small,Alaska-Canada coastal waters; North Pacific Ocean,Fair,0.0
Fishermans Harbor,United States,55.966667,-133.8,Very Small,Alaska-Canada coastal waters; North Pacific Ocean,Good,0.0
Hood Bay,United States,57.4,-134.5,Very Small,Alaska-Canada coastal waters; North Pacific Ocean,Good,0.0
Ninilchik,United States,60.05,-151.683333,Very Small,Cook Inlet; Gulf of Alaska; North Pacific Ocean,Good,0.0
Holmestrand,Norway,59.490555556,10.326666667,Very Small,Skagerrak; North Atlantic Ocean,Good,0.0
Grand Narrows,Canada,45.95,-60.783333,Very Small,North Atlantic Ocean,Excellent,0.0
Goldsboro,Canada,45.183333,-61.65,Very Small,North Atlantic Ocean,Good,0.0
Milbridge,United States,44.533333,-67.883333,Very Small,North Atlantic Ocean,Good,0.0
Lochaline,United Kingdom,56.55,-5.766667,Very Small,North Atlantic Ocean,Fair,0.0
Craignure,United Kingdom,56.466667,-5.7,Very Small,North Atlantic Ocean,Fair,0.0
Glensanda,United Kingdom,56.566667,-5.533333,Very Small,North Atlantic Ocean,Good,0.0
Oban,United Kingdom,56.416667,-5.466667,Small,North Atlantic Ocean,Excellent,0.0
Crinan (Canal),United Kingdom,56.083333,-5.566667,Very Small,North Atlantic Ocean,Good,0.0
Bangor,United Kingdom,54.65,-5.666667,Very Small,North Atlantic Ocean,Fair,0.0
Castletown Bearhaven,Ireland,51.65,-9.916667,Very Small,North Atlantic Ocean,Fair,0.0
Kilrush,Ireland,52.633333,-9.5,Very Small,North Atlantic Ocean,Fair,0.0
Heysham,United Kingdom,54.033333,-2.916667,Very Small,Irish Sea; North Atlantic Ocean,Excellent,0.0
Liverpool Bay Terminal,United Kingdom,53.533333,-3.55,Very Small,Irish Sea; North Atlantic Ocean,Poor,0.0
Fishguard,United Kingdom,52.016667,-4.983333,Small,Irish Sea; North Atlantic Ocean,Good,0.0
Neath,United Kingdom,51.633333,-3.833333,Very Small,Bristol Channel; North Atlantic Ocean,Good,0.0
Newlyn,United Kingdom,50.1,-5.55,Very Small,English Channel; North Atlantic Ocean,Good,0.0
Fawley Marine Terminal,United Kingdom,50.816667,-1.333333,Small,English Channel; North Atlantic Ocean,Fair,0.0
Le Treport,France,50.066667,1.366667,Very Small,English Channel; North Atlantic Ocean,Fair,0.0
Blaye,France,45.133333,-0.666667,Small,Bay of Biscay; North Atlantic Ocean,Excellent,0.0
Lynn,United States,42.45,-70.95,Very Small,North Atlantic Ocean,Good,0.0
Hyannis Port,United States,41.633333,-70.3,Very Small,North Atlantic Ocean,Fair,0.0
Fagerstrand,Norway,59.733055556,10.584722222,Small,Skagerrak; North Atlantic Ocean,Fair,160.0
Kambo,Norway,59.473055556,10.679722222,Very Small,Skagerrak; North Atlantic Ocean,Good,0.0
Grebbestad,Sweden,58.676944444,11.247777778,Very Small,Skagerrak; North Atlantic Ocean,Good,0.0
Fjallbacka,Sweden,58.600277778,11.277222222,Very Small,Skagerrak; North Atlantic Ocean,Good,0.0
Hunnebostrand,Sweden,58.437777778,11.286111111,Very Small,Skagerrak; North Atlantic Ocean,Good,0.0
Halmstad,Sweden,56.666667,12.866667,Small,Kattegat; North Atlantic Ocean,Good,200.0
Bergkvara,Sweden,56.383333,16.1,Very Small,Baltic Sea; North Atlantic Ocean,Fair,150.0
Figeholm,Sweden,57.366667,16.5,Very Small,Baltic Sea; North Atlantic Ocean,Fair,0.0
Farosund,Sweden,57.916667,19.05,Small,Baltic Sea; North Atlantic Ocean,Fair,0.0
Klintehamn,Sweden,57.383333,18.2,Very Small,Baltic Sea; North Atlantic Ocean,Fair,115.0
Grisslehamn,Sweden,60.1,18.816667,Very Small,Baltic Sea; North Atlantic Ocean,Fair,0.0
Norrsundet,Sweden,60.933333,17.166667,Very Small,Gulf of Bothnia; Baltic Sea; North Atlantic Ocean,Good,140.0
Harnosand,Sweden,62.633333,17.933333,Small,Gulf of Bothnia; Baltic Sea; North Atlantic Ocean,Excellent,0.0
Gustavsvik,Sweden,62.833333,17.883333,Very Small,Gulf of Bothnia; Baltic Sea; North Atlantic Ocean,Good,0.0
Lunde,Sweden,62.883333,17.883333,Very Small,Gulf of Bothnia; Baltic Sea; North Atlantic Ocean,Good,0.0
Kramfors,Sweden,62.933333,17.8,Very Small,Gulf of Bothnia; Baltic Sea; North Atlantic Ocean,Good,0.0
Domsjo,Sweden,63.266667,18.733333,Very Small,Gulf of Bothnia; Baltic Sea; North Atlantic Ocean,Good,0.0
Husum,Sweden,63.333333,19.15,Very Small,Gulf of Bothnia; Baltic Sea; North Atlantic Ocean,Good,0.0
Nykobing (Mor),Denmark,56.766667,11.866667,Very Small,Kattegat; North Atlantic Ocean,Fair,0.0
Brannfors,Sweden,65.016667,21.383333,Very Small,Gulf of Bothnia; Baltic Sea; North Atlantic Ocean,Good,0.0
Himanka,Finland,64.0,23.65,Small,Gulf of Bothnia; Baltic Sea; North Atlantic Ocean,Fair,0.0
Christianso Harbor,Denmark,55.316667,15.183333,Very Small,Baltic Sea; North Atlantic Ocean,Good,0.0
Frederiksvaerk,Denmark,55.966667,12.016667,Very Small,Kattegat; North Atlantic Ocean,Good,0.0
Frederikssund,Denmark,55.833333,12.05,Very Small,Kattegat; North Atlantic Ocean,Good,0.0
Holbaek,Denmark,55.716667,11.716667,Very Small,Kattegat; North Atlantic Ocean,Excellent,0.0
Gulfhaven,Denmark,55.2,11.266667,Very Small,Baltic Sea; North Atlantic Ocean,Poor,0.0
Milner Bay,Australia,-13.866667,136.416667,Very Small,Gulf of Carpentaria; Arafura Sea; South Pacific Ocean,Poor,225.0
Beauty Point,Australia,-41.15,146.816667,Small,Bass Strait; South Pacific Ocean,Excellent,0.0
Funafuti Atoll,Tuvalu,-8.516667,179.133333,Very Small,South Pacific Ocean,Good,0.0
Atuona,French Polynesia,-9.816667,-139.033333,Very Small,South Pacific Ocean,Good,0.0
Baie Taiohae,French Polynesia,-8.933333,-140.083333,Very Small,South Pacific Ocean,Good,0.0
Kailua,United States,19.633333,-156.0,Very Small,North Pacific Ocean,Fair,0.0
Kawaihae,United States,20.033333,-155.833333,Small,North Pacific Ocean,Fair,0.0
Hana,United States,20.75,-155.983333,Very Small,North Pacific Ocean,Poor,0.0
Kaumalapau Harbor,United States,20.783333,-157.0,Very Small,North Pacific Ocean,Good,0.0
Laoang,Philippines,12.566667,125.016667,Very Small,Philippine inland seas; North Pacific Ocean,Fair,0.0
Guiuan,Philippines,11.033333,125.716667,Very Small,Philippine inland seas; North Pacific Ocean,Fair,0.0
Catbalogan,Philippines,11.766667,124.883333,Very Small,Philippine inland seas; North Pacific Ocean,Fair,0.0
Jolo,Philippines,6.05,121.0,Very Small,Sulu Sea; North Pacific Ocean,Good,0.0
Changshu,China,31.766667,120.95,Small,East China Sea; North Pacific Ocean,Fair,0.0
Nantong,China,32.0,120.8,Small,East China Sea; North Pacific Ocean,Fair,0.0
Ch'aho,North Korea,40.2,128.65,Very Small,Sea of Japan; North Pacific Ocean,Fair,0.0
Okha,Russia,53.55,143.0,Very Small,Sea of Okhotsk; North Pacific Ocean,Fair,0.0
Ciudad Bolivar,Venezuela,8.133333,-63.55,Small,Caribbean Sea; North Atlantic Ocean,Good,0.0
Moengo,Suriname,5.633333,-54.416667,Very Small,North Atlantic Ocean,Excellent,165.0
Cabedelo,Brazil,-6.966667,-34.833333,Small,South Atlantic Ocean,Fair,200.0
Karluk,United States,57.566667,-154.45,Very Small,Gulf of Alaska; North Pacific Ocean,Poor,0.0
Dry Spruce Bay,United States,57.933333,-153.033333,Very Small,Gulf of Alaska; North Pacific Ocean,Good,0.0
Hogg Island,United States,58.466667,-152.683333,Very Small,Gulf of Alaska; North Pacific Ocean,Fair,0.0
Belkofski,United States,55.083333,-162.033333,Very Small,North Pacific Ocean,Poor,0.0
Alcan Harbor,United States,52.733333,174.066667,Very Small,Bering Sea; North Pacific Ocean,Fair,0.0
Massacre Bay,United States,52.833333,173.233333,Very Small,North Pacific Ocean,Fair,0.0
Egegik,United States,58.2,-157.366667,Very Small,Bristol Bay; Bering Sea; North Pacific Ocean,Fair,0.0
Bethel,United States,60.816667,-161.716667,Very Small,Bering Sea; North Pacific Ocean,Fair,0.0
Nash Harbor,United States,60.2,-166.983333,Very Small,Bering Sea; North Pacific Ocean,Poor,0.0
Kwiguk,United States,62.733333,-164.466667,Very Small,Bering Sea; North Pacific Ocean,Fair,0.0
Grantley Harbor,United States,65.266667,-166.333333,Very Small,Bering Sea; North Pacific Ocean,Good,0.0
Longyearbyen,Svalbard,78.22722222199998,15.633333333,Very Small,Greenland Sea; Arctic Ocean,Good,333.0
Ny Alesund,Svalbard,78.928333333,11.933055556,Very Small,Greenland Sea; Arctic Ocean,Fair,70.0
Honningsvag,Norway,70.98258756,25.950055502,Small,Barents Sea; Arctic Ocean,Fair,0.0
Kvalsund,Norway,70.506944444,23.983333333,Very Small,Norwegian Sea; North Atlantic Ocean,Fair,0.0
Hammerfest,Norway,70.666667,23.666667,Medium,Norwegian Sea; North Atlantic Ocean,Good,300.0
Alta,Norway,69.973333333,23.235277778,Very Small,Norwegian Sea; North Atlantic Ocean,Good,250.0
Buffington,United States,41.633333,-87.416667,Medium,Lake Michigan; Great Lakes,Fair,0.0
Batchawana Bay,Canada,46.916667,-84.59999999999998,Very Small,Lake Superior; Great Lakes,Excellent,0.0
L Anse,United States,46.766667,-88.466667,Very Small,Lake Superior; Great Lakes,Fair,0.0
Copper Harbor,United States,47.466667,-87.866667,Very Small,Lake Superior; Great Lakes,Fair,0.0
Eagle Harbor,United States,47.466667,-88.166667,Very Small,Lake Superior; Great Lakes,Poor,0.0
La Pointe,United States,46.783333,-90.78333300000001,Very Small,Lake Superior; Great Lakes,Poor,0.0
Gaspe,Canada,48.833333,-64.483333,Small,Gulf of Saint Lawrence; North Atlantic Ocean,Good,0.0
Dalhousie,Canada,48.066667,-66.366667,Small,Gulf of Saint Lawrence; North Atlantic Ocean,Fair,0.0
Caraquet,Canada,47.8,-64.933333,Small,Gulf of Saint Lawrence; North Atlantic Ocean,Good,0.0
Medby,Norway,68.908888889,17.728333333,Very Small,Norwegian Sea; North Atlantic Ocean,Poor,0.0
Laguna,Brazil,-28.5,-48.783333,Very Small,South Atlantic Ocean,Fair,0.0
Jose Ignacio,Uruguay,-34.95,-54.7,Very Small,South Atlantic Ocean,Poor,0.0
Montevideo,Uruguay,-34.9,-56.216667,Medium,South Atlantic Ocean,Good,0.0
Concordia,Argentina,-31.4,-58.033333,Very Small,Rio de la Plata; South Atlantic Ocean,Excellent,0.0
Colon,Argentina,-32.216667,-58.133333,Very Small,Rio de la Plata; South Atlantic Ocean,Excellent,0.0
Glenada,United States,43.966667,-124.116667,Very Small,North Pacific Ocean,Excellent,0.0
Ende,Indonesia,-8.833333,121.65,Very Small,Savu Sea; Indian Ocean,Fair,134.9
Adler,Russia,43.433333,39.933333,Very Small,Black Sea; North Atlantic Ocean,Poor,0.0
Hopa,Turkey,41.416667,41.4,Very Small,Black Sea; North Atlantic Ocean,Fair,0.0
Eregli,Turkey,41.3,31.45,Very Small,Black Sea; North Atlantic Ocean,Fair,0.0
Botas Natural Gas Terminal,Turkey,41.0,27.983333,Very Small,Sea of Marmara; Mediterranean Sea; North Atlantic Ocean,Poor,0.0
Gebze,Turkey,40.766667,29.55,Very Small,Sea of Marmara; Mediterranean Sea; North Atlantic Ocean,Fair,0.0
Golcuk Burnu,Turkey,40.733333,29.816667,Very Small,Sea of Marmara; Mediterranean Sea; North Atlantic Ocean,Fair,0.0
Lyndiane,Senegal,14.166667,-16.166667,Very Small,North Atlantic Ocean,Fair,0.0
Edinburgh Of The Seven Seas,"Saint Helena, Ascension, and Tristan da Cunha",-37.05,-12.3,Very Small,South Atlantic Ocean,Poor,0.0
Ahukini Landing,United States,22.0,-159.333333,Very Small,North Pacific Ocean,Fair,0.0
Majuro Atoll,Marshall Islands,7.083333,171.383333,Very Small,North Pacific Ocean,Good,0.0
Empire,United States,43.4,-124.283333,Medium,North Pacific Ocean,Excellent,0.0
North Bend,United States,43.4,-124.216667,Very Small,North Pacific Ocean,Excellent,0.0
Coos Bay,United States,43.366667,-124.216667,Small,North Pacific Ocean,Excellent,0.0
Gardiner,United States,43.716667,-124.1,Very Small,North Pacific Ocean,Excellent,0.0
Florence,United States,43.966667,-124.116667,Very Small,North Pacific Ocean,Excellent,0.0
Glen Cove,United States,48.083333,-122.783333,Very Small,Alaska-Canada coastal waters; North Pacific Ocean,Good,0.0
Creosote,United States,47.616667,-122.5,Very Small,Alaska-Canada coastal waters; North Pacific Ocean,Excellent,0.0
East Bremerton,United States,47.566667,-122.616667,Very Small,Alaska-Canada coastal waters; North Pacific Ocean,Excellent,0.0
Kantlax,Finland,63.416667,22.283333,Very Small,Gulf of Bothnia; Baltic Sea; North Atlantic Ocean,Fair,0.0
Naantali,Finland,60.466667,22.016667,Very Small,Baltic Sea; North Atlantic Ocean,Fair,252.0
Kotka,Finland,60.466667,26.966667,Large,Gulf of Finland; Baltic Sea; North Atlantic Ocean,Excellent,244.9
Lomonosov,Russia,59.916667,29.766667,Very Small,Gulf of Finland; Baltic Sea; North Atlantic Ocean,Fair,160.0
Liepaja,Latvia,56.516667,21.016667,Medium,Baltic Sea; North Atlantic Ocean,Good,229.0
Darlowo,Poland,54.433333,16.416667,Very Small,Baltic Sea; North Atlantic Ocean,Fair,75.0
Kolobrzeg,Poland,54.216667,15.55,Very Small,Baltic Sea; North Atlantic Ocean,Fair,85.0
Cowichan Bay,Canada,48.75,-123.616667,Very Small,Alaska-Canada coastal waters; North Pacific Ocean,Fair,0.0
Hope Bay,Canada,48.8,-123.283333,Very Small,Alaska-Canada coastal waters; North Pacific Ocean,Fair,0.0
Bamberton,Canada,48.55,-123.516667,Very Small,Alaska-Canada coastal waters; North Pacific Ocean,Fair,0.0
Gold River,Canada,49.683333,-126.116667,Very Small,North Pacific Ocean,Fair,190.0
Klemtu,Canada,52.6,-128.516667,Very Small,Alaska-Canada coastal waters; North Pacific Ocean,Good,0.0
Butedale,Canada,53.166667,-128.683333,Very Small,Alaska-Canada coastal waters; North Pacific Ocean,Fair,0.0
Alliford Bay,Canada,53.216667,-131.983333,Very Small,Alaska-Canada coastal waters; North Pacific Ocean,Good,0.0
Hyder,United States,55.916667,-130.0,Very Small,Alaska-Canada coastal waters; North Pacific Ocean,Poor,0.0
Hidden Inlet,United States,54.95,-130.333333,Very Small,Alaska-Canada coastal waters; North Pacific Ocean,Fair,0.0
George Inlet,United States,55.383333,-131.466667,Very Small,Alaska-Canada coastal waters; North Pacific Ocean,Fair,0.0
Burnett Inlet,United States,56.066667,-132.466667,Very Small,Alaska-Canada coastal waters; North Pacific Ocean,Fair,0.0
Bay Of Pillars,United States,56.6,-134.233333,Very Small,Alaska-Canada coastal waters; North Pacific Ocean,Good,0.0
Kimshan Cove,United States,57.683333,-136.116667,Very Small,North Pacific Ocean,Good,0.0
Letnikof Cove,United States,59.183333,-135.4,Very Small,Alaska-Canada coastal waters; North Pacific Ocean,Good,0.0
Crab Bay,United States,60.066667,-148.0,Very Small,Gulf of Alaska; North Pacific Ocean,Fair,0.0
Kenai,United States,60.55,-151.266667,Very Small,Cook Inlet; Gulf of Alaska; North Pacific Ocean,Fair,0.0
Drift River,United States,60.55,-152.133333,Very Small,Cook Inlet; Gulf of Alaska; North Pacific Ocean,Fair,0.0
Mccord,United States,57.15,-153.2,Very Small,North Pacific Ocean,Good,0.0
Fort William,United Kingdom,56.816667,-5.116667,Very Small,North Atlantic Ocean,Fair,0.0
North Sydney,Canada,46.216667,-60.25,Small,North Atlantic Ocean,Excellent,0.0
Louisbourg,Canada,45.916667,-59.966667,Very Small,North Atlantic Ocean,Excellent,0.0
Musquodoboit Harbour,Canada,44.783333,-63.15,Very Small,North Atlantic Ocean,Excellent,0.0
Digby,Canada,44.616667,-65.766667,Small,Bay of Fundy; North Atlantic Ocean,Excellent,0.0
Canaport (St. John),Canada,45.2,-65.983333,Large,Bay of Fundy; North Atlantic Ocean,Good,0.0
Eastport,United States,44.9,-66.983333,Very Small,Bay of Fundy; North Atlantic Ocean,Fair,0.0
Machiasport,United States,44.7,-67.4,Very Small,North Atlantic Ocean,Good,0.0
Greenock,United Kingdom,55.95,-4.75,Medium,North Atlantic Ocean,Fair,0.0
Finnart Oil Terminal,United Kingdom,56.116667,-4.833333,Small,North Atlantic Ocean,Good,0.0
Old Kilpatrick,United Kingdom,55.916667,-4.466667,Very Small,North Atlantic Ocean,Fair,0.0
Largs,United Kingdom,55.8,-4.866667,Very Small,North Atlantic Ocean,Fair,0.0
Hunterston,United Kingdom,55.75,-4.883333,Very Small,North Atlantic Ocean,Poor,0.0
Coleraine,United Kingdom,55.133333,-6.666667,Small,North Atlantic Ocean,Excellent,0.0
Lancaster,United Kingdom,54.05,-2.783333,Small,Irish Sea; North Atlantic Ocean,Fair,0.0
Limerick,Ireland,52.633333,-8.616667,Small,North Atlantic Ocean,Good,0.0
Foynes,Ireland,52.616667,-9.116667,Large,North Atlantic Ocean,Good,0.0
Mostyn,United Kingdom,53.316667,-3.266667,Very Small,Irish Sea; North Atlantic Ocean,Fair,0.0
Izmayil,Ukraine,45.333333,28.85,Very Small,Black Sea; North Atlantic Ocean,Good,0.0
Belgorod-Dnestrovsky,Ukraine,46.183333,30.366667,Very Small,Black Sea; North Atlantic Ocean,Fair,0.0
Chornomors Ke,Ukraine,45.516667,32.7,Very Small,Black Sea; North Atlantic Ocean,Poor,0.0
Balaklava,Ukraine,44.5,33.6,Very Small,Black Sea; North Atlantic Ocean,Good,0.0
Alushta,Ukraine,44.683333,34.416667,Very Small,Black Sea; North Atlantic Ocean,Poor,0.0
Gelendzhik,Russia,44.55,38.066667,Very Small,Black Sea; North Atlantic Ocean,Fair,0.0
Bandar-E Pars Terminal,Iran,27.533333,52.533333,Very Small,Persian Gulf; Indian Ocean,Poor,220.0
Bengkulu,Indonesia,-3.783333,102.25,Very Small,Indian Ocean,Poor,0.0
Inebolu,Turkey,41.983333,33.766667,Very Small,Black Sea; North Atlantic Ocean,Poor,0.0
Kaba Burnu,Turkey,40.766667,29.533333,Very Small,Sea of Marmara; Mediterranean Sea; North Atlantic Ocean,Fair,0.0
Kusanartoq,Greenland,61.766667,-42.216667,Small,North Atlantic Ocean,Good,0.0
Attu,Greenland,67.95,-53.733333,Very Small,Baffin Bay; Arctic Ocean,Fair,0.0
Kajalleq Upernavik,Greenland,72.15,-55.533333,Very Small,Baffin Bay; Arctic Ocean,Fair,0.0
Clarenville,Canada,48.17515,-53.9591,Small,North Atlantic Ocean,Good,250.0
Argentia,Canada,47.3,-53.983333,Medium,North Atlantic Ocean,Fair,198.0
Blanc Sablon,Canada,51.416667,-57.133333,Very Small,Gulf of Saint Lawrence; North Atlantic Ocean,Fair,0.0
La Baie (Port Alfred),Canada,48.333333,-70.883333,Small,Gulf of Saint Lawrence; North Atlantic Ocean,Good,0.0
Carillon,Canada,45.566667,-74.366667,Very Small,Lake Ontario; Great Lakes,Excellent,0.0
Chute A Blondeau,Canada,45.583333,-74.466667,Very Small,Lake Ontario; Great Lakes,Excellent,0.0
Hawkesbury,Canada,45.616667,-74.616667,Very Small,Lake Ontario; Great Lakes,Excellent,0.0
Fassett,Canada,45.65,-74.866667,Very Small,Lake Ontario; Great Lakes,Excellent,0.0
Cumberland,Canada,45.516667,-75.4,Very Small,Lake Ontario; Great Lakes,Excellent,0.0
Masson,Canada,45.533333,-75.416667,Very Small,Lake Ontario; Great Lakes,Excellent,0.0
Millhaven,Canada,44.2,-76.733333,Very Small,Lake Ontario; Great Lakes,Excellent,0.0
Oakville,Canada,43.433333,-79.666667,Very Small,Lake Ontario; Great Lakes,Excellent,0.0
Amherstburg,Canada,42.1,-83.09999999999998,Small,Lake Erie; Great Lakes,Excellent,0.0
Depot Harbour,Canada,45.316667,-80.09999999999998,Very Small,Lake Huron; Great Lakes,Excellent,0.0
Manitowaning,Canada,45.75,-81.79999999999998,Very Small,Lake Huron; Great Lakes,Excellent,0.0
Harbor Beach,United States,43.85,-82.65,Very Small,Lake Huron; Great Lakes,Good,0.0
Hertford,United States,36.183333,-76.466667,Very Small,North Atlantic Ocean,Excellent,0.0
Minatitlan,Mexico,17.9,-94.583333,Very Small,Gulf of Mexico; North Atlantic Ocean,Excellent,145.0
Ballstad,Norway,68.066667,13.7,Very Small,Norwegian Sea; North Atlantic Ocean,Fair,0.0
Lodingen,Norway,68.416667,16.0,Very Small,Norwegian Sea; North Atlantic Ocean,Good,0.0
Lilandsgrunnen,Norway,68.478055556,16.890555556,Very Small,Norwegian Sea; North Atlantic Ocean,Good,0.0
Litle Ballangen,Norway,68.348611111,16.872777778,Very Small,Norwegian Sea; North Atlantic Ocean,Good,0.0
Korsnes,Norway,68.251944444,16.061666667,Very Small,Norwegian Sea; North Atlantic Ocean,Fair,0.0
Kjerringoy,Norway,67.5225,14.759722222,Very Small,Norwegian Sea; North Atlantic Ocean,Fair,0.0
Glomfjord,Norway,66.8075,13.980277778,Very Small,Norwegian Sea; North Atlantic Ocean,Good,200.0
Levanger,Norway,63.754722222,11.293333333,Very Small,Norwegian Sea; North Atlantic Ocean,Good,0.0
Langstein,Norway,63.548611111,10.89,Very Small,Norwegian Sea; North Atlantic Ocean,Good,0.0
Norheimsund,Norway,60.366111111,6.153888889,Very Small,North Sea; North Atlantic Ocean,Fair,0.0
Mosterhamn,Norway,59.698888889,5.391111111,Very Small,North Sea; North Atlantic Ocean,Good,0.0
Leirvik,Norway,59.758333333,5.496666667,Very Small,North Sea; North Atlantic Ocean,Good,0.0
Kopervik,Norway,59.283333,5.316667,Very Small,North Sea; North Atlantic Ocean,Good,0.0
Arendal,Norway,58.453888889,8.776944444,Small,Skagerrak; North Atlantic Ocean,Good,260.0
El Jadida,Morocco,33.25,-8.5,Very Small,North Atlantic Ocean,Good,0.0
Nonopapa,United States,21.866667,-160.233333,Very Small,North Pacific Ocean,Poor,0.0
Enitwetak Island,Marshall Islands,11.333333,162.333333,Very Small,North Pacific Ocean,Good,0.0
Hamburg Harbor,Papua New Guinea,-1.633333,149.966667,Very Small,South Pacific Ocean,Fair,0.0
Benchamas Terminal,Thailand,10.516667,101.25,Very Small,Gulf of Thailand; South China Sea; North Pacific Ocean,Poor,0.0
Duba,Saudi Arabia,27.566667,35.533333,Small,Red Sea; Indian Ocean,Poor,184.0
Mostyn,Malaysia,4.683333,118.25,Very Small,Celebes Sea; North Pacific Ocean,Fair,0.0
Luwuk,Indonesia,-0.95,122.8,Very Small,Banda Sea; South Pacific Ocean,Good,0.0
Kolonodale,Indonesia,-1.983333,121.333333,Very Small,Banda Sea; South Pacific Ocean,Fair,0.0
Bula,Indonesia,-3.1,130.5,Very Small,Ceram Sea; Banda Sea; South Pacific Ocean,Fair,0.0
Manokwari Road,Indonesia,-0.866667,134.083333,Very Small,Teluk Cenderawasih; South Pacific Ocean,Good,0.0
Kasim Terminal,Indonesia,-1.3,131.016667,Large,South Pacific Ocean,Poor,183.0
Fakfak,Indonesia,-2.933333,132.283333,Very Small,Ceram Sea; Banda Sea; South Pacific Ocean,Fair,0.0
Amamapare,Indonesia,-4.816667,136.966667,Small,Arafura Sea; South Pacific Ocean,Fair,0.0
Discovery Bay,Papua New Guinea,-10.416667,150.416667,Very Small,Solomon Sea; South Pacific Ocean,Good,0.0
Karumba,Australia,-17.483333,140.833333,Very Small,Gulf of Carpentaria; Arafura Sea; South Pacific Ocean,Good,100.0
Launceston,Australia,-41.45,147.116667,Small,Bass Strait; South Pacific Ocean,Excellent,0.0
Opua,New Zealand,-35.316667,174.116667,Very Small,South Pacific Ocean,Good,240.0
Canton Island,Kiribati,-2.833333,-171.716667,Very Small,South Pacific Ocean,Fair,0.0
English Harbor,Kiribati,3.85,-159.366667,Very Small,North Pacific Ocean,Fair,0.0
Kamalo,United States,21.05,-156.883333,Very Small,North Pacific Ocean,Poor,0.0
Lon Shui Terminal,China,20.833333,115.683333,Large,South China Sea; North Pacific Ocean,Poor,0.0
Mys Rogatyy Oktyabrskiy,Russia,50.733333,142.1,Very Small,Tatar Strait; North Pacific Ocean,Poor,0.0
Holyhead,United Kingdom,53.316667,-4.633333,Small,Irish Sea; North Atlantic Ocean,Good,0.0
Bridgwater,United Kingdom,51.133333,-3.0,Very Small,Bristol Channel; North Atlantic Ocean,Good,0.0
Mevagissey,United Kingdom,50.266667,-4.783333,Very Small,English Channel; North Atlantic Ocean,Good,0.0
Charlestown,United Kingdom,50.333333,-4.75,Very Small,English Channel; North Atlantic Ocean,Good,0.0
Bridport Harbour,United Kingdom,50.716667,-2.766667,Very Small,English Channel; North Atlantic Ocean,Poor,0.0
Folkestone Harbour,United Kingdom,51.083333,1.2,Small,English Channel; North Atlantic Ocean,Good,0.0
Alderney Harbour,Guernsey,49.733333,-2.2,Very Small,English Channel; North Atlantic Ocean,Fair,0.0
Hyannis,United States,41.65,-70.283333,Very Small,North Atlantic Ocean,Excellent,0.0
Drammen,Norway,59.733333,10.25,Medium,Skagerrak; North Atlantic Ocean,Good,250.0
Drobak,Norway,59.660555556,10.625,Very Small,Skagerrak; North Atlantic Ocean,Good,0.0
Bovallstrand,Sweden,58.483333,11.333333,Very Small,Skagerrak; North Atlantic Ocean,Fair,0.0
Marstrand,Sweden,57.883888889,11.588333333,Very Small,Kattegat; North Atlantic Ocean,Good,0.0
Hoganas,Sweden,56.196666667,12.544722222,Very Small,Kattegat; North Atlantic Ocean,Fair,130.0
Norrkoping,Sweden,58.583333,16.2,Medium,Baltic Sea; North Atlantic Ocean,Good,260.0
Gustavsberg,Sweden,59.316667,18.383333,Very Small,Baltic Sea; North Atlantic Ocean,Excellent,0.0
Hallstavik,Sweden,60.05,18.583333,Very Small,Gulf of Bothnia; Baltic Sea; North Atlantic Ocean,Excellent,0.0
Hudiksvall,Sweden,61.733333,17.116667,Small,Gulf of Bothnia; Baltic Sea; North Atlantic Ocean,Good,0.0
Bollstabruk,Sweden,63.0,17.7,Very Small,Gulf of Bothnia; Baltic Sea; North Atlantic Ocean,Good,0.0
Kopmanholmen,Sweden,63.166667,18.583333,Very Small,Gulf of Bothnia; Baltic Sea; North Atlantic Ocean,Good,152.0
Nordmaling,Sweden,63.566667,19.483333,Very Small,Gulf of Bothnia; Baltic Sea; North Atlantic Ocean,Good,0.0
Obbola,Sweden,63.7,20.333333,Very Small,Gulf of Bothnia; Baltic Sea; North Atlantic Ocean,Excellent,0.0
Gumbodahamn,Sweden,64.233333,21.1,Very Small,Gulf of Bothnia; Baltic Sea; North Atlantic Ocean,Good,0.0
Kagehamn,Sweden,64.833333,21.033333,Very Small,Gulf of Bothnia; Baltic Sea; North Atlantic Ocean,Good,0.0
Kappeln,Germany,54.666667,9.933333,Very Small,Baltic Sea; North Atlantic Ocean,Good,0.0
Hasle,Denmark,55.183333,14.7,Very Small,Baltic Sea; North Atlantic Ocean,Fair,0.0
Koge,Denmark,55.45,12.2,Very Small,Baltic Sea; North Atlantic Ocean,Good,0.0
Hundested Havn,Denmark,55.966667,11.85,Very Small,Kattegat; North Atlantic Ocean,Fair,0.0
Korsor,Denmark,55.333333,11.133333,Small,Baltic Sea; North Atlantic Ocean,Excellent,0.0
Naestved,Denmark,55.233333,11.75,Small,Baltic Sea; North Atlantic Ocean,Excellent,120.0
Nykobing,Denmark,54.766667,11.866667,Small,Baltic Sea; North Atlantic Ocean,Good,129.0
Nakskov,Denmark,54.833333,11.133333,Small,Baltic Sea; North Atlantic Ocean,Excellent,200.0
Kerteminde,Denmark,55.45,10.666667,Very Small,Kattegat; North Atlantic Ocean,Good,120.0
Faborg,Denmark,55.1,10.25,Small,Baltic Sea; North Atlantic Ocean,Good,0.0
Haderslev,Denmark,55.25,9.5,Small,Baltic Sea; North Atlantic Ocean,Good,110.0
Fredericia,Denmark,55.566667,9.766667,Small,Kattegat; North Atlantic Ocean,Good,0.0
Esbjerg,Denmark,55.466667,8.45,Small,North Sea; North Atlantic Ocean,Good,0.0
Busum,Germany,54.133333,8.866667,Very Small,North Sea; North Atlantic Ocean,Fair,0.0
Brake,Germany,53.333333,8.483333,Medium,North Sea; North Atlantic Ocean,Good,0.0
Elsfleth,Germany,53.233333,8.466667,Very Small,North Sea; North Atlantic Ocean,Good,0.0
Leer,Germany,53.233333,7.45,Very Small,North Sea; North Atlantic Ocean,Good,0.0
Den Helder,Netherlands,52.966667,4.783333,Small,North Sea; North Atlantic Ocean,Good,0.0
Hansweert,Netherlands,51.45,4.0,Very Small,North Sea; North Atlantic Ocean,Fair,0.0
Nieuwpoort,Belgium,51.133333,2.75,Very Small,North Sea; North Atlantic Ocean,Good,0.0
Chatham Docks,United Kingdom,51.4,0.55,Small,North Sea; North Atlantic Ocean,Good,0.0
Colchester,United Kingdom,51.883333,0.916667,Very Small,North Sea; North Atlantic Ocean,Good,0.0
Howdendyke,United Kingdom,53.733333,-0.883333,Very Small,North Sea; North Atlantic Ocean,Fair,0.0
Hartlepool,United Kingdom,54.7,-1.183333,Small,North Sea; North Atlantic Ocean,Good,0.0
Eyemouth,United Kingdom,55.866667,-2.083333,Very Small,North Sea; North Atlantic Ocean,Good,0.0
Dunbar,United Kingdom,56.0,-2.516667,Very Small,North Sea; North Atlantic Ocean,Fair,0.0
Kettletoft,United Kingdom,59.233333,-2.6,Very Small,North Sea; North Atlantic Ocean,Poor,0.0
Kirkwall,United Kingdom,58.983333,-2.966667,Very Small,North Sea; North Atlantic Ocean,Good,0.0
Lyness,United Kingdom,58.833333,-3.2,Medium,North Sea; North Atlantic Ocean,Fair,0.0
Aultbea,United Kingdom,57.833333,-5.583333,Very Small,North Atlantic Ocean,Poor,0.0
Gairloch,United Kingdom,57.716667,-5.683333,Very Small,North Atlantic Ocean,Fair,0.0
Kyle Of Lochalsh,United Kingdom,57.283333,-5.716667,Very Small,North Atlantic Ocean,Fair,0.0
Kyleakin,United Kingdom,57.266667,-5.733333,Very Small,North Atlantic Ocean,Fair,0.0
Broadford Bay,United Kingdom,57.25,-5.883333,Very Small,North Atlantic Ocean,Poor,0.0
Medgidia,Romania,44.25,28.266667,Very Small,Black Sea; North Atlantic Ocean,Poor,0.0
Monfalcone,Italy,45.783333,13.55,Medium,Adriatic Sea; Mediterranean Sea; North Atlantic Ocean,Good,0.0
Defterdar Burnu,Turkey,41.05,29.033333,Very Small,Sea of Marmara; Mediterranean Sea; North Atlantic Ocean,Fair,0.0
Burgas,Bulgaria,42.483333,27.483333,Small,Black Sea; North Atlantic Ocean,Fair,252.0
Basarabi,Romania,44.166667,28.433333,Very Small,Black Sea; North Atlantic Ocean,Poor,0.0
Danube-Black Sea Canal,Romania,44.266667,28.183333,Medium,Black Sea; North Atlantic Ocean,Poor,0.0
Midia,Romania,44.35,28.666667,Very Small,Black Sea; North Atlantic Ocean,Fair,0.0
Masbate,Philippines,12.366667,123.616667,Small,Philippine inland seas; North Pacific Ocean,Excellent,0.0
Jiangyin,China,31.916667,120.233333,Small,East China Sea; North Pacific Ocean,Fair,0.0
Changzhou,China,31.966667,119.983333,Small,East China Sea; North Pacific Ocean,Poor,0.0
Gaogang,China,32.283333,119.85,Small,East China Sea; North Pacific Ocean,Fair,0.0
Hungnam,North Korea,39.833333,127.616667,Small,Sea of Japan; North Pacific Ocean,Fair,0.0
Kimch'aek,North Korea,40.666667,129.2,Very Small,Sea of Japan; North Pacific Ocean,Good,0.0
Najin,North Korea,42.233333,130.3,Small,Sea of Japan; North Pacific Ocean,Fair,0.0
Aleksandrovsk -Sakhalinskiy,Russia,50.9,142.133333,Small,Tatar Strait; North Pacific Ocean,Poor,0.0
Mombetsu Ko,Japan,44.35,143.35,Very Small,Sea of Okhotsk; North Pacific Ocean,Good,0.0
Bahia Agua Fresca,Chile,-53.383333,-70.966667,Very Small,South Pacific Ocean,Fair,0.0
Bahia Harris,Chile,-53.85,-70.45,Very Small,South Pacific Ocean,Fair,0.0
Kyomip'o,North Korea,38.733333,125.616667,Very Small,Korea Bay; Yellow Sea; North Pacific Ocean,Fair,0.0
Duncan Bay,Canada,50.066667,-125.283333,Very Small,Alaska-Canada coastal waters; North Pacific Ocean,Fair,0.0
Strandvik,Norway,60.158611111,5.677777778,Very Small,North Sea; North Atlantic Ocean,Good,0.0
Hong Kong,Hong Kong,22.266667,114.2,Large,South China Sea; North Pacific Ocean,Excellent,400.0
Macau,Macau,22.183333,113.566667,Medium,South China Sea; North Pacific Ocean,Good,105.0
Kronshtadt,Russia,59.983333,29.783333,Small,Gulf of Finland; Baltic Sea; North Atlantic Ocean,Good,168.0
Helsinki,Finland,60.166667,24.966667,Large,Gulf of Finland; Baltic Sea; North Atlantic Ocean,Fair,315.7
Huizhou,China,22.716667,114.516667,Very Small,South China Sea; North Pacific Ocean,Fair,340.0
Chaozhou,China,23.616667,117.083333,Medium,South China Sea; North Pacific Ocean,Fair,230.0
Bukhta Gaydamak,Russia,42.866667,132.683333,Very Small,Sea of Japan; North Pacific Ocean,Poor,0.0
Bird Port,United Kingdom,51.566667,-2.966667,Very Small,Bristol Channel; North Atlantic Ocean,Poor,0.0
Newport,United Kingdom,51.55,-2.983333,Medium,Bristol Channel; North Atlantic Ocean,Excellent,0.0
Hanko,Finland,59.816667,22.95,Small,Gulf of Finland; Baltic Sea; North Atlantic Ocean,Poor,250.0
Hankow,China,30.583333,114.283333,Medium,East China Sea; North Pacific Ocean,Fair,0.0
Nanjing,China,32.083333,118.75,Very Small,East China Sea; North Pacific Ocean,Fair,0.0
Ankingcheng,China,30.516667,117.033333,Very Small,East China Sea; North Pacific Ocean,Fair,0.0
El Maadiya,Egypt,31.266667,30.15,Very Small,Mediterranean Sea; North Atlantic Ocean,Unknown,0.0
Mailiao,Taiwan,23.783333,120.166667,Very Small,Taiwan Strait; North Pacific Ocean,Poor,339.0
Grytviken,South Georgia and South Sandwich Islands,-54.266667,-36.5,Very Small,South Atlantic Ocean,Fair,125.0
Mariehamn,Finland,60.1,19.916667,Small,Baltic Sea; North Atlantic Ocean,Good,240.0
Crofton,Canada,48.866667,-123.633333,Very Small,Alaska-Canada coastal waters; North Pacific Ocean,Fair,0.0
Ocean City,United States,38.333333,-75.08333299999998,Very Small,North Atlantic Ocean,Excellent,0.0
Norwich,United States,41.516667,-72.08333299999998,Very Small,North Atlantic Ocean,Excellent,0.0
Mystic,United States,41.35,-71.966667,Very Small,North Atlantic Ocean,Excellent,0.0
Noank,United States,41.316667,-71.983333,Very Small,North Atlantic Ocean,Fair,0.0
Montauk Harbor,United States,41.066667,-71.933333,Very Small,North Atlantic Ocean,Good,0.0
Murmansk,Russia,68.983333,33.05,Large,Barents Sea; Arctic Ocean,Good,0.0
Arkhangels'k,Russia,64.529722222,40.521666667,Medium,White Sea; Barents Sea; Arctic Ocean,Good,0.0
Igarka,Russia,67.458333333,86.588888889,Small,Kara Sea; Arctic Ocean,Good,0.0
Fairport,United States,41.766667,-81.29999999999998,Small,Lake Erie; Great Lakes,Excellent,0.0
Hafnarfjordur,Iceland,64.066667,-21.95,Very Small,North Atlantic Ocean,Fair,190.0
Isafjordur,Iceland,66.066667,-23.116667,Very Small,Denmark Strait; North Atlantic Ocean,Good,220.0
Bildudalur,Iceland,65.683333,-23.6,Very Small,Denmark Strait; North Atlantic Ocean,Fair,99.8
Aomori Ko,Japan,40.833333,140.75,Small,North Pacific Ocean,Good,0.0
Dudinka,Russia,69.4,86.166667,Medium,Kara Sea; Arctic Ocean,Good,0.0
Atlantic City,United States,39.366667,-74.416667,Very Small,North Atlantic Ocean,Good,0.0
Gloucester,United States,42.6,-70.666667,Small,North Atlantic Ocean,Excellent,0.0
Burlington,United States,40.083333,-74.866667,Very Small,North Atlantic Ocean,Excellent,0.0
Bolungarvik,Iceland,66.166667,-23.233333,Very Small,Denmark Strait; North Atlantic Ocean,Fair,45.0
Himekawa,Japan,37.033333,137.85,Very Small,Sea of Japan; North Pacific Ocean,Fair,0.0
Eastern Part Of Niigata-Ko,Japan,38.016667,139.233333,Small,Sea of Japan; North Pacific Ocean,Unknown,0.0
Mezen,Russia,65.833333,44.183333,Small,White Sea; Barents Sea; Arctic Ocean,Good,0.0
Leamington,Canada,42.033333,-82.59999999999998,Very Small,Lake Erie; Great Lakes,Poor,0.0
Kandalaksha,Russia,67.133333,32.416667,Very Small,White Sea; Barents Sea; Arctic Ocean,Fair,0.0
Mys Abram,Russia,68.983333,33.033333,Very Small,Barents Sea; Arctic Ocean,Fair,0.0
Davisville Depot,United States,41.616667,-71.4,Very Small,North Atlantic Ocean,Fair,0.0
Barnegat,United States,39.766667,-74.09999999999998,Very Small,North Atlantic Ocean,Good,0.0
Noshiro Ko,Japan,40.216667,140.0,Very Small,Sea of Japan; North Pacific Ocean,Fair,0.0
Isikari Wan,Japan,43.233333,141.366667,Very Small,Sea of Japan; North Pacific Ocean,Fair,0.0
Fukui Ko,Japan,36.183333,136.1,Medium,Sea of Japan; North Pacific Ocean,Unknown,0.0
Fredericksburg,United States,38.3,-77.45,Very Small,North Atlantic Ocean,Excellent,0.0
Grundartangi,Iceland,64.266667,-22.0,Medium,North Atlantic Ocean,Good,0.0
Kanazawa,Japan,36.616667,136.6,Small,Sea of Japan; North Pacific Ocean,Fair,0.0
Kashiwazaki,Japan,37.366667,138.55,Very Small,Sea of Japan; North Pacific Ocean,Fair,0.0
Bolshaya Piryu Guba,Russia,66.673055556,34.361388889,Small,White Sea; Barents Sea; Arctic Ocean,Good,0.0
Bristol,United States,40.1,-74.84999999999998,Very Small,North Atlantic Ocean,Excellent,0.0
Aasiaat,Greenland,68.710833333,-52.868333333,Small,Baffin Bay; Arctic Ocean,Good,136.0
Camas,United States,45.583333,-122.4,Very Small,North Pacific Ocean,Excellent,0.0
Goose Bay,Canada,53.366667,-60.3,Very Small,Labrador Sea; North Atlantic Ocean,Poor,0.0
Kwajalein,Marshall Islands,8.716667,167.733333,Very Small,North Pacific Ocean,Good,500.0
Klawock,United States,55.55,-133.1,Very Small,Alaska-Canada coastal waters; North Pacific Ocean,Good,0.0
Keflavik,Iceland,64.0,-22.55,Very Small,North Atlantic Ocean,Fair,150.0
Blaine,United States,49.0,-122.75,Very Small,Alaska-Canada coastal waters; North Pacific Ocean,Good,0.0
Illulissat (Jakobshavn),Greenland,69.216667,-51.1,Small,Baffin Bay; Arctic Ocean,Fair,108.7
Craig,United States,55.466667,-133.15,Very Small,Alaska-Canada coastal waters; North Pacific Ocean,Good,0.0
Olavsvern,Norway,69.525629248,19.007549286, ,Norwegian Sea; North Atlantic Ocean, ,0.0
Meeruse,Estonia,59.45087,24.6722,Very Small,Gulf of Finland; Baltic Sea; North Atlantic Ocean,Fair,140.0
Heltermaa,Estonia,58.866684,23.048341,Very Small,Gulf of Riga; Baltic Sea; North Atlantic Ocean,Good,118.0
Bekkeri,Estonia,59.45454,24.66745,Very Small,Gulf of Finland; Baltic Sea; North Atlantic Ocean,Fair,170.0
Lahesuu,Estonia,59.457056204,24.703002723,Very Small,Gulf of Finland; Baltic Sea; North Atlantic Ocean,Good,160.0
Miiduranna,Estonia,59.499402,24.816063,Small,Gulf of Finland; Baltic Sea; North Atlantic Ocean,Fair,196.0
Latouche,United States,60.0505,-147.9042,Very Small,Gulf of Alaska; North Pacific Ocean,Good,0.0
Coal Point,United States,59.6014,-151.4111,Very Small,Cook Inlet; Gulf of Alaska; North Pacific Ocean,Fair,0.0
Port De Aracaju,Brazil,-10.916667,-37.05,Small,South Atlantic Ocean,Fair,0.0
Saint Sampson,Guernsey,49.483333,-2.516667,Very Small,English Channel; North Atlantic Ocean,Fair,0.0
Steinkjer,Norway,64.01,11.478611111,Very Small,Norwegian Sea; North Atlantic Ocean,Good,0.0
Port De Becancour,Canada,46.4,-72.38333299999998,Very Small,Gulf of Saint Lawrence; North Atlantic Ocean,Excellent,0.0
Three Saints Bay,United States,57.116667,-153.5,Very Small,North Pacific Ocean,Good,0.0
Pelee I West Dock,Canada,41.766667,-82.683333,Very Small,Lake Erie; Great Lakes,Poor,0.0
Sorvagur,Faroe Islands,62.083333,-7.25,Very Small,North Atlantic Ocean,Good,0.0
Union Bay,United States,55.766667,-132.216667,Very Small,Alaska-Canada coastal waters; North Pacific Ocean,Good,0.0
Rize,Turkey,41.066667,40.516667,Very Small,Black Sea; North Atlantic Ocean,Poor,0.0
Uddevalla,Sweden,58.334722222,11.8775,Medium,Kattegat; North Atlantic Ocean,Good,0.0
Port Orchard,United States,47.533333,-122.633333,Very Small,Alaska-Canada coastal waters; North Pacific Ocean,Excellent,0.0
Qeqertarsuaq,Greenland,69.233333,-53.533333,Small,Baffin Bay; Arctic Ocean,Good,63.0
Unalakleet,United States,63.883333,-160.783333,Very Small,Bering Sea; North Pacific Ocean,Poor,0.0
Rotterdam,Netherlands,51.9,4.483333,Large,North Sea; North Atlantic Ocean,Fair,0.0
Swansea,United Kingdom,51.616667,-3.95,Small,Bristol Channel; North Atlantic Ocean,Excellent,0.0
Shishmaref,United States,66.25,-166.083333,Very Small,Chukchi Sea; Arctic Ocean,Fair,0.0
Rouge River,United States,42.283333,-83.116667,Small,Lake Erie; Great Lakes,Excellent,0.0
Pangnirtung,Canada,66.133333,-65.75,Very Small,Cumberland Sound; Labrador Sea; North Atlantic Ocean,Fair,0.0
Port Angeles,United States,48.116667,-123.433333,Small,Alaska-Canada coastal waters; North Pacific Ocean,Good,0.0
Ornskoldsvik,Sweden,63.283333,18.716667,Small,Gulf of Bothnia; Baltic Sea; North Atlantic Ocean,Good,213.0
Stura,Norway,60.622222222,4.863333333,Very Small,North Sea; North Atlantic Ocean,Fair,0.0
Vardo,Norway,70.376944444,31.105555556,Small,Barents Sea; Arctic Ocean,Excellent,154.0
Papineauville,Canada,45.616667,-75.016667,Very Small,Lake Ontario; Great Lakes,Excellent,0.0
Utansjo,Sweden,62.766667,17.933333,Very Small,Gulf of Bothnia; Baltic Sea; North Atlantic Ocean,Good,0.0
Sointula,Canada,50.633333,-127.016667,Very Small,Alaska-Canada coastal waters; North Pacific Ocean,Fair,0.0
Signilskar,Finland,60.2,19.333333,Very Small,Baltic Sea; North Atlantic Ocean,Fair,0.0
Plymouth,United Kingdom,50.366667,-4.15,Medium,English Channel; North Atlantic Ocean,Excellent,0.0
Ward Cove,United States,55.4,-131.733333,Very Small,Alaska-Canada coastal waters; North Pacific Ocean,Good,0.0
Ringkobing,Denmark,56.083333,8.25,Very Small,North Sea; North Atlantic Ocean,Good,0.0
Tonsberg,Norway,59.262222222,10.41,Very Small,Skagerrak; North Atlantic Ocean,Good,0.0
Sunderland,United Kingdom,54.916667,-1.366667,Medium,North Sea; North Atlantic Ocean,Good,0.0
Port Conclusion,United States,56.25,-134.683333,Very Small,Alaska-Canada coastal waters; North Pacific Ocean,Good,0.0
Port Bayside Nb,Canada,45.15,-67.133333,Very Small,Bay of Fundy; North Atlantic Ocean,Unknown,0.0
Vancouver,United States,45.633333,-122.683333,Medium,North Pacific Ocean,Excellent,0.0
Yeysk,Russia,46.733333,38.266667,Very Small,Sea of Azov; Black Sea; North Atlantic Ocean,Good,0.0
Porto De Maceio,Brazil,-9.666667,-35.733333,Small,South Atlantic Ocean,Fair,339.0
Tornio,Finland,65.766667,24.166667,Small,Gulf of Bothnia; Baltic Sea; North Atlantic Ocean,Fair,169.0
Rauma,Finland,61.125,21.446111111,Medium,Gulf of Bothnia; Baltic Sea; North Atlantic Ocean,Good,229.0
Port Hobron,United States,57.166667,-153.166667,Very Small,North Pacific Ocean,Good,0.0
Puerto Quemchi,Chile,-42.15,-73.483333,Very Small,South Pacific Ocean,Excellent,0.0
Scituate,United States,42.2,-70.716667,Very Small,North Atlantic Ocean,Good,0.0
Quequen,Argentina,-38.583333,-58.7,Very Small,South Atlantic Ocean,Poor,0.0
Port Royal,United States,32.366667,-80.683333,Very Small,North Atlantic Ocean,Good,0.0
Unga,United States,55.183333,-160.5,Very Small,North Pacific Ocean,Poor,0.0
Oulu,Finland,65.016667,25.4,Large,Gulf of Bothnia; Baltic Sea; North Atlantic Ocean,Fair,241.7
Ramsgate,United Kingdom,51.333333,1.416667,Small,English Channel; North Atlantic Ocean,Good,0.0
Port Severn,Canada,44.8,-79.716667,Very Small,Lake Huron; Great Lakes,Excellent,0.0
Port Clements,Canada,53.683333,-132.183333,Very Small,Alaska-Canada coastal waters; North Pacific Ocean,Fair,0.0
Oshawa,Canada,43.866667,-78.81666699999998,Small,Lake Ontario; Great Lakes,Excellent,0.0
Vadso,Norway,70.072222222,29.741388889,Small,Barents Sea; Arctic Ocean,Fair,70.0
Portsmouth Harbour,United Kingdom,50.8,-1.1,Medium,English Channel; North Atlantic Ocean,Excellent,0.0
Porpoise Harbor,Canada,54.216667,-130.283333,Very Small,Alaska-Canada coastal waters; North Pacific Ocean,Good,0.0
Pelee I North Wharf,Canada,41.816667,-82.666667,Very Small,Lake Erie; Great Lakes,Fair,0.0
Pilot Point,United States,57.566667,-157.6,Very Small,Bristol Bay; Bering Sea; North Pacific Ocean,Fair,0.0
Uig,United Kingdom,57.583333,-6.35,Very Small,North Atlantic Ocean,Good,0.0
Sarnia,Canada,42.983333,-82.416667,Small,Lake Saint Clair; Great Lakes,Excellent,0.0
Stornoway Harbor,United Kingdom,58.183333,-6.366667,Very Small,North Atlantic Ocean,Fair,0.0
Port Hope,Canada,43.933333,-78.283333,Small,Lake Ontario; Great Lakes,Excellent,0.0
Riviere Du Loup,Canada,47.833333,-69.516667,Small,Gulf of Saint Lawrence; North Atlantic Ocean,Fair,0.0
Port Alexander,United States,56.25,-134.65,Very Small,Alaska-Canada coastal waters; North Pacific Ocean,Good,0.0
Workington,United Kingdom,54.566667,-3.633333,Very Small,Irish Sea; North Atlantic Ocean,Excellent,0.0
Portmahomack Harbor,United Kingdom,57.833333,-3.833333,Small,North Sea; North Atlantic Ocean,Good,0.0
Soraker,Sweden,62.5,17.5,Very Small,Gulf of Bothnia; Baltic Sea; North Atlantic Ocean,Good,0.0
Steveston,Canada,49.133333,-123.183333,Very Small,Alaska-Canada coastal waters; North Pacific Ocean,Fair,0.0
Port Talbot,United Kingdom,51.583333,-3.816667,Small,Bristol Channel; North Atlantic Ocean,Good,0.0
Reine,Norway,67.938611111,13.101666667,Very Small,Norwegian Sea; North Atlantic Ocean,Fair,0.0
Tutoia,Brazil,-2.783333,-42.283333,Very Small,South Atlantic Ocean,Excellent,0.0
Port Chilkoot,United States,59.233333,-135.433333,Very Small,Alaska-Canada coastal waters; North Pacific Ocean,Good,0.0
Salacgriva,Latvia,57.7,24.366667,Very Small,Gulf of Riga; Baltic Sea; North Atlantic Ocean,Fair,115.0
Zonguldak,Turkey,41.466667,31.816667,Very Small,Black Sea; North Atlantic Ocean,Good,0.0
Scalloway,United Kingdom,60.133333,-1.283333,Very Small,North Atlantic Ocean,Good,90.0
Savoonga,United States,63.683333,-170.4,Very Small,Bering Sea; North Pacific Ocean,Poor,0.0
Rockport,United States,45.2,-83.38333299999998,Very Small,Lake Huron; Great Lakes,Poor,0.0
Paamuit (Frederikshab),Greenland,62.0,-49.666667,Small,Labrador Sea; North Atlantic Ocean,Fair,110.0
Waubaushene,Canada,44.766667,-79.716667,Very Small,Lake Huron; Great Lakes,Excellent,0.0
Port Armstrong,United States,56.3,-134.666667,Very Small,Alaska-Canada coastal waters; North Pacific Ocean,Good,0.0
Rose Inlet,United States,54.95,-132.966667,Very Small,Alaska-Canada coastal waters; North Pacific Ocean,Good,0.0
Wilhelmshaven,Germany,53.533333,8.166667,Small,North Sea; North Atlantic Ocean,Good,0.0
Tranneset,Norway,60.416667,5.016667,Small,North Sea; North Atlantic Ocean,Good,0.0
Port Heiden,United States,56.883333,-158.7,Very Small,Bristol Bay; Bering Sea; North Pacific Ocean,Fair,0.0
Stockholm,Sweden,59.333333,18.05,Large,Baltic Sea; North Atlantic Ocean,Good,333.3
Port Ashton,United States,60.066667,-148.05,Very Small,Gulf of Alaska; North Pacific Ocean,Good,0.0
Port Aux Basques,Canada,47.566667,-59.133333,Small,North Atlantic Ocean,Fair,119.0
Tulcea,Romania,45.166667,28.816667,Very Small,Black Sea; North Atlantic Ocean,Fair,0.0
Skoot Cove,United States,52.716667,174.066667,Very Small,North Pacific Ocean,Fair,0.0
Whitehall,United Kingdom,59.133333,-2.6,Very Small,North Sea; North Atlantic Ocean,Poor,0.0
Sault Ste Marie,Canada,46.516667,-84.34999999999998,Small,Lake Superior; Great Lakes,Excellent,0.0
Todd,United States,57.466667,-135.05,Very Small,Alaska-Canada coastal waters; North Pacific Ocean,Fair,0.0
Sonora,Canada,45.066667,-61.916667,Very Small,North Atlantic Ocean,Excellent,0.0
Rostov-Na-Donu,Russia,47.166667,39.716667,Small,Sea of Azov; Black Sea; North Atlantic Ocean,Good,0.0
Quebec Harbour,Canada,47.7,-85.79999999999998,Very Small,Lake Superior; Great Lakes,Excellent,0.0
Vaudreuil,Canada,45.4,-74.033333,Very Small,Lake Ontario; Great Lakes,Excellent,0.0
Washington,United States,35.55,-77.04999999999998,Very Small,North Atlantic Ocean,Good,0.0
Ugashik,United States,57.533333,-157.416667,Very Small,Bristol Bay; Bering Sea; North Pacific Ocean,Fair,0.0
Shippegan,Canada,47.75,-64.7,Very Small,Gulf of Saint Lawrence; North Atlantic Ocean,Good,0.0
Yakutat,United States,59.55,-139.733333,Very Small,Gulf of Alaska; North Pacific Ocean,Good,0.0
St Catherine,Canada,43.183333,-79.283333,Very Small,Lake Ontario; Great Lakes,Good,0.0
Ulvik,Norway,68.560833333,16.233888889,Very Small,Norwegian Sea; North Atlantic Ocean,Fair,0.0
Sudak,Ukraine,44.85,34.983333,Very Small,Black Sea; North Atlantic Ocean,Fair,0.0
Port Lavaca,United States,28.616667,-96.616667,Very Small,Gulf of Mexico; North Atlantic Ocean,Good,0.0
Rorvik,Norway,64.864722222,11.251944444,Very Small,Norwegian Sea; North Atlantic Ocean,Good,0.0
Shoreham Harbour,United Kingdom,50.816667,-0.25,Very Small,English Channel; North Atlantic Ocean,Good,0.0
The Dalles,United States,45.6,-121.183333,Very Small,Alaska-Canada coastal waters; North Pacific Ocean,Excellent,0.0
Trenton,United States,42.133333,-83.166667,Very Small,Lake Erie; Great Lakes,Excellent,0.0
Parry Sound,Canada,45.333333,-80.033333,Small,Lake Huron; Great Lakes,Excellent,0.0
Rathmullan,Ireland,55.1,-7.533333,Very Small,North Atlantic Ocean,Excellent,0.0
Taganrog,Russia,47.2,38.95,Very Small,Sea of Azov; Black Sea; North Atlantic Ocean,Fair,0.0
Sandarne,Sweden,61.266667,17.183333,Small,Gulf of Bothnia; Baltic Sea; North Atlantic Ocean,Good,0.0
Stenungsund,Sweden,58.079722222,11.8,Very Small,Kattegat; North Atlantic Ocean,Fair,240.0
Rosyth,United Kingdom,56.016667,-3.433333,Small,North Sea; North Atlantic Ocean,Excellent,0.0
Stewart,Canada,55.933333,-130.0,Very Small,Alaska-Canada coastal waters; North Pacific Ocean,Poor,0.0
St Margarets Hope,United Kingdom,58.833333,-2.95,Very Small,North Sea; North Atlantic Ocean,Good,0.0
Seward,United States,60.1,-149.433333,Small,Gulf of Alaska; North Pacific Ocean,Poor,0.0
Port Dover,Canada,42.783333,-80.2,Very Small,Lake Erie; Great Lakes,Excellent,0.0
Washington Bay,United States,56.733333,-134.35,Very Small,Alaska-Canada coastal waters; North Pacific Ocean,Good,0.0
Raymond,United States,46.683333,-123.733333,Small,North Pacific Ocean,Excellent,0.0
Port Maitland,Canada,42.85,-79.58333299999998,Small,Lake Erie; Great Lakes,Excellent,0.0
Unalaska,United States,53.866667,-166.533333,Very Small,Bering Sea; North Pacific Ocean,Poor,0.0
Wismar,Germany,53.9,11.466667,Small,Baltic Sea; North Atlantic Ocean,Good,294.0
Sjovegan,Norway,68.873611111,17.828611111,Very Small,Norwegian Sea; North Atlantic Ocean,Poor,0.0
Trenton,Canada,44.1,-77.56666699999998,Small,Lake Ontario; Great Lakes,Excellent,0.0
Presque Isle,United States,46.566667,-87.38333299999998,Very Small,Lake Superior; Great Lakes,Fair,0.0
Plymouth,United States,41.95,-70.666667,Very Small,North Atlantic Ocean,Fair,0.0
Puerto Ordaz,Venezuela,8.35,-62.716667,Small,Caribbean Sea; North Atlantic Ocean,Fair,294.5
Thorold,Canada,43.083333,-79.716667,Small,Lake Ontario; Great Lakes,Good,0.0
Orstav,Norway,62.196111111,6.114444444,Small,Norwegian Sea; North Atlantic Ocean,Fair,0.0
Torquay Harbour,United Kingdom,50.466667,-3.533333,Very Small,English Channel; North Atlantic Ocean,Good,0.0
Picton,Canada,44.016667,-77.13333299999998,Very Small,Lake Ontario; Great Lakes,Excellent,0.0
Wrangell,United States,56.466667,-132.383333,Small,Alaska-Canada coastal waters; North Pacific Ocean,Good,0.0
Ystad,Sweden,55.418333333,13.818055556,Small,Baltic Sea; North Atlantic Ocean,Good,106.9
Skrova Havn,Norway,68.165833333,14.664166667,Very Small,Norwegian Sea; North Atlantic Ocean,Good,0.0
Papenburg,Germany,53.1,7.383333,Small,North Sea; North Atlantic Ocean,Good,0.0
Yevpatoriya,Ukraine,45.2,33.383333,Very Small,Black Sea; North Atlantic Ocean,Fair,0.0
Umea Hamn,Sweden,63.7,20.35,Small,Gulf of Bothnia; Baltic Sea; North Atlantic Ocean,Good,215.0
Puerto Montt,Chile,-41.483333,-72.966667,Small,South Pacific Ocean,Fair,0.0
Sevilla,Spain,37.366667,-6.0,Medium,North Atlantic Ocean,Good,0.0
Veitsiluoto,Finland,65.7,24.616667,Small,Gulf of Bothnia; Baltic Sea; North Atlantic Ocean,Good,0.0
Queenston,Canada,43.166667,-79.06666699999998,Very Small,Lake Erie; Great Lakes,Excellent,0.0
Rio Grande,Argentina,-53.783333,-67.683333,Very Small,South Atlantic Ocean,Good,0.0
Walpole Island,Canada,42.616667,-82.516667,Very Small,Lake Saint Clair; Great Lakes,Excellent,0.0
Waldport,United States,44.433333,-124.066667,Very Small,North Pacific Ocean,Good,0.0
Sandnessjoen,Norway,66.026388889,12.629444444,Very Small,Norwegian Sea; North Atlantic Ocean,Fair,0.0
Stephenville,Canada,48.533333,-58.533333,Very Small,Gulf of Saint Lawrence; North Atlantic Ocean,Fair,0.0
Winchester Bay,United States,43.683333,-124.183333,Very Small,North Pacific Ocean,Excellent,0.0
Vlaardingen,Netherlands,51.9,4.35,Very Small,North Sea; North Atlantic Ocean,Good,0.0
Wainwright,United States,70.65,-160.0,Very Small,Arctic Ocean,Poor,0.0
Raahe,Finland,64.683333,24.416667,Small,Gulf of Bothnia; Baltic Sea; North Atlantic Ocean,Good,200.0
Stora Jatterson,Sweden,57.1,16.566667,Very Small,Baltic Sea; North Atlantic Ocean,Fair,0.0
Prince Rupert,Canada,54.316667,-130.333333,Medium,Alaska-Canada coastal waters; North Pacific Ocean,Good,0.0
Schiedam,Netherlands,51.9,4.4,Very Small,North Sea; North Atlantic Ocean,Good,0.0
Summerside,Canada,46.4,-63.783333,Small,Gulf of Saint Lawrence; North Atlantic Ocean,Good,0.0
Stubbekobing,Denmark,54.883333,12.05,Small,Baltic Sea; North Atlantic Ocean,Good,0.0
Tonawanda,United States,43.033333,-78.88333299999998,Small,Lake Erie; Great Lakes,Excellent,0.0
Ordu,Turkey,41.0,37.883333,Very Small,Black Sea; North Atlantic Ocean,Poor,0.0
Shepard Point,United States,60.633333,-145.666667,Very Small,Gulf of Alaska; North Pacific Ocean,Good,0.0
Rimouski,Canada,48.45,-68.516667,Small,Gulf of Saint Lawrence; North Atlantic Ocean,Good,0.0
Peterhead,United Kingdom,57.5,-1.783333,Medium,North Sea; North Atlantic Ocean,Good,0.0
Trap Point,United States,57.0,-154.15,Very Small,North Pacific Ocean,Good,0.0
Pauillac,France,45.2,-0.75,Small,Bay of Biscay; North Atlantic Ocean,Excellent,0.0
Salsbruket,Norway,64.797777778,11.860277778,Small,Norwegian Sea; North Atlantic Ocean,Good,0.0
Rodby Havn,Denmark,54.65,11.35,Very Small,Baltic Sea; North Atlantic Ocean,Fair,0.0
Porto Alegre,Brazil,-30.033333,-51.233333,Medium,South Atlantic Ocean,Excellent,235.0
Plockton,United Kingdom,57.333333,-5.65,Very Small,North Atlantic Ocean,Fair,0.0
Windsor,Canada,42.316667,-83.033333,Medium,Lake Erie; Great Lakes,Excellent,0.0
Sinop,Turkey,42.05,35.166667,Very Small,Black Sea; North Atlantic Ocean,Good,0.0
Vaasa,Finland,63.1,21.583333,Medium,Gulf of Bothnia; Baltic Sea; North Atlantic Ocean,Good,200.0
Swinoujscie,Poland,53.916667,14.266667,Small,Baltic Sea; North Atlantic Ocean,Good,315.6
Thornbury,Canada,44.566667,-80.45,Very Small,Lake Huron; Great Lakes,Good,0.0
Sassnitz,Germany,54.516667,13.65,Very Small,Baltic Sea; North Atlantic Ocean,Good,229.0
Trondheim,Norway,63.448333333,10.401666667,Medium,Norwegian Sea; North Atlantic Ocean,Excellent,193.9
Torehamn,Sweden,65.9,22.65,Very Small,Gulf of Bothnia; Baltic Sea; North Atlantic Ocean,Good,0.0
Puerto Santa Cruz,Argentina,-50.016667,-68.516667,Very Small,South Atlantic Ocean,Good,0.0
Queen Charlotte,Canada,53.25,-132.083333,Very Small,Alaska-Canada coastal waters; North Pacific Ocean,Good,0.0
Storugns,Sweden,57.833333,18.8,Very Small,Baltic Sea; North Atlantic Ocean,Poor,160.0
Orth,Germany,54.45,11.05,Very Small,Baltic Sea; North Atlantic Ocean,Poor,0.0
Padloping Island,Canada,67.033333,-62.733333,Very Small,Baffin Bay; Arctic Ocean,Fair,0.0
Vestmannaeyjar,Iceland,63.433333,-20.283333,Small,North Atlantic Ocean,Excellent,160.0
Tilbury,United Kingdom,51.466667,0.333333,Small,North Sea; North Atlantic Ocean,Good,0.0
Port Obrien,United States,57.733333,-153.316667,Very Small,Gulf of Alaska; North Pacific Ocean,Good,0.0
Penetanguishene,Canada,44.766667,-79.933333,Very Small,Lake Huron; Great Lakes,Excellent,0.0
Winslow,United States,47.616667,-122.516667,Very Small,Alaska-Canada coastal waters; North Pacific Ocean,Excellent,0.0
Thamesport,United Kingdom,51.433333,0.7,Small,North Sea; North Atlantic Ocean,Good,0.0
Port San Juan,Canada,48.55,-124.433333,Very Small,Alaska-Canada coastal waters; North Pacific Ocean,Good,0.0
Port Wing,United States,46.783333,-91.383333,Very Small,Lake Superior; Great Lakes,Good,0.0
Sandhamn,Sweden,59.283333,18.916667,Very Small,Baltic Sea; North Atlantic Ocean,Good,0.0
Pelican,United States,57.966667,-136.233333,Very Small,Alaska-Canada coastal waters; North Pacific Ocean,Good,0.0
Sao Francisco,Brazil,-26.25,-48.633333,Small,South Atlantic Ocean,Poor,0.0
Sunndalsora,Norway,62.683333,8.55,Very Small,Norwegian Sea; North Atlantic Ocean,Good,200.0
Roche  Harbor,United States,48.616667,-123.166667,Very Small,Alaska-Canada coastal waters; North Pacific Ocean,Excellent,0.0
Sidney,Canada,48.65,-123.383333,Very Small,Alaska-Canada coastal waters; North Pacific Ocean,Fair,0.0
Westhaven Cove,United States,46.916667,-124.116667,Very Small,North Pacific Ocean,Excellent,0.0
Racine,United States,42.733333,-87.783333,Small,Lake Michigan; Great Lakes,Good,0.0
Svendborg,Denmark,55.066667,10.616667,Small,Baltic Sea; North Atlantic Ocean,Excellent,0.0
South Ness,United Kingdom,58.8,-3.2,Very Small,North Sea; North Atlantic Ocean,Fair,0.0
Yalta,Ukraine,44.483333,34.166667,Very Small,Black Sea; North Atlantic Ocean,Fair,0.0
Slagenstangen,Norway,59.327777778,10.519444444,Very Small,Skagerrak; North Atlantic Ocean,Fair,350.0
Stavanger,Norway,58.966667,5.75,Medium,North Sea; North Atlantic Ocean,Excellent,0.0
Washburn,United States,46.666667,-90.883333,Very Small,Lake Superior; Great Lakes,Fair,0.0
Sandnes,Norway,58.873333333,5.752777778,Very Small,North Sea; North Atlantic Ocean,Good,198.0
Port Cartier,Canada,50.033333,-66.783333,Very Small,Gulf of Saint Lawrence; North Atlantic Ocean,Poor,0.0
Oxelosund,Sweden,58.666667,17.116667,Small,Baltic Sea; North Atlantic Ocean,Good,265.0
Port Hawkesbury,Canada,45.616667,-61.366667,Very Small,North Atlantic Ocean,Good,0.0
Ullapool,United Kingdom,57.9,-5.15,Very Small,North Atlantic Ocean,Poor,0.0
Sandusky,United States,41.45,-82.716667,Small,Lake Erie; Great Lakes,Excellent,0.0
Scarborough,United Kingdom,54.283333,-0.4,Very Small,North Sea; North Atlantic Ocean,Good,0.0
Tarbert,United Kingdom,57.9,-6.816667,Very Small,North Atlantic Ocean,Fair,0.0
St George's,Canada,48.45,-58.45,Small,Gulf of Saint Lawrence; North Atlantic Ocean,Good,0.0
Portree Harbor,United Kingdom,57.416667,-6.2,Very Small,North Atlantic Ocean,Fair,0.0
Paysandu,Uruguay,-32.316667,-58.066667,Small,Rio de la Plata; South Atlantic Ocean,Good,0.0
Rogers City,United States,45.45,-83.81666699999998,Very Small,Lake Huron; Great Lakes,Poor,0.0
Port Whitby,Canada,43.85,-78.933333,Small,Lake Ontario; Great Lakes,Excellent,0.0
Silloth,United Kingdom,54.866667,-3.4,Small,Irish Sea; North Atlantic Ocean,Good,0.0
Risor,Norway,58.721944444,9.245277778,Very Small,Skagerrak; North Atlantic Ocean,Good,0.0
Sitka,United States,57.05,-135.333333,Small,Alaska-Canada coastal waters; North Pacific Ocean,Good,0.0
Tahsis,Canada,49.916667,-126.666667,Very Small,North Pacific Ocean,Excellent,213.0
Port Ellen,United Kingdom,55.633333,-6.2,Very Small,North Atlantic Ocean,Poor,0.0
Saint Peter Port,Guernsey,49.45,-2.533333,Small,English Channel; North Atlantic Ocean,Fair,0.0
Richmond,United States,37.533333,-77.416667,Very Small,North Atlantic Ocean,Excellent,0.0
Port Huron,United States,43.0,-82.433333,Very Small,Lake Saint Clair; Great Lakes,Excellent,0.0
Seattle,United States,47.6,-122.333333,Large,Alaska-Canada coastal waters; North Pacific Ocean,Excellent,0.0
Valentia,Ireland,51.933333,-10.3,Very Small,North Atlantic Ocean,Fair,0.0
Portland Harbour,United Kingdom,50.583333,-2.433333,Medium,English Channel; North Atlantic Ocean,Fair,0.0
Tawas City,United States,44.266667,-83.5,Very Small,Lake Huron; Great Lakes,Poor,0.0
Ust-Dunaisk,Ukraine,45.466667,29.7,Very Small,Black Sea; North Atlantic Ocean,Poor,0.0
Seldovia,United States,59.433333,-151.733333,Very Small,Cook Inlet; Gulf of Alaska; North Pacific Ocean,Excellent,0.0
Quincy,United States,42.25,-70.966667,Small,North Atlantic Ocean,Excellent,0.0
Sodertalje,Sweden,59.183333,17.65,Small,Baltic Sea; North Atlantic Ocean,Good,200.0
Tiffin,Canada,44.75,-79.84999999999998,Very Small,Lake Huron; Great Lakes,Excellent,0.0
Uusikaupunki,Finland,60.8,21.4,Small,Gulf of Bothnia; Baltic Sea; North Atlantic Ocean,Good,225.9
Solvesborg,Sweden,56.045555556,14.586388889,Small,Baltic Sea; North Atlantic Ocean,Excellent,0.0
Torshavn,Faroe Islands,62.0,-6.75,Very Small,Norwegian Sea; North Atlantic Ocean,Poor,0.0
Provincetown,United States,42.05,-70.183333,Very Small,North Atlantic Ocean,Excellent,0.0
Sandvik,Sweden,65.733333,23.766667,Very Small,Gulf of Bothnia; Baltic Sea; North Atlantic Ocean,Fair,0.0
Saugatuck,United States,42.666667,-86.2,Very Small,Lake Michigan; Great Lakes,Good,0.0
Vestmanna,Faroe Islands,62.15,-7.166667,Very Small,North Atlantic Ocean,Excellent,0.0
Ulvvik,Sweden,62.666667,17.866667,Very Small,Gulf of Bothnia; Baltic Sea; North Atlantic Ocean,Good,0.0
San Sebastian Bay,Argentina,-53.166667,-68.5,Small,South Atlantic Ocean,Fair,0.0
Yarimca,Turkey,40.8,29.7,Small,Sea of Marmara; Mediterranean Sea; North Atlantic Ocean,Fair,0.0
Scapa Bay,United Kingdom,58.95,-2.983333,Small,North Sea; North Atlantic Ocean,Good,0.0
Wisbech,United Kingdom,52.666667,0.15,Small,North Sea; North Atlantic Ocean,Good,0.0
Sandefjorden,Norway,59.100555556,10.233055556,Small,Skagerrak; North Atlantic Ocean,Good,0.0
Valloy,Norway,59.258055556,10.49,Very Small,Skagerrak; North Atlantic Ocean,Good,0.0
Palacios,United States,28.683333,-96.216667,Very Small,Gulf of Mexico; North Atlantic Ocean,Good,0.0
Two Harbors,United States,47.016667,-91.65,Small,Lake Superior; Great Lakes,Good,0.0
Willapa Harbor,United States,46.683333,-123.75,Very Small,North Pacific Ocean,Excellent,0.0
Ronneby,Sweden,56.172777778,15.301388889,Small,Baltic Sea; North Atlantic Ocean,Good,0.0
Vyborg,Russia,60.716667,28.75,Medium,Gulf of Finland; Baltic Sea; North Atlantic Ocean,Good,150.0
Orca,United States,60.583333,-145.716667,Very Small,Gulf of Alaska; North Pacific Ocean,Good,0.0
Seydhisfjordhur,Iceland,65.266667,-14.0,Small,Norwegian Sea; North Atlantic Ocean,Fair,0.0
Pictou,Canada,45.666667,-62.716667,Small,Gulf of Saint Lawrence; North Atlantic Ocean,Good,0.0
Port Clinton,United States,41.516667,-82.933333,Very Small,Lake Erie; Great Lakes,Excellent,0.0
Penzance,United Kingdom,50.116667,-5.533333,Small,English Channel; North Atlantic Ocean,Good,0.0
Rye Harbour,United Kingdom,50.933333,0.766667,Very Small,English Channel; North Atlantic Ocean,Fair,0.0
Stocka,Sweden,61.9,17.35,Very Small,Gulf of Bothnia; Baltic Sea; North Atlantic Ocean,Good,0.0
Skagen Havn,Denmark,57.716667,10.6,Small,Kattegat; North Atlantic Ocean,Good,400.0
Ornsay,United Kingdom,57.15,-5.8,Very Small,North Atlantic Ocean,Fair,0.0
Tenakee Springs,United States,57.783333,-135.2,Very Small,Alaska-Canada coastal waters; North Pacific Ocean,Fair,0.0
Tobermory,United Kingdom,56.616667,-6.066667,Very Small,North Atlantic Ocean,Good,0.0
Stokkmarknes,Norway,68.566667,14.916667,Very Small,Norwegian Sea; North Atlantic Ocean,Fair,0.0
Perth,United Kingdom,56.4,-3.45,Small,North Sea; North Atlantic Ocean,Excellent,0.0
Tahkoluoto,Finland,61.633333,21.4,Very Small,Gulf of Bothnia; Baltic Sea; North Atlantic Ocean,Poor,0.0
Port Orford,United States,42.733333,-124.5,Very Small,North Pacific Ocean,Fair,0.0
Tranoy,Norway,68.180833333,15.673611111,Very Small,Norwegian Sea; North Atlantic Ocean,Fair,0.0
Rockport,United States,42.666667,-70.616667,Very Small,North Atlantic Ocean,Good,0.0
Skaerbaek,Denmark,55.516667,9.616667,Very Small,Kattegat; North Atlantic Ocean,Fair,0.0
Stromness,United Kingdom,58.966667,-3.3,Very Small,North Atlantic Ocean,Good,0.0
Quartermaster Harbor,United States,47.383333,-122.466667,Very Small,Alaska-Canada coastal waters; North Pacific Ocean,Excellent,0.0
Westview,Canada,49.834166667,-124.531944444,Very Small,Alaska-Canada coastal waters; North Pacific Ocean,Fair,0.0
Village Cove,United States,57.133333,-170.266667,Very Small,Bering Sea; North Pacific Ocean,Poor,0.0
Vineyard Haven,United States,41.45,-70.6,Very Small,North Atlantic Ocean,Good,0.0
Sheboygan,United States,43.75,-87.7,Small,Lake Michigan; Great Lakes,Fair,0.0
St Andrews East,Canada,45.566667,-74.33333299999998,Very Small,Lake Ontario; Great Lakes,Excellent,0.0
Tacoma,United States,47.283333,-122.416667,Medium,Alaska-Canada coastal waters; North Pacific Ocean,Excellent,0.0
Troon,United Kingdom,55.55,-4.683333,Very Small,North Atlantic Ocean,Fair,0.0
Richardson,United States,48.45,-122.9,Very Small,Alaska-Canada coastal waters; North Pacific Ocean,Excellent,0.0
Soderhamn,Sweden,61.3,17.083333,Small,Gulf of Bothnia; Baltic Sea; North Atlantic Ocean,Excellent,0.0
Toronto,Canada,43.616667,-79.38333299999998,Medium,Lake Ontario; Great Lakes,Excellent,0.0
Tarbert,Ireland,52.583333,-9.366667,Very Small,North Atlantic Ocean,Good,0.0
Prosper,United States,43.15,-124.366667,Very Small,North Pacific Ocean,Excellent,0.0
Puerto Gallegos,Argentina,-51.616667,-68.966667,Very Small,South Atlantic Ocean,Good,0.0
Varberg,Sweden,57.108888889,12.2325,Medium,Kattegat; North Atlantic Ocean,Good,215.0
Police,Poland,53.566667,14.566667,Small,Baltic Sea; North Atlantic Ocean,Fair,200.0
Tvedestrand,Norway,58.611666667,8.9425,Small,Skagerrak; North Atlantic Ocean,Fair,16.7
Samsun,Turkey,41.3,36.35,Large,Black Sea; North Atlantic Ocean,Fair,0.0
Vermilion,United States,41.433333,-82.366667,Very Small,Lake Erie; Great Lakes,Excellent,0.0
Vaja,Sweden,62.983333,17.716667,Very Small,Gulf of Bothnia; Baltic Sea; North Atlantic Ocean,Good,0.0
Westport,United States,46.133333,-123.383333,Very Small,North Pacific Ocean,Excellent,0.0
Wolgast,Germany,54.05,13.783333,Very Small,Baltic Sea; North Atlantic Ocean,Good,0.0
Teignmouth Harbour,United Kingdom,50.55,-3.5,Very Small,English Channel; North Atlantic Ocean,Fair,0.0
Port Townsend,United States,48.116667,-122.75,Small,Alaska-Canada coastal waters; North Pacific Ocean,Good,0.0
Vlissingen,Netherlands,51.45,3.6,Medium,North Sea; North Atlantic Ocean,Good,0.0
Solomon,United States,64.55,-164.4,Very Small,Bering Sea; North Pacific Ocean,Poor,0.0
Ucluelet,Canada,48.95,-125.55,Very Small,North Pacific Ocean,Fair,0.0
Qasigiannguit-Christianshab,Greenland,68.816667,-51.183333,Very Small,Baffin Bay; Arctic Ocean,Good,0.0
Wick,United Kingdom,58.433333,-3.083333,Small,North Sea; North Atlantic Ocean,Fair,89.0
Warrenton,United States,46.166667,-123.916667,Very Small,North Pacific Ocean,Excellent,0.0
Padstow,United Kingdom,50.55,-4.933333,Very Small,Celtic Sea; North Atlantic Ocean,Excellent,0.0
Puerto Madryn,Argentina,-42.766667,-65.033333,Small,South Atlantic Ocean,Excellent,0.0
Vaksdal,Norway,60.478333333,5.732777778,Small,North Sea; North Atlantic Ocean,Good,0.0
Oscoda,United States,44.416667,-83.31666699999998,Very Small,Lake Huron; Great Lakes,Excellent,0.0
Varna,Bulgaria,43.183333,27.966667,Large,Black Sea; North Atlantic Ocean,Good,225.0
Oslo,Norway,59.898055556,10.745555556,Large,Skagerrak; North Atlantic Ocean,Good,360.0
Tvoroyri,Faroe Islands,61.55,-6.8,Very Small,North Atlantic Ocean,Fair,0.0
Thessalon,Canada,46.25,-83.56666699999998,Very Small,Lake Huron; Great Lakes,Fair,0.0
Puerto De Asuncion,Paraguay,-25.266667,-57.683333,Very Small,Rio de la Plata; South Atlantic Ocean,Excellent,0.0
Yuzhnyy,Ukraine,46.6,31.016667,Small,Black Sea; North Atlantic Ocean,Fair,0.0
Porsgrunn,Norway,59.147222222,9.653888889,Small,Skagerrak; North Atlantic Ocean,Excellent,0.0
Waterfall,United States,55.3,-133.233333,Very Small,Alaska-Canada coastal waters; North Pacific Ocean,Poor,0.0
Ronehamn,Sweden,57.116667,18.5,Small,Baltic Sea; North Atlantic Ocean,Fair,35.0
Temryuk,Russia,45.35,37.35,Very Small,Sea of Azov; Black Sea; North Atlantic Ocean,Fair,0.0
Port Coquitlam,Canada,49.233333333,-122.766666667,Very Small,Alaska-Canada coastal waters; North Pacific Ocean,Good,0.0
Tolkkinen,Finland,60.033333,25.583333,Very Small,Gulf of Finland; Baltic Sea; North Atlantic Ocean,Fair,0.0
Whitstable,United Kingdom,51.366667,1.033333,Small,North Sea; North Atlantic Ocean,Fair,0.0
St John,Canada,45.266667,-66.05,Medium,Bay of Fundy; North Atlantic Ocean,Excellent,345.0
Thisted,Denmark,56.95,8.7,Very Small,Kattegat; North Atlantic Ocean,Fair,0.0
Waukegan,United States,42.366667,-87.81666699999998,Small,Lake Michigan; Great Lakes,Fair,0.0
Tuapse,Russia,44.1,39.066667,Small,Black Sea; North Atlantic Ocean,Good,0.0
Terneuzen,Netherlands,51.35,3.816667,Medium,North Sea; North Atlantic Ocean,Good,0.0
Sauda,Norway,59.636944444,6.341111111,Very Small,North Sea; North Atlantic Ocean,Good,200.0
Ornes,Norway,66.864722222,13.706944444,Very Small,Norwegian Sea; North Atlantic Ocean,Fair,0.0
Whitby,United Kingdom,54.483333,-0.616667,Small,North Sea; North Atlantic Ocean,Good,0.0
Saginaw,United States,43.433333,-83.933333,Small,Lake Huron; Great Lakes,Excellent,0.0
St Joseph,United States,42.116667,-86.483333,Small,Lake Michigan; Great Lakes,Fair,0.0
Port Oktyabrsk,Ukraine,46.833333,31.933333,Very Small,Black Sea; North Atlantic Ocean,Fair,0.0
Sanak,United States,54.483333,-162.816667,Very Small,North Pacific Ocean,Fair,0.0
Studstrup,Denmark,56.25,10.35,Medium,Kattegat; North Atlantic Ocean,Good,245.0
Saint-Valery-Sur-Somme,France,50.183333,1.616667,Very Small,English Channel; North Atlantic Ocean,Excellent,0.0
Silverdale,United States,47.65,-122.7,Very Small,Alaska-Canada coastal waters; North Pacific Ocean,Excellent,0.0
Rockland,Canada,45.55,-75.29999999999998,Very Small,Lake Ontario; Great Lakes,Excellent,0.0
Platinum,United States,59.016667,-161.833333,Very Small,Bering Sea; North Pacific Ocean,Fair,0.0
St. Mary's (Scilly Isl.),United Kingdom,49.916667,-6.316667,Small,Celtic Sea; North Atlantic Ocean,Good,0.0
Wyman,United States,44.516667,-67.866667,Very Small,North Atlantic Ocean,Good,0.0
Uyak,United States,57.633333,-154.0,Very Small,Gulf of Alaska; North Pacific Ocean,Fair,0.0
Tongue Point,United States,46.2,-123.75,Very Small,North Pacific Ocean,Excellent,0.0
Port Graham,United States,59.35,-151.816667,Very Small,Cook Inlet; Gulf of Alaska; North Pacific Ocean,Good,0.0
Talvik,Norway,70.033333333,22.95,Very Small,Norwegian Sea; North Atlantic Ocean,Good,0.0
Pierowall,United Kingdom,59.317777778,-2.988611111,Small,North Atlantic Ocean,Good,0.0
Pond Inlet,Canada,72.75,-76.75,Medium,Northwest Passages; Arctic Ocean,Poor,250.0
Sakskobing,Denmark,54.8,11.633333,Small,Baltic Sea; North Atlantic Ocean,Excellent,0.0
Stusvik,Norway,58.004444444,7.034166667,Very Small,North Sea; North Atlantic Ocean,Fair,0.0
Svolvaer,Norway,68.233333,14.583333,Small,Norwegian Sea; North Atlantic Ocean,Good,158.0
Steamboat Bay,United States,55.533333,-133.633333,Very Small,Alaska-Canada coastal waters; North Pacific Ocean,Good,0.0
Windsor,Canada,45.0,-64.15,Very Small,Bay of Fundy; North Atlantic Ocean,Excellent,0.0
South Bend,United States,46.666667,-123.783333,Small,North Pacific Ocean,Excellent,0.0
St. Michael,United States,63.483333,-162.033333,Very Small,Bering Sea; North Pacific Ocean,Poor,0.0
Sulina,Romania,45.166667,29.666667,Very Small,Black Sea; North Atlantic Ocean,Good,0.0
Puerto Castro,Chile,-42.483333,-73.766667,Very Small,South Pacific Ocean,Excellent,0.0
Point Edward,Canada,43.0,-82.416667,Small,Lake Huron; Great Lakes,Excellent,0.0
Sault Ste Marie,United States,46.5,-84.34999999999998,Small,Lake Superior; Great Lakes,Excellent,0.0
Trois Rivieres,Canada,46.35,-72.54999999999998,Medium,Gulf of Saint Lawrence; North Atlantic Ocean,Good,0.0
Puerto Sauce,Uruguay,-34.433333,-57.45,Very Small,Rio de la Plata; South Atlantic Ocean,Fair,0.0
Visby,Sweden,57.633333,18.283333,Small,Baltic Sea; North Atlantic Ocean,Good,340.0
San Juan Cannery,United States,60.05,-148.066667,Very Small,Gulf of Alaska; North Pacific Ocean,Good,0.0
Szczecin,Poland,53.416667,14.55,Medium,Baltic Sea; North Atlantic Ocean,Good,215.0
Stralsund,Germany,54.316667,13.1,Very Small,Baltic Sea; North Atlantic Ocean,Excellent,119.3
Vila Do Conde,Brazil,-1.55,-48.75,Very Small,South Atlantic Ocean,Fair,0.0
Vordingborg,Denmark,55.0,11.9,Very Small,Baltic Sea; North Atlantic Ocean,Fair,0.0
Skudeneshavn,Norway,59.143333333,5.258333333,Very Small,North Sea; North Atlantic Ocean,Good,0.0
Par,United Kingdom,50.35,-4.7,Very Small,English Channel; North Atlantic Ocean,Good,0.0
Seaham,United Kingdom,54.833333,-1.316667,Small,North Sea; North Atlantic Ocean,Good,0.0
Woods Hole,United States,41.516667,-70.666667,Very Small,North Atlantic Ocean,Good,0.0
Qutdleq,Greenland,61.516667,-42.216667,Very Small,North Atlantic Ocean,Good,0.0
Womens Bay,United States,57.716667,-152.516667,Very Small,Gulf of Alaska; North Pacific Ocean,Good,0.0
Southwest Pass,United States,28.45,-90.7,Small,Gulf of Mexico; North Atlantic Ocean,,0.0
Rostock,Germany,54.1,12.133333,Large,Baltic Sea; North Atlantic Ocean,Good,330.0
Port Vita,United States,58.066667,-153.066667,Very Small,Gulf of Alaska; North Pacific Ocean,Good,0.0
Sonderborg,Denmark,54.916667,9.783333,Small,Baltic Sea; North Atlantic Ocean,Good,0.0
Port Gamble,United States,47.85,-122.583333,Very Small,Alaska-Canada coastal waters; North Pacific Ocean,Excellent,0.0
Weymouth Harbour,United Kingdom,50.616667,-2.45,Small,English Channel; North Atlantic Ocean,Good,0.0
Pargas,Finland,60.283333,22.066667,Very Small,Baltic Sea; North Atlantic Ocean,Good,0.0
Sept Iles,Canada,50.2,-66.383333,Medium,Gulf of Saint Lawrence; North Atlantic Ocean,Good,0.0
Westport,Ireland,53.8,-9.533333,Very Small,North Atlantic Ocean,Fair,0.0
Sullom Voe,United Kingdom,60.466667,-1.3,Small,North Atlantic Ocean,Good,365.0
Ottawa,Canada,45.433333,-75.7,Small,Lake Ontario; Great Lakes,Excellent,0.0
Skaelskor,Denmark,55.25,11.3,Very Small,Baltic Sea; North Atlantic Ocean,Excellent,60.0
Port Elgin,Canada,44.433333,-81.4,Very Small,Lake Huron; Great Lakes,Good,0.0
Port Moody,Canada,49.283333,-122.883333,Very Small,Alaska-Canada coastal waters; North Pacific Ocean,Excellent,0.0
Zaandam,Netherlands,52.433333,4.833333,Small,North Sea; North Atlantic Ocean,Excellent,0.0
Sheerness,United Kingdom,51.45,0.75,Very Small,North Sea; North Atlantic Ocean,Fair,0.0
Yarmouth Harbour,United Kingdom,50.7,-1.5,Small,English Channel; North Atlantic Ocean,Good,0.0
Oskarshamn,Sweden,57.266667,16.45,Small,Baltic Sea; North Atlantic Ocean,Good,220.0
Supsa Marine Terminal,Georgia,42.1,41.716667,Very Small,Black Sea; North Atlantic Ocean,Poor,0.0
Sundsvall,Sweden,62.383333,17.35,Medium,Gulf of Bothnia; Baltic Sea; North Atlantic Ocean,Excellent,250.0
Sekiu,United States,48.266667,-124.3,Very Small,Alaska-Canada coastal waters; North Pacific Ocean,Fair,0.0
Skadovs'k,Ukraine,46.1,32.916667,Very Small,Black Sea; North Atlantic Ocean,Fair,0.0
St John's,Canada,47.566667,-52.7,Small,North Atlantic Ocean,Excellent,213.0
Puerto Deseado,Argentina,-47.75,-65.9,Very Small,South Atlantic Ocean,Good,0.0
Vivstavarv,Sweden,62.483333,17.35,Very Small,Gulf of Bothnia; Baltic Sea; North Atlantic Ocean,Good,0.0
Poole Harbour,United Kingdom,50.683333,-1.95,Small,English Channel; North Atlantic Ocean,,0.0
Slite,Sweden,57.7,18.816667,Small,Baltic Sea; North Atlantic Ocean,Good,0.0
Vagur,Faroe Islands,61.483333,-6.8,Very Small,North Atlantic Ocean,Fair,0.0
St Clair,United States,42.816667,-82.483333,Very Small,Lake Saint Clair; Great Lakes,Excellent,0.0
Taltal,Chile,-25.4,-70.483333,Very Small,South Pacific Ocean,Fair,0.0
Prudhoe Bay,United States,70.333333,-148.416667,Very Small,Beaufort Sea; Arctic Ocean,Poor,0.0
Reedsport,United States,43.7,-124.1,Very Small,North Pacific Ocean,Excellent,0.0
St Placide,Canada,45.533333,-74.2,Very Small,Lake Ontario; Great Lakes,Excellent,0.0
Rainier,United States,46.083333,-122.933333,Very Small,North Pacific Ocean,Excellent,0.0
Villa Constitucion,Argentina,-33.3,-60.333333,Very Small,Rio de la Plata; South Atlantic Ocean,Fair,0.0
Palisades Point,United States,52.233333,-174.166667,Very Small,Bering Sea; North Pacific Ocean,Fair,0.0
Renfrew,United Kingdom,55.883333,-4.383333,Very Small,North Atlantic Ocean,Good,0.0
Portland,United States,45.516667,-122.666667,Large,North Pacific Ocean,Excellent,0.0
Pituffik (Thule Air Base),Greenland,76.533333,-68.866667,Very Small,Baffin Bay; Arctic Ocean,Good,130.0
Sombra,Canada,42.716667,-82.483333,Very Small,Lake Saint Clair; Great Lakes,Excellent,0.0
Wyandotte,United States,42.2,-83.15,Small,Lake Erie; Great Lakes,Excellent,0.0
Port Credit,Canada,43.55,-79.58333299999998,Very Small,Lake Ontario; Great Lakes,Excellent,0.0
Runavik,Faroe Islands,62.116667,-6.716667,Very Small,Norwegian Sea; North Atlantic Ocean,Fair,0.0
Rendsburg,Germany,54.3,9.683333,Small,Baltic Sea; North Atlantic Ocean,Excellent,0.0
Tjotta,Norway,65.821111111,12.433333333,Very Small,Norwegian Sea; North Atlantic Ocean,Fair,0.0
South Haven,United States,42.4,-86.283333,Very Small,Lake Michigan; Great Lakes,Fair,0.0
Port Washington,United States,43.383333,-87.866667,Small,Lake Michigan; Great Lakes,Fair,0.0
Rade De Cherbourg,France,49.65,-1.633333,Large,English Channel; North Atlantic Ocean,Good,0.0
Ustka,Poland,54.583333,16.85,Small,Baltic Sea; North Atlantic Ocean,Fair,80.0
Yes Bay,United States,55.916667,-131.8,Very Small,Alaska-Canada coastal waters; North Pacific Ocean,Good,0.0
Rudkobing,Denmark,54.95,10.716667,Small,Baltic Sea; North Atlantic Ocean,Good,0.0
Sortland,Norway,68.696944444,15.421944444,Very Small,Norwegian Sea; North Atlantic Ocean,Good,0.0
Rochefort,France,45.933333,-0.95,Medium,Bay of Biscay; North Atlantic Ocean,Excellent,0.0
Richards Landing,Canada,46.3,-84.033333,Very Small,Lake Huron; Great Lakes,Excellent,0.0
Skagway,United States,59.45,-135.333333,Very Small,Alaska-Canada coastal waters; North Pacific Ocean,Fair,0.0
Tofte,Norway,59.544166667,10.570555556,Very Small,Skagerrak; North Atlantic Ocean,Fair,200.0
Whycocomagh,Canada,45.966667,-61.133333,Very Small,North Atlantic Ocean,Excellent,0.0
Puerto San Julian,Argentina,-49.316667,-67.7,Very Small,South Atlantic Ocean,Good,0.0
Sokhumi,Georgia,42.983333,40.983333,Very Small,Black Sea; North Atlantic Ocean,Fair,190.0
Palua,Venezuela,8.366667,-62.683333,Very Small,Caribbean Sea; North Atlantic Ocean,Poor,0.0
Skien,Norway,59.199722222,9.603611111,Small,Skagerrak; North Atlantic Ocean,Excellent,0.0
Zeebrugge,Belgium,51.333333,3.2,Medium,North Sea; North Atlantic Ocean,Good,0.0
Scrabster Harbor,United Kingdom,58.616667,-3.55,Small,North Atlantic Ocean,Fair,0.0
Superior,United States,46.733333,-92.066667,Medium,Lake Superior; Great Lakes,Excellent,0.0
Port De St Pierre,Saint Pierre and Miquelon,46.783333,-56.166667,Small,North Atlantic Ocean,Good,149.9
Reni,Ukraine,45.433333,28.3,Very Small,Black Sea; North Atlantic Ocean,Fair,0.0
Tonnay Charente,France,45.933333,-0.9,Small,Bay of Biscay; North Atlantic Ocean,Excellent,0.0
Teesport,United Kingdom,54.65,-1.133333,Large,North Sea; North Atlantic Ocean,Good,0.0
Ramsey,Isle of Man,54.316667,-4.366667,Small,Irish Sea; North Atlantic Ocean,Fair,0.0
Siglufjorhurd,Iceland,66.15,-18.916667,Very Small,Greenland Sea; Arctic Ocean,Excellent,200.0
Southampton,Canada,44.5,-81.38333299999998,Very Small,Lake Huron; Great Lakes,Poor,0.0
Petersburg,United States,56.816667,-132.95,Small,Alaska-Canada coastal waters; North Pacific Ocean,Good,0.0
Sarpsborg,Norway,59.266667,11.1,Very Small,Skagerrak; North Atlantic Ocean,Good,0.0
Sochi,Russia,43.583333,39.733333,Very Small,Black Sea; North Atlantic Ocean,Fair,0.0
Sackets Harbor,United States,43.95,-76.116667,Very Small,Lake Ontario; Great Lakes,Excellent,0.0
Tynemouth,United Kingdom,55.0,-1.4,Medium,North Sea; North Atlantic Ocean,Excellent,0.0
Port Union,Canada,48.5,-53.083333,Very Small,North Atlantic Ocean,Good,0.0
Tobermory,Canada,45.266667,-81.666667,Very Small,Lake Huron; Great Lakes,Excellent,0.0
Southampton,United Kingdom,50.9,-1.4,Large,English Channel; North Atlantic Ocean,Excellent,0.0
Scheveningen,Netherlands,52.1,4.266667,Very Small,North Sea; North Atlantic Ocean,Fair,0.0
Rochester,United States,43.266667,-77.59999999999998,Small,Lake Ontario; Great Lakes,Excellent,0.0
Sorvaer,Norway,70.627222222,21.964722222,Very Small,Norwegian Sea; North Atlantic Ocean,Poor,0.0
Quebec,Canada,46.816667,-71.216667,Medium,Gulf of Saint Lawrence; North Atlantic Ocean,Good,0.0
Paranagua,Brazil,-25.5,-48.516667,Small,South Atlantic Ocean,Good,0.0
Port Mcnicoll,Canada,44.75,-79.79999999999998,Very Small,Lake Huron; Great Lakes,Excellent,0.0
Stranraer,United Kingdom,54.9,-5.033333,Very Small,North Atlantic Ocean,Good,0.0
Stormont,Canada,45.216667,-61.716667,Very Small,North Atlantic Ocean,Good,0.0
Port Hope,United States,43.95,-82.7,Very Small,Lake Huron; Great Lakes,Poor,0.0
Sand Point,United States,55.333333,-160.533333,Very Small,North Pacific Ocean,Fair,91.4
Stamsund,Norway,68.121111111,13.848888889,Very Small,Norwegian Sea; North Atlantic Ocean,Fair,0.0
White Lake,United States,43.383333,-86.34999999999998,Small,Lake Michigan; Great Lakes,Excellent,0.0
Vastervik,Sweden,57.766667,16.65,Small,Baltic Sea; North Atlantic Ocean,Excellent,0.0
Point Wells,United States,47.783333,-122.4,Very Small,Alaska-Canada coastal waters; North Pacific Ocean,Good,0.0
Rognan,Norway,67.108611111,15.397777778,Very Small,Norwegian Sea; North Atlantic Ocean,Excellent,0.0
Plymouth,United States,35.866667,-76.75,Very Small,North Atlantic Ocean,Good,0.0
Rekefjord,Norway,58.325833333,6.258333333,Very Small,North Sea; North Atlantic Ocean,Good,0.0
Thyboron,Denmark,56.7,8.216667,Very Small,North Sea; North Atlantic Ocean,Good,0.0
Port Alice,Canada,50.383333,-127.45,Small,North Pacific Ocean,Good,176.8
Warkworth Harbour,United Kingdom,55.333333,-1.583333,Very Small,North Sea; North Atlantic Ocean,Fair,0.0
Storsteilene,Norway,59.816666667,10.6075,Very Small,Skagerrak; North Atlantic Ocean,Good,0.0
Port Of Memphis,United States,35.066667,-90.166667,Small,Gulf of Mexico; North Atlantic Ocean,Excellent,0.0
Watchet Harbor,United Kingdom,51.183333,-3.333333,Very Small,Bristol Channel; North Atlantic Ocean,Fair,0.0
Valdez,United States,61.116667,-146.25,Very Small,Gulf of Alaska; North Pacific Ocean,Good,0.0
Stockvik,Sweden,62.333333,17.383333,Very Small,Gulf of Bothnia; Baltic Sea; North Atlantic Ocean,Good,0.0
Port William,United States,58.483333,-152.583333,Very Small,Gulf of Alaska; North Pacific Ocean,Good,0.0
Thurso,Canada,45.6,-75.233333,Very Small,Lake Ontario; Great Lakes,Excellent,0.0
Port Polnochny,Poland,54.4,18.716667,Medium,Baltic Sea; North Atlantic Ocean,Fair,0.0
Poulsbo,United States,47.733333,-122.65,Very Small,Alaska-Canada coastal waters; North Pacific Ocean,Excellent,0.0
Vejle,Denmark,55.716667,9.55,Small,Kattegat; North Atlantic Ocean,Good,165.0
Stege,Denmark,54.983333,12.283333,Very Small,Baltic Sea; North Atlantic Ocean,Good,0.0
Tananger,Norway,58.93,5.570833333,Very Small,North Sea; North Atlantic Ocean,Good,0.0
Put In Bay,United States,41.65,-82.81666699999998,Very Small,Lake Erie; Great Lakes,Good,0.0
Yandina,Solomon Islands,-9.083333,159.216667,Very Small,Solomon Sea; South Pacific Ocean,Good,0.0
Pitea,Sweden,65.316667,21.483333,Small,Gulf of Bothnia; Baltic Sea; North Atlantic Ocean,Good,250.0
Trabzon,Turkey,41.016667,39.766667,Very Small,Black Sea; North Atlantic Ocean,Fair,0.0
Rothesay Harbor,United Kingdom,55.833333,-5.05,Very Small,North Atlantic Ocean,Good,0.0
Port Moller,United States,55.983333,-160.566667,Very Small,Bering Sea; North Pacific Ocean,Fair,0.0
St Helens,United States,45.866667,-122.8,Very Small,North Pacific Ocean,Excellent,0.0
Snug Harbor,United States,60.1,-152.583333,Very Small,Cook Inlet; Gulf of Alaska; North Pacific Ocean,Good,0.0
Tromso,Norway,69.65,18.966667,Medium,Norwegian Sea; North Atlantic Ocean,Good,0.0
Sharpness,United Kingdom,51.716667,-2.483333,Small,Bristol Channel; North Atlantic Ocean,Good,0.0
Osmussaar,Estonia,59.3,23.366667,Very Small,Gulf of Finland; Baltic Sea; North Atlantic Ocean,Good,0.0
Two Rivers,United States,44.15,-87.56666699999998,Very Small,Lake Michigan; Great Lakes,Fair,0.0
San Blas,Argentina,-40.566667,-62.233333,Very Small,South Atlantic Ocean,Fair,0.0
Sheguiandah,Canada,45.9,-81.916667,Very Small,Lake Huron; Great Lakes,Excellent,0.0
Ouzinkie,United States,57.916667,-152.5,Very Small,Gulf of Alaska; North Pacific Ocean,Fair,0.0
Sevastopol,Ukraine,44.616667,33.533333,Large,Black Sea; North Atlantic Ocean,Good,0.0
Youngstown,United States,43.25,-79.04999999999998,Very Small,Lake Erie; Great Lakes,Excellent,0.0
Port De Roscoff-Bloscon,France,48.733333,-3.983333,Very Small,English Channel; North Atlantic Ocean,Poor,0.0
Sligo,Ireland,54.266667,-8.466667,Very Small,North Atlantic Ocean,Excellent,0.0
Port Hastings,Canada,45.65,-61.4,Very Small,North Atlantic Ocean,Excellent,0.0
Sagvag,Norway,59.771666667,5.378888889,Very Small,North Sea; North Atlantic Ocean,Good,0.0
Rothesay Dock,United Kingdom,55.9,-4.4,Very Small,North Atlantic Ocean,Fair,0.0
Port Of Rouen,France,49.45,1.066667,Large,English Channel; North Atlantic Ocean,Excellent,0.0
Sodus Bay,United States,43.266667,-76.983333,Very Small,Lake Ontario; Great Lakes,Excellent,0.0
Simrishamn,Sweden,55.558333333,14.358055556,Small,Baltic Sea; North Atlantic Ocean,Fair,0.0
Tanani Point,United States,59.283333,-135.45,Very Small,Alaska-Canada coastal waters; North Pacific Ocean,Fair,0.0
Verkeback,Sweden,57.733333,16.533333,Very Small,Baltic Sea; North Atlantic Ocean,Good,0.0
Port Simpson,Canada,54.566667,-130.433333,Very Small,Alaska-Canada coastal waters; North Pacific Ocean,Excellent,0.0
Wiarton,Canada,44.75,-81.13333299999998,Very Small,Lake Huron; Great Lakes,Excellent,0.0
Port Mcneill,Canada,50.583333,-127.083333,Very Small,Alaska-Canada coastal waters; North Pacific Ocean,Fair,244.0
Washington Harbor,United States,47.916667,-89.15,Very Small,Lake Superior; Great Lakes,Excellent,0.0
Reykjavik,Iceland,64.15,-21.933333,Medium,North Atlantic Ocean,Good,200.0
Valdez Marine Terminal,United States,61.083333,-146.4,Very Small,Gulf of Alaska; North Pacific Ocean,Fair,0.0
Pekalongan,Indonesia,-6.85,109.7,Very Small,Java Sea; South Pacific Ocean,Fair,0.0
Pohnpei Harbor,Federated States of Micronesia,6.983333,158.2,Small,North Pacific Ocean,Fair,0.0
Yangzhou,China,32.266667,119.433333,Small,East China Sea; North Pacific Ocean,Fair,0.0
Sailolof,Indonesia,-1.25,130.75,Very Small,Halmahera Sea; South Pacific Ocean,Fair,0.0
San Carlos,Philippines,10.483333,123.416667,Very Small,Philippine inland seas; North Pacific Ocean,Good,0.0
Sisimiut,Greenland,66.916667,-53.7,Small,Davis Strait; North Atlantic Ocean,Fair,0.0
Palembang,Indonesia,-2.983333,104.766667,Medium,Natuna Sea; South China Sea; South Pacific Ocean,Excellent,0.0
Tegal,Indonesia,-6.85,109.133333,Very Small,Java Sea; South Pacific Ocean,Fair,0.0
Semarang,Indonesia,-6.95,110.416667,Small,Java Sea; South Pacific Ocean,Good,0.0
Rondeau,Canada,42.266667,-81.9,Small,Lake Erie; Great Lakes,Fair,0.0
Stonington,United States,41.333333,-71.9,Very Small,North Atlantic Ocean,Good,0.0
Washougal,United States,45.583333,-122.35,Very Small,North Pacific Ocean,Excellent,0.0
Saudarkrokur,Iceland,65.75,-19.666667,Very Small,Greenland Sea; Arctic Ocean,Poor,0.0
Tri-City Port,United States,38.716667,-90.2,Large,Lake Michigan; Great Lakes,Excellent,0.0
Thursday Island,Australia,-10.583333,142.216667,Small,Torres Strait; South Pacific Ocean,Good,113.0
Port Dalrymple,Australia,-41.133333,146.833333,Medium,Bass Strait; South Pacific Ocean,Good,0.0
Pevek,Russia,69.716667,170.3,Very Small,East Siberian Sea; Arctic Ocean,Good,0.0
Whangaroa,New Zealand,-35.05,173.766667,Very Small,South Pacific Ocean,Excellent,0.0
Straumsvik,Iceland,64.05,-22.05,Very Small,North Atlantic Ocean,Fair,0.0
Tinian,Northern Mariana Islands,14.966667,145.616667,Very Small,North Pacific Ocean,Good,0.0
Shakotan,Russia,43.866667,146.833333,Very Small,North Pacific Ocean,Good,0.0
Taicang,China,31.65,121.2,Very Small,East China Sea; North Pacific Ocean,Fair,0.0
Tulaghi,Solomon Islands,-9.1,160.15,Very Small,Solomon Sea; South Pacific Ocean,Good,0.0
Soma,Japan,37.833333,140.95,Very Small,North Pacific Ocean,Poor,0.0
Tarawa Atoll,Kiribati,1.333333,172.933333,Very Small,North Pacific Ocean,Fair,0.0
Orcas,United States,48.6,-122.933333,Very Small,Alaska-Canada coastal waters; North Pacific Ocean,Excellent,0.0
Port Allen,United States,21.9,-159.583333,Small,North Pacific Ocean,Good,0.0
Wilmette,United States,42.083333,-87.683333,Very Small,Lake Michigan; Great Lakes,Fair,0.0
Ramba,Indonesia,-2.616667,104.133333,Very Small,Natuna Sea; South China Sea; South Pacific Ocean,Poor,0.0
Teluk Beo,Indonesia,4.233333,126.783333,Very Small,Molucca Sea; North Pacific Ocean,Poor,0.0
Papeete,French Polynesia,-17.533333,-149.583333,Small,South Pacific Ocean,Excellent,348.0
Vene-Balti,Estonia,59.45696,24.65636,Small,Gulf of Finland; Baltic Sea; North Atlantic Ocean,Fair,200.0
Virtsu,Estonia,58.575016,23.510001,Very Small,Gulf of Riga; Baltic Sea; North Atlantic Ocean,Good,130.0
Vanasadam - Port of Tallinn,Estonia,59.450128,24.766676,Large,Gulf of Finland; Baltic Sea; North Atlantic Ocean,Fair,340.0
Rabocheostrovsk,Russia,64.991666667,34.795277778,Small,White Sea; Barents Sea; Arctic Ocean,Fair,0.0
Tacloban,Philippines,11.25,125.0,Small,Philippine inland seas; North Pacific Ocean,Good,0.0
Samoa,United States,40.816667,-124.183333,Very Small,North Pacific Ocean,Good,0.0
Saipan,Northern Mariana Islands,15.2,145.683333,Small,North Pacific Ocean,Poor,0.0
Tomakomai Ko,Japan,42.633333,141.633333,Small,North Pacific Ocean,Excellent,0.0
Siasi,Philippines,5.55,120.816667,Very Small,Celebes Sea; North Pacific Ocean,Poor,0.0
Severodvinsk,Russia,64.577222222,39.773055556,Small,White Sea; Barents Sea; Arctic Ocean,Fair,0.0
Port Noro,Solomon Islands,-8.216667,157.183333,Small,Solomon Sea; South Pacific Ocean,Fair,0.0
Trenton,United States,40.2,-74.766667,Very Small,North Atlantic Ocean,Excellent,0.0
Wahai,Indonesia,-2.783333,129.5,Very Small,Ceram Sea; Banda Sea; South Pacific Ocean,Fair,0.0
Sibolga,Indonesia,1.733333,98.766667,Very Small,Indian Ocean,Fair,0.0
Rembang,Indonesia,-6.7,111.35,Very Small,Java Sea; South Pacific Ocean,Fair,0.0
Tanjung Benete,Indonesia,-8.9,116.75,Very Small,Indian Ocean,Poor,0.0
Tantawan Marine Terminal,Thailand,10.083333,101.416667,Very Small,Gulf of Thailand; South China Sea; North Pacific Ocean,Poor,0.0
Tuban,Indonesia,-6.733333,112.15,Very Small,Java Sea; South Pacific Ocean,Poor,0.0
Vitino,Russia,67.083333,32.316667,Very Small,White Sea; Barents Sea; Arctic Ocean,Poor,0.0
Tanauan,Philippines,11.1,125.016667,Very Small,Philippine inland seas; North Pacific Ocean,Fair,0.0
Whittier,United States,60.778333333,-148.694444444,Very Small,Gulf of Alaska; North Pacific Ocean,Good,0.0
Tagbilaran,Philippines,9.65,123.85,Small,Philippine inland seas; North Pacific Ocean,Good,0.0
Ostrovnoy Gremikha,Russia,68.058333333,39.525555556,Small,Barents Sea; Arctic Ocean,Good,0.0
Parnu,Estonia,58.383351,24.480001,Small,Gulf of Riga; Baltic Sea; North Atlantic Ocean,Good,142.6
Uturoa,French Polynesia,-16.733333,-151.45,Very Small,South Pacific Ocean,Fair,0.0
Wonsan,North Korea,39.166667,127.45,Small,Sea of Japan; North Pacific Ocean,Good,0.0
Tubigan,Philippines,9.95,123.966667,Very Small,Philippine inland seas; North Pacific Ocean,Fair,0.0
Sirus Oil Terminal,Iran,29.016667,49.483333,Small,Persian Gulf; Indian Ocean,Fair,0.0
Suloga Harbor,Papua New Guinea,-9.216667,152.766667,Very Small,Solomon Sea; South Pacific Ocean,Fair,0.0
Rohukula,Estonia,58.90606,23.423923,Very Small,Gulf of Riga; Baltic Sea; North Atlantic Ocean,Good,0.0
Ringgi Cove,Solomon Islands,-8.116667,157.1,Small,Solomon Sea; South Pacific Ocean,Fair,0.0
Queen Carola Harbor,Papua New Guinea,-5.166667,154.55,Very Small,Solomon Sea; South Pacific Ocean,Good,0.0
Senbong,North Korea,42.333333,130.4,Small,Sea of Japan; North Pacific Ocean,Fair,0.0
Probolinggo,Indonesia,-7.716667,113.216667,Very Small,Bali Sea; Java Sea; South Pacific Ocean,Good,0.0
Samarai,Papua New Guinea,-10.616667,150.666667,Very Small,Coral Sea; South Pacific Ocean,Fair,0.0
Ryotu Ko,Japan,38.083333,138.566667,Very Small,Sea of Japan; North Pacific Ocean,Fair,0.0
Pangkalansusu,Indonesia,4.116667,98.216667,Very Small,Strait of Malacca; Indian Ocean,Fair,0.0
Tiksi,Russia,71.644444444,128.890555556,Small,Laptev Sea; Arctic Ocean,Fair,0.0
Thingeyri,Iceland,65.883333,-23.483333,Very Small,Denmark Strait; North Atlantic Ocean,Excellent,25.6
Warwick,United States,37.45,-77.416667,Small,North Atlantic Ocean,Excellent,0.0
Wu Hu,China,31.333333,118.366667,Small,East China Sea; North Pacific Ocean,Fair,0.0
Zhangjiangang,China,31.966667,120.4,Small,East China Sea; North Pacific Ocean,Fair,0.0
Poleng Oil Field,Indonesia,-6.65,112.916667,Very Small,Java Sea; South Pacific Ocean,Poor,0.0
Vitaz Marine Terminal,Russia,52.7,143.55,Very Small,Sea of Okhotsk; North Pacific Ocean,Poor,0.0
Vaitape,French Polynesia,-16.5,-151.75,Very Small,South Pacific Ocean,Good,0.0
Port Rikitea,French Polynesia,-23.116667,-134.966667,Very Small,South Pacific Ocean,Fair,0.0
Waingapu,Indonesia,-9.633333,120.216667,Very Small,Savu Sea; Indian Ocean,Excellent,0.0
Port Vila,Vanuatu,-17.733333,168.316667,Very Small,Coral Sea; South Pacific Ocean,Excellent,0.0
Shimminato,Japan,36.766667,137.116667,Very Small,Sea of Japan; North Pacific Ocean,Fair,0.0
Quonset Point,United States,41.583333,-71.4,Very Small,North Atlantic Ocean,Fair,0.0
Port Dikson,Russia,73.50638888899998,80.50611111099998,Very Small,Kara Sea; Arctic Ocean,Good,0.0
Port Borongan,Philippines,11.6,125.433333,Very Small,Philippine inland seas; North Pacific Ocean,Fair,0.0
Tern Island,United States,23.866667,-166.283333,Very Small,North Pacific Ocean,Poor,0.0
Paljassaare,Estonia,59.459102,24.70564,Medium,Gulf of Finland; Baltic Sea; North Atlantic Ocean,Good,190.0
Ternate,Indonesia,0.783333,127.383333,Very Small,Molucca Sea; North Pacific Ocean,Fair,144.0
Sillamae,Estonia,59.42612,27.73945,Large,Gulf of Finland; Baltic Sea; North Atlantic Ocean,Good,280.0
Port Stanley,Canada,42.666667,-81.2,Very Small,Lake Erie; Great Lakes,Good,0.0
Ormoc,Philippines,11.0,124.6,Very Small,Philippine inland seas; North Pacific Ocean,Poor,0.0
Serui,Indonesia,-1.9,136.25,Very Small,Teluk Cenderawasih; South Pacific Ocean,Fair,0.0
Poso,Indonesia,-1.366667,120.75,Very Small,Teluk Tomini; Molucca Sea; South Pacific Ocean,Poor,0.0
Sungaigerong,Indonesia,-2.983333,104.833333,Very Small,Natuna Sea; South China Sea; South Pacific Ocean,Good,0.0
Shelton,United States,47.216667,-123.1,Very Small,Alaska-Canada coastal waters; North Pacific Ocean,Excellent,0.0
Pomalaa,Indonesia,-4.166667,121.6,Very Small,Teluk Bone; Banda Sea; South Pacific Ocean,Fair,0.0
Saumlaki,Indonesia,-7.983333,131.3,Very Small,Arafura Sea; South Pacific Ocean,Good,0.0
Pulau Baai,Indonesia,-3.916667,102.283333,Very Small,Indian Ocean,Poor,0.0
Patani,Indonesia,0.366667,128.75,Very Small,North Pacific Ocean,Fair,0.0
Rota,Northern Mariana Islands,14.133333,145.15,Very Small,North Pacific Ocean,Poor,0.0
Semiahmoo,United States,48.983333,-122.766667,Very Small,Alaska-Canada coastal waters; North Pacific Ocean,Good,0.0
Pukoo,United States,21.066667,-156.8,Very Small,North Pacific Ocean,Fair,0.0
Weipa,Australia,-12.666667,141.866667,Very Small,Gulf of Carpentaria; Arafura Sea; South Pacific Ocean,Good,236.0
Rabigh,Saudi Arabia,22.733333,38.983333,Very Small,Red Sea; Indian Ocean,Fair,400.0
Skerjafjordur,Iceland,64.15,-22.016667,Very Small,North Atlantic Ocean,Good,0.0
Zhapu,China,30.583333,121.083333,Small,East China Sea; North Pacific Ocean,Fair,0.0
Salawati,Indonesia,-1.35,130.983333,Small,South Pacific Ocean,Poor,0.0
Patchogue,United States,40.75,-73.016667,Very Small,North Atlantic Ocean,Good,0.0
Faslane,United Kingdom,56.063889303,-4.819456751, ,North Atlantic Ocean, ,0.0
Trieste,Italy,45.651,13.746,Large,Adriatic Sea; Mediterranean Sea; North Atlantic Ocean,Good,0.0
Port Dalhousie,Canada,43.216667,-79.266667,Very Small,Lake Ontario; Great Lakes,Excellent,0.0
Greenore,Ireland,54.033333,-6.133333,Very Small,Irish Sea; North Atlantic Ocean,Good,0.0
Kingsville,Canada,42.016667,-82.733333,Very Small,Lake Erie; Great Lakes,Good,0.0
Cork,Ireland,51.85,-8.266667,Medium,Celtic Sea; North Atlantic Ocean,Excellent,340.0
Fuzhou,China,26.083333,119.3,Very Small,East China Sea; North Pacific Ocean,Good,397.9
Topolobampo,Mexico,25.6,-109.066667,Small,Gulf of California; North Pacific Ocean,Excellent,225.0
Kilroot,United Kingdom,54.733333,-5.716667,Small,North Atlantic Ocean,Fair,285.0
Guaymas,Mexico,27.916667,-110.916667,Small,Gulf of California; North Pacific Ocean,Good,300.0
Cleveland,United States,41.5,-81.716667,Large,Lake Erie; Great Lakes,Excellent,0.0
Toledo,United States,41.7,-83.466667,Medium,Lake Erie; Great Lakes,Excellent,0.0
Lazaro Cardenas,Mexico,17.933333,-102.166667,Small,North Pacific Ocean,Good,368.5
Toledo,Philippines,10.366667,123.633333,Small,Philippine inland seas; North Pacific Ocean,Poor,0.0
Rumoi Ko,Japan,43.95,141.633333,Very Small,Sea of Japan; North Pacific Ocean,Good,0.0
Sydney,Canada,46.15,-60.2,Medium,North Atlantic Ocean,Excellent,0.0
Monroe,United States,41.883333,-83.33333299999998,Very Small,Lake Erie; Great Lakes,Excellent,0.0
Toledo,United States,44.616667,-123.933333,Very Small,North Pacific Ocean,Excellent,0.0
Belfast,United Kingdom,54.616667,-5.9,Large,North Atlantic Ocean,Excellent,305.0
Kilkeel,United Kingdom,54.05,-5.983333,Very Small,Irish Sea; North Atlantic Ocean,Fair,0.0
Dublin,Ireland,53.35,-6.25,Medium,Irish Sea; North Atlantic Ocean,Excellent,200.0
Pointe Noire,Canada,50.166667,-66.483333,Small,Gulf of Saint Lawrence; North Atlantic Ocean,Good,0.0
Larne,United Kingdom,54.85,-5.8,Small,North Atlantic Ocean,Good,125.0
Warren Point,United Kingdom,54.1,-6.25,Very Small,Irish Sea; North Atlantic Ocean,Poor,157.0
New Ross,Ireland,52.383333,-6.95,Small,Celtic Sea; North Atlantic Ocean,Fair,110.0
Drogheda,Ireland,53.716667,-6.3,Very Small,Irish Sea; North Atlantic Ocean,Fair,130.0
Cobh,Ireland,51.85,-8.3,Medium,Celtic Sea; North Atlantic Ocean,Excellent,0.0
Rosslare,Ireland,52.25,-6.333333,Small,Irish Sea; North Atlantic Ocean,Fair,200.0
Provideniya,Russia,64.421111111,-173.2275,Very Small,Anadyrskiy Zaliv; Bering Sea; North Pacific Ocean,Good,0.0
Waterford,Ireland,52.266667,-7.116667,Very Small,Celtic Sea; North Atlantic Ocean,Good,200.0
Pamban,India,9.283333333,79.216666667,Very Small,Palk Strait; Indian Ocean, ,0.0
Uto,Finland,59.783333333,21.366666667,Small,Baltic Sea; North Atlantic Ocean,Unknown,0.0
Bay Bulls,Canada,47.316666667,-52.816666667, ,North Atlantic Ocean, ,0.0
Placentia Bay,Canada,47.253554536,-54.014215767, ,North Atlantic Ocean, ,0.0
Miquelon,Saint Pierre and Miquelon,47.1,-56.366666667, ,North Atlantic Ocean, ,0.0
Marystown,Canada,47.183333333,-55.116666667, ,North Atlantic Ocean, ,0.0
Arnold's Cove,Canada,47.764799043,-53.981065504,Small,North Atlantic Ocean, ,0.0
Burgeo,Canada,47.616666667,-57.6,Small,North Atlantic Ocean, ,0.0
Fortune,Canada,47.073282201,-55.830687119, ,North Atlantic Ocean, ,0.0
Long Harbour,Canada,47.423624109,-53.826773459, ,North Atlantic Ocean, ,221.0
Long Pond,Canada,47.519201164,-52.978413427, ,North Atlantic Ocean, ,0.0
Grand Bank,Canada,47.1,-55.75, ,North Atlantic Ocean, ,0.0
Bay Roberts,Canada,47.58905,-53.26265, ,North Atlantic Ocean, ,0.0
Harbour Breton,Canada,47.483333333,-55.8,Small,North Atlantic Ocean, ,0.0
Holyrood,Canada,47.4,-53.133333333, ,North Atlantic Ocean, ,0.0
Baie Verte,Canada,49.916666667,-56.2, ,North Atlantic Ocean, ,0.0
St Anthony,Canada,51.366666667,-55.566666667, ,North Atlantic Ocean, ,0.0
Carmanville,Canada,49.4,-54.266666667, ,North Atlantic Ocean, ,0.0
Churchill,Canada,58.783333333,-94.2, ,Hudson Bay; Arctic Ocean, ,0.0
Springdale,Canada,49.5,-56.066666667, ,North Atlantic Ocean, ,0.0
Roddickton,Canada,50.866666667,-56.133333333, ,North Atlantic Ocean, ,0.0
Lewisporte,Canada,49.25,-55.05, ,North Atlantic Ocean, ,0.0
Deception Bay,Canada,62.15,-74.68333333299998, ,Hudson Strait; Arctic Ocean, ,200.8
Nain,Canada,56.55,-61.683333333, ,Labrador Sea; North Atlantic Ocean, ,0.0
Botwood,Canada,49.133333333,-55.333333333, ,North Atlantic Ocean, ,0.0
Twillingate,Canada,49.65,-54.766666667, ,North Atlantic Ocean, ,0.0
Thorlakshofn,Iceland,63.85,-21.366666667, ,North Atlantic Ocean, ,0.0
Skagastrond,Iceland,65.816666667,-20.316666667, ,Greenland Sea; Arctic Ocean, ,22.0
Raufarhofn,Iceland,66.45,-15.933333333, ,Greenland Sea; Arctic Ocean, ,0.0
Djupivogur,Iceland,64.666666667,-14.283333333, ,North Atlantic Ocean, ,124.2
Uummannaq,Greenland,70.666666667,-52.116666667, ,Baffin Bay; Arctic Ocean, ,0.0
Vopnafjordur,Iceland,65.75,-14.816666667, ,Norwegian Sea; North Atlantic Ocean, ,0.0
Thorshofn,Iceland,66.2,-15.333333333, ,Greenland Sea; Arctic Ocean, ,0.0
Seydisfjordur,Iceland,65.266666667,-14.0, ,Norwegian Sea; North Atlantic Ocean, ,230.0
Grindavik,Iceland,63.833333333,-22.433333333, ,North Atlantic Ocean, ,100.0
Grundarfjordur,Iceland,64.933333333,-23.25, ,North Atlantic Ocean, ,160.0
Faeringehavn,Greenland,63.683333333,-51.516666667, ,Labrador Sea; North Atlantic Ocean, ,106.0
Grenivik,Iceland,65.95,-18.183333333, ,Greenland Sea; Arctic Ocean, ,0.0
Ammassalik,Greenland,65.616666667,-37.616666667, ,North Atlantic Ocean, ,0.0
Faskrudsfjordur,Iceland,64.916666667,-14.016666667, ,North Atlantic Ocean, ,0.0
Helguvik,Iceland,64.016666667,-22.55, ,North Atlantic Ocean, ,200.0
Hvammstangi,Iceland,65.4,-20.95, ,Greenland Sea; Arctic Ocean, ,128.3
Soendre Stroemfjord,Greenland,66.95,-50.95, ,Davis Strait; North Atlantic Ocean, ,0.0
Kopavogur,Iceland,64.116666667,-21.95, ,North Atlantic Ocean, ,0.0
Patreksfjordur,Iceland,65.6,-24.0, ,Denmark Strait; North Atlantic Ocean, ,0.0
Olafsfjordur,Iceland,66.066666667,-18.65, ,Greenland Sea; Arctic Ocean, ,0.0
Stykkisholmur,Iceland,65.083333333,-22.733333333, ,North Atlantic Ocean, ,0.0
Shediac Harbor,Canada,46.216666667,-64.533333333, ,Gulf of Saint Lawrence; North Atlantic Ocean, ,0.0
Cap des Mechins,Canada,49.0,-66.983333333, ,Gulf of Saint Lawrence; North Atlantic Ocean, ,0.0
Sheet Harbor,Canada,44.9,-62.5, ,North Atlantic Ocean, ,0.0
Godbout,Canada,49.316666667,-67.6, ,Gulf of Saint Lawrence; North Atlantic Ocean, ,0.0
Ile du Cap aux Meules,Canada,47.383333333,-61.916666667, ,Gulf of Saint Lawrence; North Atlantic Ocean, ,0.0
Newport (Canada),Canada,48.266666667,-64.75, ,Gulf of Saint Lawrence; North Atlantic Ocean, ,0.0
Natashquan,Canada,50.083333333,-61.733333333, ,Gulf of Saint Lawrence; North Atlantic Ocean, ,0.0
St Anns Harbour,Canada,46.283333333,-60.55, ,North Atlantic Ocean, ,0.0
Port Hood,Canada,46.0,-61.55, ,Gulf of Saint Lawrence; North Atlantic Ocean, ,0.0
Riverport,Canada,44.3,-64.333333333, ,North Atlantic Ocean, ,0.0
Lunenburg Harbour,Canada,44.366666667,-64.3, ,North Atlantic Ocean, ,0.0
Tadoussac,Canada,48.15,-69.716666667, ,Gulf of Saint Lawrence; North Atlantic Ocean, ,0.0
Miramichi,Canada,47.016666667,-65.5, ,Gulf of Saint Lawrence; North Atlantic Ocean, ,0.0
Dingwall Harbor,Canada,46.9,-60.466666667, ,North Atlantic Ocean, ,0.0
Richibucto Harbor,Canada,46.683333333,-64.866666667, ,Gulf of Saint Lawrence; North Atlantic Ocean, ,0.0
Crawley Creek,Canada,46.15,-60.223333333, ,North Atlantic Ocean, ,0.0
Havre de la Grande Entree,Canada,47.583333333,-61.583333333, ,Gulf of Saint Lawrence; North Atlantic Ocean, ,0.0
La Malbaie,Canada,47.633333333,-70.133333333, ,Gulf of Saint Lawrence; North Atlantic Ocean, ,0.0
Ile du Gros Cacouna,Canada,47.933333333,-69.5, ,Gulf of Saint Lawrence; North Atlantic Ocean, ,0.0
Bathurst Harbour,Canada,47.633333333,-65.633333333, ,Gulf of Saint Lawrence; North Atlantic Ocean, ,0.0
Yarmouth Harbor (Canada),Canada,43.833333333,-66.116666667, ,North Atlantic Ocean, ,0.0
Lockeport Harbor,Canada,43.7,-65.116666667, ,North Atlantic Ocean, ,0.0
Baie des Escoumins,Canada,48.35082,-69.389171579, ,Gulf of Saint Lawrence; North Atlantic Ocean, ,0.0
Baddeck Harbour,Canada,46.1,-60.75, ,North Atlantic Ocean, ,0.0
Shelburne Harbour,Canada,43.75,-65.316666667, ,North Atlantic Ocean, ,0.0
St Simeon,Canada,47.833333333,-69.866666667, ,Gulf of Saint Lawrence; North Atlantic Ocean, ,0.0
Havre Aubert,Canada,47.233333333,-61.833333333, ,Gulf of Saint Lawrence; North Atlantic Ocean, ,0.0
Pugwash Harbour,Canada,45.85,-63.666666667, ,Gulf of Saint Lawrence; North Atlantic Ocean, ,0.0
Mingan Harbor,Canada,50.283333333,-64.016666667, ,Gulf of Saint Lawrence; North Atlantic Ocean, ,0.0
Portneuf,Canada,46.683333333,-71.883333333, ,Gulf of Saint Lawrence; North Atlantic Ocean, ,0.0
Arichat Harbour,Canada,45.516666667,-61.016666667, ,North Atlantic Ocean, ,0.0
Belledune Harbor,Canada,47.9,-65.833333333, ,Gulf of Saint Lawrence; North Atlantic Ocean, ,0.0
Port Menier,Canada,49.816666667,-64.35, ,Gulf of Saint Lawrence; North Atlantic Ocean, ,0.0
Pointe des Roches,Canada,47.416666667,-70.4, ,Gulf of Saint Lawrence; North Atlantic Ocean, ,0.0
Souris Harbour,Canada,46.35,-62.25, ,Gulf of Saint Lawrence; North Atlantic Ocean, ,0.0
Chandler,Canada,48.35,-64.666666667, ,Gulf of Saint Lawrence; North Atlantic Ocean, ,0.0
Puerto Morelos,Mexico,20.85,-86.88333333299998, ,Caribbean Sea; North Atlantic Ocean, ,0.0
Old Ferolle Harbor,Canada,51.083333333,-56.883333333,Small,Gulf of Saint Lawrence; North Atlantic Ocean, ,0.0
St. Barbe Harbor,Canada,51.2,-56.766666667,Small,Gulf of Saint Lawrence; North Atlantic Ocean, ,0.0
Port Saunders,Canada,50.65,-57.283333333,Small,Gulf of Saint Lawrence; North Atlantic Ocean, ,0.0
Great Jervis Harbor,Canada,47.65,-56.183333333, ,North Atlantic Ocean, ,0.0
Hawkes Habor,Canada,50.616666667,-57.3, ,Gulf of Saint Lawrence; North Atlantic Ocean, ,0.0
Marmorilik,Greenland,71.133333333,-51.266666667, ,Baffin Bay; Arctic Ocean, ,0.0
Reydarfjordur,Iceland,65.033333333,-14.1, ,North Atlantic Ocean, ,0.0
Stodhvarfjordur,Iceland,64.833333333,-13.883333333, ,North Atlantic Ocean, ,0.0
Sandgerdi,Iceland,64.033333333,-22.716666667, ,North Atlantic Ocean, ,0.0
Litlisandur,Iceland,64.383333333,-21.45, ,North Atlantic Ocean, ,250.0
Borgarnes,Iceland,64.55,-21.916666667, ,North Atlantic Ocean, ,0.0
Shan T Ou,China,23.366667,116.683333,Small,South China Sea; North Pacific Ocean,Excellent,349.0
Yantian,China,22.583333,114.266667,Small,South China Sea; North Pacific Ocean,Excellent,400.0
Zhangzhou,China,24.683333,118.15,Small,Taiwan Strait; North Pacific Ocean,Fair,295.0
Xiuyu,China,25.233333,118.983333,Very Small,Taiwan Strait; North Pacific Ocean,Fair,362.0
Quanzhou,China,24.883333,118.6,Small,Taiwan Strait; North Pacific Ocean,Fair,294.0
Porvoo,Finland,60.3,25.633333,Very Small,Gulf of Finland; Baltic Sea; North Atlantic Ocean,Good,278.0
Stanley,Falkland Islands (Islas Malvinas),-51.7,-57.833333,Medium,South Atlantic Ocean,Good,0.0
Zhuhai,China,22.233333,113.583333,Very Small,South China Sea; North Pacific Ocean,Good,345.0
Shekou,China,22.466667,113.866667,Medium,South China Sea; North Pacific Ocean,Good,400.0
Primorsk,Russia,60.366667,28.633333,Very Small,Gulf of Finland; Baltic Sea; North Atlantic Ocean,Good,307.0
Pori,Finland,61.483333,21.8,Large,Gulf of Bothnia; Baltic Sea; North Atlantic Ocean,Good,254.6
Xiamen,China,24.45,118.066667,Medium,Taiwan Strait; North Pacific Ocean,Good,400.0
Pontrieux,France,48.709507583,-3.146202479,Very Small,English Channel; North Atlantic Ocean,Fair,0.0
Ust Luga,Russia,59.666667,28.316667,Very Small,Gulf of Finland; Baltic Sea; North Atlantic Ocean,Fair,291.9
Puerto Yartou,Chile,-53.883333,-70.15,Very Small,South Pacific Ocean,Fair,0.0
Zhenjiang,China,32.216667,119.433333,Small,East China Sea; North Pacific Ocean,Fair,0.0
Victoria Harbor,Canada,48.433333,-123.383333,Medium,Alaska-Canada coastal waters; North Pacific Ocean,Good,348.0
Vancouver,Canada,49.283333,-123.116667,Large,Alaska-Canada coastal waters; North Pacific Ocean,Excellent,367.0
Port Alberni,Canada,49.233333,-124.816667,Small,Alaska-Canada coastal waters; North Pacific Ocean,Good,190.0
Abu Qir,Egypt,31.323997974,30.078534364, ,Mediterranean Sea; North Atlantic Ocean, ,0.0
St George's,Grenada,12.05,-61.75,Small,Caribbean Sea; North Atlantic Ocean,Fair,325.0
Puerto Sara,Chile,-52.633333,-70.2,Very Small,South Pacific Ocean,Fair,0.0
Punta Delgada,Chile,-52.466667,-69.55,Very Small,South Atlantic Ocean,Fair,0.0
Sankt-Peterburg,Russia,59.933333,30.3,Large,Gulf of Finland; Baltic Sea; North Atlantic Ocean,Good,333.3
Rahja,Finland,64.217777778,23.679722222,Very Small,Gulf of Bothnia; Baltic Sea; North Atlantic Ocean,Fair,175.0
Mehamnfjorden,Norway,71.041346614,27.835338465, ,Barents Sea; Arctic Ocean, ,0.0
Fiborgtangen,Norway,63.717642991,11.14797225, ,Norwegian Sea; North Atlantic Ocean, ,200.0
Jossingfjord,Norway,58.314907138,6.333204587, ,North Sea; North Atlantic Ocean, ,0.0
Nesna,Norway,66.200987053,13.010143534, ,Norwegian Sea; North Atlantic Ocean, ,0.0
Haakonsvern,Norway,60.333164356,5.235305876, ,North Sea; North Atlantic Ocean, ,0.0
Turku,Finland,60.45,22.233333,Medium,Baltic Sea; North Atlantic Ocean,Good,218.2
Kunda,Estonia,59.527775,26.547196,Very Small,Gulf of Finland; Baltic Sea; North Atlantic Ocean,Poor,150.0
Rada Punta Arenas,Chile,-53.166667,-70.9,Small,South Pacific Ocean,Fair,0.0
Sidi Kerir (Kurayr),Egypt,31.056713682,29.670446971,Small,Mediterranean Sea; North Atlantic Ocean,Poor,0.0
Dongshan,China,23.756666667,117.505,Small,South China Sea; North Pacific Ocean,Fair,334.0
Kyndbyvaerkets,Denmark,55.816667,11.883333,Very Small,Kattegat; North Atlantic Ocean,Fair,250.0
Berbera,Somalia,10.45,45.016667,Small,Gulf of Aden; Indian Ocean,Fair,0.0
Burriana,Spain,39.883333,-0.05,Very Small,Balearic Sea; Mediterranean Sea; North Atlantic Ocean,Fair,0.0
Itajai,Brazil,-26.916667,-48.633333,Medium,South Atlantic Ocean,Good,0.0
Nouakchott,Mauritania,18.033333,-16.033333,Small,North Atlantic Ocean,Poor,0.0
Santa Clara,Brazil,-20.883333,-51.366667,Very Small,South Atlantic Ocean,Fair,0.0
Campeche,Mexico,19.85,-90.55,Small,Gulf of Mexico; North Atlantic Ocean,Good,0.0
Monrovia,Liberia,6.316667,-10.816667,Small,North Atlantic Ocean,Fair,267.0
Alborg,Denmark,57.05,9.933333,Small,Kattegat; North Atlantic Ocean,Good,250.0
Hirtshals,Denmark,57.6,9.966667,Very Small,Skagerrak; North Atlantic Ocean,Fair,200.0
Thanh Hoa,Vietnam,10.816667,106.766667,Very Small,South China Sea; North Pacific Ocean,Fair,0.0
Bridgetown,Barbados,13.1,-59.633333,Small,North Atlantic Ocean,Good,362.1
Gwangyang Hang,South Korea,34.90846,127.75012,Medium,Korea Strait; North Pacific Ocean,Good,0.0
Kingston,Norfolk Island,-29.066667,167.95,Very Small,South Pacific Ocean,Poor,0.0
Apia,Samoa,-13.816667,-171.766667,Very Small,South Pacific Ocean,Good,0.0
Kingstown,Saint Vincent and the Grenadines (Windward Islands),13.15,-61.233333,Small,Caribbean Sea; North Atlantic Ocean,Fair,260.0
Kunsan,South Korea,35.983333,126.616667,Small,Yellow Sea; North Pacific Ocean,Fair,0.0
Puerto Padre,Cuba,21.283333,-76.533333,Small,North Atlantic Ocean,Good,170.0
Fort De France,Martinique,14.6,-61.066667,Medium,Caribbean Sea; North Atlantic Ocean,Good,0.0
Vieux Fort,Saint Lucia,13.716667,-60.966667,Very Small,Caribbean Sea; North Atlantic Ocean,Good,0.0
Vita,Cuba,21.1,-75.966666667, ,North Atlantic Ocean,Unknown,160.0
Wake Island,Wake Island,19.283333,166.616667,Very Small,North Pacific Ocean,Fair,0.0
Caracasbaai,Curacao,12.066667,-68.866667,Small,Caribbean Sea; North Atlantic Ocean,Poor,320.0
Bullen Baai,Curacao,12.183333,-69.033333,Medium,Caribbean Sea; North Atlantic Ocean,Poor,0.0
Kralendijk,Caribbean Netherlands,12.15,-68.283333,Very Small,Caribbean Sea; North Atlantic Ocean,Fair,330.0
Goto Oil Terminal,Caribbean Netherlands,12.216667,-68.383333,Very Small,Caribbean Sea; North Atlantic Ocean,Fair,0.0
Willemstad,Curacao,12.116667,-68.933333,Medium,Caribbean Sea; North Atlantic Ocean,Good,338.8
Sint Nicolaas Baai,Aruba,12.433333,-69.916667,Small,Caribbean Sea; North Atlantic Ocean,Fair,0.0
Nauru,Nauru,-0.533333,166.916667,Very Small,South Pacific Ocean,Fair,192.0
Apra Harbor,Guam,13.45,144.616667,Medium,North Pacific Ocean,Good,315.8
Nikol Skoye,Russia,55.2,165.983333,Very Small,North Pacific Ocean,Poor,0.0
Bahia De Matarani,Peru,-17.0,-72.116667,Small,South Pacific Ocean,Good,0.0
Barranquilla,Colombia,10.966667,-74.766667,Medium,Caribbean Sea; North Atlantic Ocean,Excellent,200.0
Galeota Point Terminal,Trinidad and Tobago,10.133333,-60.983333,Small,North Atlantic Ocean,Fair,0.0
Carupano,Venezuela,10.7,-63.25,Very Small,Caribbean Sea; North Atlantic Ocean,Fair,0.0
Guiria,Venezuela,10.566667,-62.3,Very Small,Caribbean Sea; North Atlantic Ocean,Fair,72.0
Georgetown,Guyana,6.833333,-58.166667,Medium,North Atlantic Ocean,Good,190.0
Gronnedal (Kangilinnguit),Greenland,61.233333,-48.1,Very Small,Labrador Sea; North Atlantic Ocean,Fair,0.0
Port Of Ilheus,Brazil,-14.783333,-39.016667,Small,South Atlantic Ocean,Fair,0.0
Kirteh Oil Terminal,Malaysia,4.566667,103.466667,Small,South China Sea; North Pacific Ocean,Fair,183.0
Khanom,Thailand,9.2,99.9,Very Small,Gulf of Thailand; South China Sea; North Pacific Ocean,Fair,181.0
Laem Chabang,Thailand,13.083333,100.883333,Small,Gulf of Thailand; South China Sea; North Pacific Ocean,Poor,0.0
Cat Lai,Vietnam,10.75,106.783333,Very Small,South China Sea; North Pacific Ocean,Fair,229.0
Songkhla Harbor,Thailand,7.216667,100.583333,Very Small,Gulf of Thailand; South China Sea; North Pacific Ocean,Fair,200.0
Siam Seaport,Thailand,13.133333,100.883333,Very Small,Gulf of Thailand; South China Sea; North Pacific Ocean,Fair,236.0
Si Racha,Thailand,13.166667,100.916667,Medium,Gulf of Thailand; South China Sea; North Pacific Ocean,Fair,239.0
Phu My,Vietnam,10.583333,107.033333,Very Small,South China Sea; North Pacific Ocean,Fair,333.0
Thanh Ho Chi Minh,Vietnam,10.766667,106.716667,Medium,South China Sea; North Pacific Ocean,Excellent,261.0
Petchburi Terminal,Thailand,13.166667,100.15,Very Small,Gulf of Thailand; South China Sea; North Pacific Ocean,Poor,210.0
Mui Vung Tau,Vietnam,10.316667,107.066667,Very Small,South China Sea; North Pacific Ocean,Fair,0.0
Fang-Cheng,China,21.75,108.35,Medium,Gulf of Tonkin; South China Sea; North Pacific Ocean,Good,325.0
Bang Saphan,Thailand,11.183333,99.6,Very Small,Gulf of Thailand; South China Sea; North Pacific Ocean,Fair,225.0
Vinh Cam Ranh,Vietnam,11.883333,109.166667,Small,South China Sea; North Pacific Ocean,Good,200.0
Hai Phong,Vietnam,20.916667,106.683333,Small,Gulf of Tonkin; South China Sea; North Pacific Ocean,Good,363.0
Bangkok,Thailand,13.75,100.5,Large,Gulf of Thailand; South China Sea; North Pacific Ocean,Good,182.0
Si Racha Terminal,Thailand,13.116667,100.883333,Very Small,Gulf of Thailand; South China Sea; North Pacific Ocean,Poor,274.0
Sattahip,Thailand,12.616667,100.916667,Medium,Gulf of Thailand; South China Sea; North Pacific Ocean,Poor,250.0
Qui Nhon,Vietnam,13.766667,109.233333,Very Small,South China Sea; North Pacific Ocean,Fair,211.9
Ko Si Chang Terminal,Thailand,13.166667,100.816667,Very Small,Gulf of Thailand; South China Sea; North Pacific Ocean,Fair,0.0
Vung Tau,Vietnam,10.35,107.066667,Small,South China Sea; North Pacific Ocean,Fair,200.0
La Guaira,Venezuela,10.616667,-66.933333,Small,Caribbean Sea; North Atlantic Ocean,Good,278.9
El Palito,Venezuela,10.483333,-68.116667,Very Small,Caribbean Sea; North Atlantic Ocean,Fair,0.0
Ningbo,China,29.883333,121.55,Small,East China Sea; North Pacific Ocean,Good,0.0
Las Piedras,Venezuela,11.7,-70.216667,Small,Caribbean Sea; North Atlantic Ocean,Good,0.0
Amuay (Bahia De Amuay),Venezuela,11.75,-70.233333,Small,Caribbean Sea; North Atlantic Ocean,Fair,304.8
Catia La Mar,Venezuela,10.6,-67.016667,Very Small,Caribbean Sea; North Atlantic Ocean,Good,0.0
Lianyungang,China,34.733333,119.45,Small,Yellow Sea; North Pacific Ocean,Fair,0.0
Puerto Borburata,Venezuela,10.483333,-67.983333,Very Small,Caribbean Sea; North Atlantic Ocean,Fair,175.0
Puerto Chichiriviche,Venezuela,10.916667,-68.266667,Very Small,Caribbean Sea; North Atlantic Ocean,Good,0.0
Puerto Cabello,Venezuela,10.483333,-68.0,Medium,Caribbean Sea; North Atlantic Ocean,Excellent,279.0
Salina,Caribbean Netherlands,12.083333,-68.283333,Very Small,Caribbean Sea; North Atlantic Ocean,Poor,0.0
Shanghai,China,31.216667,121.5,Large,East China Sea; North Pacific Ocean,Good,0.0
Rizhao,China,35.383333,119.566667,Very Small,Yellow Sea; North Pacific Ocean,Poor,0.0
Lanshan,China,35.08,119.366667,Very Small,Yellow Sea; North Pacific Ocean,Fair,0.0
Wenzhou,China,28.016667,120.65,Medium,East China Sea; North Pacific Ocean,Good,295.0
Qingdao Gang,China,36.033333,120.266667,Large,Yellow Sea; North Pacific Ocean,Excellent,0.0
Basseterre,Saint Kitts and Nevis,17.3,-62.716667,Very Small,Caribbean Sea; North Atlantic Ocean,Fair,274.0
Bahia De Fajardo,Puerto Rico,18.333333,-65.633333,Very Small,Caribbean Sea; North Atlantic Ocean,Fair,0.0
Charlestown,Saint Kitts and Nevis,17.133333,-62.633333,Very Small,Caribbean Sea; North Atlantic Ocean,Fair,0.0
Puerto Yabucoa,Puerto Rico,18.05,-65.833333,Very Small,Caribbean Sea; North Atlantic Ocean,Fair,0.0
Playa De Humacao,Puerto Rico,18.166667,-65.75,Very Small,Caribbean Sea; North Atlantic Ocean,Fair,0.0
Oranjestad,Caribbean Netherlands,17.483333,-62.983333,Small,Caribbean Sea; North Atlantic Ocean,Fair,415.0
Bahia San Nicolas,Peru,-15.25,-75.233333,Very Small,South Pacific Ocean,Good,0.0
Puerto Ilo,Peru,-17.633333,-71.366667,Very Small,South Pacific Ocean,Good,0.0
Punta Lobitos (Bahia De Huarmey),Peru,-10.1,-78.166667,Very Small,South Pacific Ocean,Fair,0.0
Puerto Supe,Peru,-10.8,-77.75,Very Small,South Pacific Ocean,,0.0
Port Beringovsky,Russia,63.063055556,179.3675, ,Anadyrskiy Zaliv; Bering Sea; North Pacific Ocean,Unknown,159.0
Mourilyan Harbour,Australia,-17.6,146.133333,Small,Coral Sea; South Pacific Ocean,Good,200.0
Kijang,Indonesia,0.85,104.6,Very Small,Natuna Sea; South China Sea; South Pacific Ocean,Good,0.0
Johor,Malaysia,1.433333,103.9,Large,Strait of Malacca; Indian Ocean,Fair,0.0
Bahia De Valparaiso,Chile,-33.033333,-71.616667,Medium,South Pacific Ocean,Fair,0.0
Lirquen,Chile,-36.716667,-72.983333,Very Small,South Pacific Ocean,Good,0.0
Bahia San Vicente,Chile,-36.733333,-73.166667,Very Small,South Pacific Ocean,Fair,0.0
Bahia De Valdivia,Chile,-39.8,-73.25,Small,South Pacific Ocean,Excellent,0.0
Itaqui,Brazil,-2.566667,-44.366667,Small,South Atlantic Ocean,Good,365.0
Manaus,Brazil,-3.133333,-60.016667,Small,South Atlantic Ocean,Excellent,225.0
Itacoatiara,Brazil,-3.15,-58.45,Very Small,South Atlantic Ocean,Excellent,0.0
Chaguaramas,Trinidad and Tobago,10.683333,-61.65,Very Small,Caribbean Sea; North Atlantic Ocean,Good,190.0
Brighton,Trinidad and Tobago,10.25,-61.633333,Very Small,Caribbean Sea; North Atlantic Ocean,Poor,333.0
Jurong Island,Singapore,1.283333,103.733333,Large,Strait of Malacca; Indian Ocean,Good,0.0
Dabo,Indonesia,-0.5,104.566667,Very Small,Natuna Sea; South China Sea; South Pacific Ocean,Poor,0.0
Coronel,Chile,-37.033333,-73.166667,Small,South Pacific Ocean,Excellent,0.0
Bahia Quintero (Ventanas),Chile,-32.766667,-71.533333,Very Small,South Pacific Ocean,Fair,0.0
Lota,Chile,-37.1,-73.15,Very Small,South Pacific Ocean,Poor,160.0
Bahia Herradura Guayacan,Chile,-29.966667,-71.366667,Very Small,South Pacific Ocean,Good,0.0
Huasco,Chile,-28.466667,-71.25,Very Small,South Pacific Ocean,Fair,0.0
Altamira,Mexico,22.483333,-97.85,Very Small,Gulf of Mexico; North Atlantic Ocean,Poor,339.6
Anse Tembladora,Trinidad and Tobago,10.683333,-61.583333,Very Small,Caribbean Sea; North Atlantic Ocean,Fair,209.0
Porto Santana,Brazil,-0.05,-51.183333,Very Small,South Atlantic Ocean,Good,210.0
Scarborough,Trinidad and Tobago,11.183333,-60.733333,Very Small,North Atlantic Ocean,Fair,157.6
Tuxpan,Mexico,20.95,-97.4,Medium,Gulf of Mexico; North Atlantic Ocean,Excellent,294.1
Puerto De Hierro,Venezuela,10.633333,-62.1,Small,Caribbean Sea; North Atlantic Ocean,Fair,0.0
Point Lisas Industrial Port,Trinidad and Tobago,10.4,-61.5,Small,Caribbean Sea; North Atlantic Ocean,Good,0.0
Ramallo,Argentina,-33.483333,-60.016667,Very Small,Rio de la Plata; South Atlantic Ocean,Excellent,0.0
Talcahuano,Chile,-36.7,-73.09999999999998,Small,South Pacific Ocean,Good,0.0
Tocopilla,Chile,-22.083333,-70.233333,Small,South Pacific Ocean,Fair,200.0
Point Lisas Port,Trinidad and Tobago,10.383333,-61.483333,Small,Caribbean Sea; North Atlantic Ocean,Fair,245.0
Villa Constitucion,Argentina,-33.233333,-60.333333,Very Small,Rio de la Plata; South Atlantic Ocean,Excellent,0.0
Santarem,Brazil,-2.416667,-54.716667,Very Small,South Atlantic Ocean,Good,0.0
Penco,Chile,-36.716667,-73.0,Very Small,South Pacific Ocean,Good,0.0
San Nicolas,Argentina,-33.333333,-60.233333,Very Small,Rio de la Plata; South Atlantic Ocean,Excellent,0.0
Puerto Ibicuy,Argentina,-33.75,-59.183333,Very Small,Rio de la Plata; South Atlantic Ocean,Excellent,0.0
Tampico,Mexico,22.216667,-97.866667,Medium,Gulf of Mexico; North Atlantic Ocean,Good,229.2
San Pedro,Argentina,-33.583333,-59.816667,Very Small,Rio de la Plata; South Atlantic Ocean,Excellent,0.0
Port Of Spain,Trinidad and Tobago,10.65,-61.516667,Medium,Caribbean Sea; North Atlantic Ocean,Excellent,333.3
Pointe A Pierre,Trinidad and Tobago,10.316667,-61.466667,Small,Caribbean Sea; North Atlantic Ocean,Fair,236.0
Zarate,Argentina,-34.083333,-59.033333,Small,Rio de la Plata; South Atlantic Ocean,Good,0.0
Point Fortin,Trinidad and Tobago,10.2,-61.7,Very Small,Caribbean Sea; North Atlantic Ocean,Poor,0.0
Puerto De Corral,Chile,-39.866667,-73.433333,Very Small,South Pacific Ocean,Fair,0.0
Tanjunguban,Indonesia,1.066667,104.216667,Very Small,Strait of Malacca; Indian Ocean,Fair,0.0
Pulau Sebarok,Singapore,1.2,103.8,Small,Strait of Malacca; Indian Ocean,Fair,0.0
Pulau Sambu,Indonesia,1.166667,103.9,Small,Strait of Malacca; Indian Ocean,Fair,0.0
Pulau Bukom,Singapore,1.233333,103.766667,Medium,Strait of Malacca; Indian Ocean,Good,0.0
Sekupang,Indonesia,1.133333,103.916667,Very Small,Strait of Malacca; Indian Ocean,Poor,0.0
Tanjungpinang,Indonesia,0.916667,104.45,Very Small,Natuna Sea; South China Sea; South Pacific Ocean,Fair,0.0
Bluff Harbor,New Zealand,-46.6,168.333333,Small,South Pacific Ocean,Excellent,0.0
Auckland,New Zealand,-36.85,174.766667,Large,South Pacific Ocean,Excellent,0.0
Tauranga,New Zealand,-37.633333,176.166667,Small,South Pacific Ocean,Excellent,348.0
Westport,New Zealand,-41.75,171.6,Very Small,Tasman Sea; South Pacific Ocean,Excellent,0.0
Hobart,Australia,-42.883333,147.333333,Medium,South Pacific Ocean,Excellent,348.0
Comodoro Rivadavia,Argentina,-45.866667,-67.466667,Very Small,Golfo San Jorge; South Atlantic Ocean,Fair,0.0
Pelotas,Brazil,-31.783333,-52.333333,Very Small,South Atlantic Ocean,Good,0.0
Ushuaia,Argentina,-54.816667,-68.3,Small,Drake Passage; South Atlantic Ocean,Fair,317.0
Puerto Natales,Chile,-51.716667,-72.56666699999998,Very Small,South Pacific Ocean,Poor,0.0
Puerto Nacional,Argentina,-38.8,-62.283333,Very Small,South Atlantic Ocean,Good,0.0
Rio Grande,Brazil,-32.05,-52.083333,Large,South Atlantic Ocean,Good,337.0
Puerto Galvan,Argentina,-38.783333,-62.3,Very Small,South Atlantic Ocean,Good,0.0
Puerto Rosales,Argentina,-38.933333,-62.066667,Very Small,South Atlantic Ocean,Good,0.0
Puerto Ingeniero White,Argentina,-38.8,-62.266667,Small,South Atlantic Ocean,Good,0.0
Puerto San Martin,Argentina,-32.716667,-60.733333,Very Small,Rio de la Plata; South Atlantic Ocean,Excellent,0.0
Puerto Williams,Chile,-54.933333,-67.6,Very Small,Drake Passage; South Atlantic Ocean,Fair,0.0
Puerto Belgrano,Argentina,-38.883333,-62.1,Small,South Atlantic Ocean,Good,0.0
Tramandai,Brazil,-29.983333,-50.133333,Small,South Atlantic Ocean,Poor,0.0
Puerto Chacabuco,Chile,-45.466667,-72.83333299999998,Very Small,South Pacific Ocean,Fair,0.0
Wyndham,Australia,-15.466667,128.1,Very Small,Joseph Bonaparte Gulf; Timor Sea; Indian Ocean,Good,190.0
Broome,Australia,-17.966667,122.233333,Small,Indian Ocean,Excellent,280.0
Dussafu Terminal,Gabon,-4.25,10.816667,Very Small,South Atlantic Ocean,Poor,0.0
Corinto,Nicaragua,12.483333,-87.166667,Small,North Pacific Ocean,Good,294.1
Acajutla,El Salvador,13.583333,-89.83333299999998,Very Small,North Pacific Ocean,Poor,0.0
Puerto Madero,Mexico,14.7,-92.45,Very Small,North Pacific Ocean,Fair,0.0
Salina Cruz,Mexico,16.166667,-95.2,Small,North Pacific Ocean,Good,0.0
Puerto Sandino,Nicaragua,12.183333,-86.766667,Very Small,North Pacific Ocean,Poor,0.0
Puerto Quetzal,Guatemala,13.916667,-90.8,Very Small,North Pacific Ocean,Fair,133.5
Kuala Belait,Brunei,4.633333,114.2,Very Small,South China Sea; North Pacific Ocean,Good,79.0
Sibu,Malaysia,2.283333,111.816667,Very Small,South China Sea; North Pacific Ocean,Good,99.0
Sarikei,Malaysia,2.133333,111.533333,Very Small,South China Sea; North Pacific Ocean,Good,0.0
Bintangor,Malaysia,2.166667,111.633333,Very Small,South China Sea; North Pacific Ocean,Fair,0.0
Daru,Papua New Guinea,-9.066667,143.2,Very Small,Coral Sea; South Pacific Ocean,Fair,64.0
Merauke,Indonesia,-8.483333,140.383333,Very Small,Arafura Sea; South Pacific Ocean,Fair,100.0
Kavonisi-Kissamos,Greece,35.516667,23.633333,Very Small,Aegean Sea; Mediterranean Sea; North Atlantic Ocean,Fair,0.0
Alotoa,Papua New Guinea,-10.316667,150.45,Very Small,Solomon Sea; South Pacific Ocean,Fair,205.0
Subic Bay,Philippines,14.8,120.266667,Medium,South China Sea; North Pacific Ocean,Excellent,347.0
San Fernando Harbor,Philippines,16.616667,120.316667,Medium,South China Sea; North Pacific Ocean,Fair,169.3
Tabaco,Philippines,13.366667,123.733333,Very Small,Philippine inland seas; North Pacific Ocean,Poor,190.0
Virac,Philippines,13.583333,124.25,Very Small,Philippine inland seas; North Pacific Ocean,Good,69.0
Manila,Philippines,14.583333,120.966667,Large,South China Sea; North Pacific Ocean,Excellent,0.0
Claveria,Philippines,18.616667,121.083333,Very Small,Luzon Strait; North Pacific Ocean,Fair,0.0
Mariveles,Philippines,14.433333,120.483333,Very Small,South China Sea; North Pacific Ocean,Fair,0.0
Calapan,Philippines,13.416667,121.183333,Very Small,Philippine inland seas; North Pacific Ocean,Poor,0.0
Legazpi Port,Philippines,13.15,123.75,Very Small,Philippine inland seas; North Pacific Ocean,Fair,0.0
Aparri,Philippines,18.366667,121.633333,Very Small,Luzon Strait; North Pacific Ocean,Poor,0.0
Batangas City,Philippines,13.75,121.05,Medium,Philippine inland seas; North Pacific Ocean,Good,300.0
Masinloc,Philippines,15.55,119.95,Very Small,South China Sea; North Pacific Ocean,Good,0.0
Paldiski Lounasadam,Estonia,59.333343,24.081111,Large,Gulf of Finland; Baltic Sea; North Atlantic Ocean,Fair,250.0
Karskar,Sweden,60.683333,17.266667,Very Small,Gulf of Bothnia; Baltic Sea; North Atlantic Ocean,Good,220.0
Iggesund,Sweden,61.65,17.083333,Very Small,Gulf of Bothnia; Baltic Sea; North Atlantic Ocean,Excellent,173.9
Skelleftehamn,Sweden,64.683333,21.233333,Small,Gulf of Bothnia; Baltic Sea; North Atlantic Ocean,Good,200.0
Paldiski Pohjasadam,Estonia,59.349752,24.047504,Small,Gulf of Finland; Baltic Sea; North Atlantic Ocean,Poor,310.0
Hanasaki Ko,Japan,43.283333,145.583333,Very Small,North Pacific Ocean,Fair,0.0
Nemuro Ko,Japan,43.333333,145.583333,Small,North Pacific Ocean,Unknown,0.0
Esasi Ko,Japan,41.866667,140.116667,Very Small,Sea of Japan; North Pacific Ocean,Poor,0.0
Mori,Japan,42.116667,140.583333,Very Small,North Pacific Ocean,Poor,0.0
Otaru Ko,Japan,43.2,141.016667,Medium,Sea of Japan; North Pacific Ocean,Good,312.0
Wakkanai,Japan,43.416667,141.683333,Small,Sea of Japan; North Pacific Ocean,Fair,240.0
Kristinestad,Finland,62.283333,21.4,Medium,Gulf of Bothnia; Baltic Sea; North Atlantic Ocean,Good,210.0
Pietarsaari,Finland,63.683333,22.666667,Medium,Gulf of Bothnia; Baltic Sea; North Atlantic Ocean,Poor,241.7
Kemi,Finland,65.733333,24.566667,Small,Gulf of Bothnia; Baltic Sea; North Atlantic Ocean,Fair,190.7
Loksa,Estonia,59.583392,25.698938,Very Small,Gulf of Finland; Baltic Sea; North Atlantic Ocean, ,130.0
Toliara,Madagascar,-23.366667,43.666667,Very Small,Mozambique Channel; Indian Ocean,Fair,168.0
Mananjary,Madagascar,-21.25,48.333333,Very Small,Indian Ocean,Fair,0.0
Morondava,Madagascar,-20.283333,44.3,Very Small,Mozambique Channel; Indian Ocean,Poor,0.0
Tan-Shui,Taiwan,25.183333,121.4,Large,East China Sea; North Pacific Ocean,Excellent,400.0
Rundvik,Sweden,63.533333,19.45,Very Small,Gulf of Bothnia; Baltic Sea; North Atlantic Ocean,Good,173.9
Muuga-Port of Tallin,Estonia,59.500042,24.966693,Large,Gulf of Finland; Baltic Sea; North Atlantic Ocean,Fair,300.0
Victoria,Seychelles,-4.616667,55.45,Very Small,Indian Ocean,Fair,210.0
Manakara,Madagascar,-22.116667,48.05,Very Small,Indian Ocean,Poor,0.0
Tolanaro,Madagascar,-25.033333,47.0,Very Small,Indian Ocean,Fair,0.0
Loviisa,Finland,60.45,26.233333,Very Small,Gulf of Finland; Baltic Sea; North Atlantic Ocean,Good,190.0
Porkkala,Finland,60.083333,24.383333,Very Small,Gulf of Finland; Baltic Sea; North Atlantic Ocean,Good,180.0
Tai-Chung Kang,Taiwan,24.3,120.5,Large,Taiwan Strait; North Pacific Ocean,Excellent,300.0
Toamasina,Madagascar,-18.166667,49.416667,Small,Indian Ocean,Good,292.0
Port Louis,Mauritius,-20.15,57.5,Small,Indian Ocean,Good,366.4
Karlsborg,Sweden,65.8,23.283333,Medium,Gulf of Bothnia; Baltic Sea; North Atlantic Ocean,Good,133.4
Andoany,Madagascar,-13.4,48.3,Very Small,Mozambique Channel; Indian Ocean,Fair,0.0
Diego Garcia,British Indian Ocean Territory,-7.35,72.466667,Very Small,Indian Ocean,Good,0.0
Hua-Lien Kang,Taiwan,23.983333,121.6,Medium,Taiwan Strait; North Pacific Ocean,Excellent,285.0
Kao-Hsiung,Taiwan,22.616667,120.25,Large,South China Sea; North Pacific Ocean,Excellent,400.0
Hargshamn,Sweden,60.183333,18.45,Very Small,Gulf of Bothnia; Baltic Sea; North Atlantic Ocean,Excellent,193.0
Vallvik,Sweden,61.183333,17.166667,Small,Gulf of Bothnia; Baltic Sea; North Atlantic Ocean,Fair,137.8
Skutskar,Sweden,60.65,17.4,Small,Gulf of Bothnia; Baltic Sea; North Atlantic Ocean,Good,149.9
Mcmurdo Station,Antarctica,-77.84999999999998,166.65,Small,Ross Sea; South Pacific Ocean,Good,0.0
Miri,Malaysia,4.383333,113.966667,Small,South China Sea; North Pacific Ocean,Fair,78.1
Seria Oil Loading Terminal,Brunei,4.616667,114.316667,Very Small,South China Sea; North Pacific Ocean,Poor,0.0
Lumut,Brunei,4.716667,114.45,Very Small,South China Sea; North Pacific Ocean,Poor,290.0
Bandar-E Shahid Rejaie,Iran,27.1,56.066667,Small,Strait of Hormuz; Indian Ocean,Fair,290.0
Manta,Ecuador,-0.95,-80.716667,Very Small,South Pacific Ocean,Poor,300.0
Grenaa Havn,Denmark,56.416667,10.933333,Very Small,Kattegat; North Atlantic Ocean,Good,190.0
Horsens,Denmark,55.866667,9.85,Very Small,Kattegat; North Atlantic Ocean,Fair,140.5
Puerto De Chimbote,Peru,-9.083333,-78.616667,Very Small,South Pacific Ocean,Good,0.0
Randers,Denmark,56.466667,10.05,Small,Kattegat; North Atlantic Ocean,Good,122.3
Sapangar Bay,Malaysia,6.083333,116.116667,Small,South China Sea; North Pacific Ocean,Fair,198.0
Muara Harbor,Brunei,5.033333,115.066667,Small,South China Sea; North Pacific Ocean,Good,238.0
Tanjung Arang  (Bunyu),Indonesia,3.466667,117.833333,Very Small,Celebes Sea; North Pacific Ocean,Fair,79.9
Iquitos,Peru,-3.75,-73.233333,Very Small,South Pacific Ocean,Excellent,152.0
Senipah Oil Terminal,Indonesia,-0.95,117.166667,Very Small,Makassar Strait; South Pacific Ocean,Poor,0.0
Kingston,Jamaica,17.966667,-76.783333,Medium,Caribbean Sea; North Atlantic Ocean,Excellent,367.0
Ocho Rios,Jamaica,18.416667,-77.116667,Very Small,Caribbean Sea; North Atlantic Ocean,Poor,320.0
Montego Bay,Jamaica,18.466667,-77.933333,Small,Caribbean Sea; North Atlantic Ocean,Excellent,323.6
Jacmel,Haiti,18.233333,-72.533333,Very Small,Caribbean Sea; North Atlantic Ocean,Poor,97.4
Basse Terre,Guadeloupe,16.0,-61.733333,Very Small,Caribbean Sea; North Atlantic Ocean,Poor,0.0
Lucea,Jamaica,18.45,-78.166667,Very Small,Caribbean Sea; North Atlantic Ocean,Excellent,168.0
Falmouth,Jamaica,18.483333,-77.65,Very Small,Caribbean Sea; North Atlantic Ocean,Poor,0.0
Miragoane,Haiti,18.45,-73.08333299999998,Very Small,Caribbean Sea; North Atlantic Ocean,Good,81.7
Parana,Argentina,-31.716667,-60.533333,Very Small,Rio de la Plata; South Atlantic Ocean,Excellent,0.0
Santo Tomas De Castilla,Guatemala,15.7,-88.616667,Small,Caribbean Sea; North Atlantic Ocean,Good,299.6
Puerto Barrios,Guatemala,15.733333,-88.59999999999998,Small,Caribbean Sea; North Atlantic Ocean,Fair,225.7
Puerto Cortes,Honduras,15.833333,-87.95,Small,Caribbean Sea; North Atlantic Ocean,Fair,0.0
Portsmouth,Dominica,15.566667,-61.466667,Very Small,Caribbean Sea; North Atlantic Ocean,Fair,300.0
Roseau,Dominica,15.3,-61.4,Very Small,Caribbean Sea; North Atlantic Ocean,Fair,0.0
Petit Goave,Haiti,18.433333,-72.866667,Very Small,Caribbean Sea; North Atlantic Ocean,Good,0.0
Rocky Point,Jamaica,17.816667,-77.15,Very Small,Caribbean Sea; North Atlantic Ocean,Poor,0.0
Pointe A Pitre,Guadeloupe,16.233333,-61.533333,Medium,Caribbean Sea; North Atlantic Ocean,Good,0.0
Savannah La Mar,Jamaica,18.2,-78.13333299999998,Very Small,Caribbean Sea; North Atlantic Ocean,Poor,0.0
Rio Bueno,Jamaica,18.466667,-77.466667,Very Small,Caribbean Sea; North Atlantic Ocean,Fair,0.0
Port Esquivel,Jamaica,17.883333,-77.13333299999998,Very Small,Caribbean Sea; North Atlantic Ocean,Fair,198.0
Port Au Prince,Haiti,18.55,-72.34999999999998,Medium,Caribbean Sea; North Atlantic Ocean,Good,190.0
Port Kaiser,Jamaica,17.866667,-77.59999999999998,Very Small,Caribbean Sea; North Atlantic Ocean,Fair,213.0
Owen Sound,Canada,44.583333,-80.933333,Small,Lake Huron; Great Lakes,Excellent,190.0
Gdynia,Poland,54.533333,18.55,Large,Baltic Sea; North Atlantic Ocean,Good,366.4
Kobenhavn,Denmark,55.7,12.616667,Large,Baltic Sea; North Atlantic Ocean,Excellent,339.8
Roomassaare,Estonia,58.21504,22.50695,Very Small,Gulf of Riga; Baltic Sea; North Atlantic Ocean,Good,120.0
Svelvik,Norway,59.620277778,10.411388889,Very Small,Skagerrak; North Atlantic Ocean,Good,0.0
Lysekil,Sweden,58.271388889,11.444166667,Very Small,Skagerrak; North Atlantic Ocean,Good,237.8
Helsingborg,Sweden,56.035277778,12.687777778,Medium,Baltic Sea; North Atlantic Ocean,Good,250.0
Lubeck,Germany,53.883333,10.7,Medium,Baltic Sea; North Atlantic Ocean,Good,241.8
Stromstad,Sweden,58.933333,11.166667,Very Small,Skagerrak; North Atlantic Ocean,Excellent,160.3
Ventspils,Latvia,57.4,21.533333,Medium,Baltic Sea; North Atlantic Ocean,Good,277.0
Degerhamn,Sweden,56.35,16.416667,Very Small,Baltic Sea; North Atlantic Ocean,Poor,95.8
Gove,Australia,-12.2,136.7,Very Small,Arafura Sea; South Pacific Ocean,Poor,270.0
Karlshamn,Sweden,56.152777778,14.869166667,Medium,Baltic Sea; North Atlantic Ocean,Good,240.0
Klaipeda,Lithuania,55.716667,21.116667,Medium,Baltic Sea; North Atlantic Ocean,Good,400.0
Thunder Bay,Canada,48.4,-89.233333,Medium,Lake Superior; Great Lakes,Excellent,226.0
Ahus,Sweden,55.9275,14.328055556,Small,Baltic Sea; North Atlantic Ocean,Good,109.2
Vasteras,Sweden,59.616667,16.55,Medium,Baltic Sea; North Atlantic Ocean,Good,124.5
Kalundborg,Denmark,55.683333,11.1,Small,Kattegat; North Atlantic Ocean,Good,285.0
Larvik,Norway,59.038055556,10.031111111,Small,Skagerrak; North Atlantic Ocean,Good,250.0
Kragero,Norway,58.863611111,9.413055556,Very Small,Skagerrak; North Atlantic Ocean,Excellent,0.0
Nekso,Denmark,55.066667,15.133333,Very Small,Baltic Sea; North Atlantic Ocean,Good,78.0
Ronne,Denmark,55.1,14.7,Small,Baltic Sea; North Atlantic Ocean,Fair,350.0
Stigsnaesvaerkets Havn,Denmark,55.2,11.25,Very Small,Baltic Sea; North Atlantic Ocean,Fair,0.0
Saaremaa sadam,Estonia,58.536129,22.236096,Very Small,Baltic Sea; North Atlantic Ocean,Fair,200.0
Salaverry,Peru,-8.233333,-78.983333,Very Small,South Pacific Ocean,Poor,0.0
Riga,Latvia,56.95,24.1,Large,Gulf of Riga; Baltic Sea; North Atlantic Ocean,Fair,311.1
Darwin,Australia,-12.471388889,130.847777778,Medium,Timor Sea; Indian Ocean,Excellent,345.0
Trelleborg,Sweden,55.36,13.150555556,Small,Baltic Sea; North Atlantic Ocean,Good,229.4
Tuborg,Denmark,55.716667,12.583333,Very Small,Baltic Sea; North Atlantic Ocean,Good,0.0
Almirante,Panama,9.3,-82.4,Very Small,Caribbean Sea; North Atlantic Ocean,Good,211.9
Bocas Del Toro,Panama,9.333333,-82.233333,Very Small,Caribbean Sea; North Atlantic Ocean,Fair,0.0
Chiriqui Grande,Panama,8.95,-82.116667,Very Small,Caribbean Sea; North Atlantic Ocean,Fair,169.3
Cape Cuvier,Australia,-24.216667,113.383333,Very Small,Indian Ocean,Poor,234.0
Excursion Inlet,United States,58.416667,-135.45,Very Small,Alaska-Canada coastal waters; North Pacific Ocean,Good,0.0
Haines,United States,59.233333,-135.433333,Very Small,Alaska-Canada coastal waters; North Pacific Ocean,Good,0.0
Juneau,United States,58.3,-134.416667,Small,Alaska-Canada coastal waters; North Pacific Ocean,Good,0.0
Funter,United States,58.25,-134.9,Very Small,Alaska-Canada coastal waters; North Pacific Ocean,Good,0.0
Hawk Inlet,United States,58.116667,-134.75,Very Small,Alaska-Canada coastal waters; North Pacific Ocean,Good,0.0
Chatham,United States,57.516667,-134.933333,Very Small,Alaska-Canada coastal waters; North Pacific Ocean,Fair,0.0
Hoonah,United States,58.116667,-135.45,Very Small,Alaska-Canada coastal waters; North Pacific Ocean,Good,0.0
Hydaburg,United States,55.2,-132.833333,Very Small,Alaska-Canada coastal waters; North Pacific Ocean,Fair,0.0
Kasaan,United States,55.533333,-132.4,Very Small,Alaska-Canada coastal waters; North Pacific Ocean,Excellent,0.0
Metlakatla,United States,55.133333,-131.566667,Very Small,Alaska-Canada coastal waters; North Pacific Ocean,Poor,0.0
Masset Harbor,Canada,54.016667,-132.15,Very Small,Alaska-Canada coastal waters; North Pacific Ocean,Good,0.0
Kake,United States,56.966667,-133.933333,Very Small,Alaska-Canada coastal waters; North Pacific Ocean,Fair,0.0
Dupont,United States,58.233333,-134.266667,Very Small,Alaska-Canada coastal waters; North Pacific Ocean,Fair,0.0
Moskal Vo,Russia,53.583333,142.5,Very Small,Sea of Okhotsk; North Pacific Ocean,Fair,0.0
Ketchikan,United States,55.333333,-131.65,Small,Alaska-Canada coastal waters; North Pacific Ocean,Good,0.0
Elfin Cove,United States,58.2,-136.35,Very Small,Alaska-Canada coastal waters; North Pacific Ocean,Good,0.0
Lesogorsk,Russia,49.45,142.133333,Very Small,Tatar Strait; North Pacific Ocean,Poor,0.0
Loring,United States,55.6,-131.633333,Very Small,Alaska-Canada coastal waters; North Pacific Ocean,Fair,0.0
Big Port Walter,United States,56.383333,-134.733333,Very Small,Alaska-Canada coastal waters; North Pacific Ocean,Good,0.0
Little Port Walter,United States,56.383333,-134.633333,Very Small,Alaska-Canada coastal waters; North Pacific Ocean,Good,0.0
Okhotsk Iy Reyd,Russia,59.366667,143.2,Very Small,Sea of Okhotsk; North Pacific Ocean,Fair,0.0
Shakhtersk,Russia,49.166667,142.066667,Very Small,Tatar Strait; North Pacific Ocean,Fair,0.0
Poronaysk,Russia,49.216667,143.133333,Very Small,Sea of Okhotsk; North Pacific Ocean,Fair,0.0
Bukhta Nagayeva (Magadan),Russia,59.566667,150.716667,Small,Sea of Okhotsk; North Pacific Ocean,Excellent,200.0
Uglegorsk,Russia,49.083333,142.033333,Very Small,Tatar Strait; North Pacific Ocean,Poor,60.0
Nikolayevsk Na Amur,Russia,53.133333,140.733333,Very Small,Tatar Strait; North Pacific Ocean,Good,158.0
Lazarev,Russia,52.216667,141.516667,Very Small,Tatar Strait; North Pacific Ocean,Good,0.0
Petropavlovsk,Russia,53.05,158.65,Very Small,North Pacific Ocean,Good,294.1
Nevelsk,Russia,46.666667,141.866667,Very Small,Tatar Strait; North Pacific Ocean,Poor,100.0
Kholmsk,Russia,47.05,142.05,Small,Tatar Strait; North Pacific Ocean,Fair,138.0
Sovetskaya Gavan,Russia,48.973611111,140.268055556,Small,Tatar Strait; North Pacific Ocean,Good,300.0
Bukhta Vanino,Russia,49.083333,140.283333,Very Small,Tatar Strait; North Pacific Ocean,Fair,292.0
Korsakov,Russia,46.616667,142.766667,Small,Sea of Okhotsk; North Pacific Ocean,Poor,0.0
Port Walcott,Australia,-20.65,117.183333,Very Small,Indian Ocean,Fair,330.0
Esperance,Australia,-33.866667,121.9,Very Small,Indian Ocean,Good,300.0
Thevenard,Australia,-32.166667,133.65,Small,Great Australian Bight; Indian Ocean,Fair,190.0
Fremantle,Australia,-32.05,115.75,Large,Indian Ocean,Good,350.0
Geraldton,Australia,-28.783333,114.6,Very Small,Indian Ocean,Good,294.0
Dampier,Australia,-20.633333,116.716667,Medium,Indian Ocean,Fair,340.0
Albany,Australia,-35.033333,117.883333,Small,Indian Ocean,Excellent,294.0
Useless Loop,Australia,-26.083333,113.4,Very Small,Indian Ocean,Poor,186.0
Onslow,Australia,-21.65,115.1,Very Small,Indian Ocean,Poor,199.0
Port Hedland,Australia,-20.316667,118.583333,Small,Indian Ocean,Excellent,340.0
Bunbury,Australia,-33.316667,115.633333,Small,Indian Ocean,Excellent,270.0
Port Lincoln,Australia,-34.716667,135.85,Medium,Spencer Gulf; Indian Ocean,Excellent,330.0
Wallaroo,Australia,-33.933333,137.616667,Very Small,Spencer Gulf; Indian Ocean,Fair,229.1
Geelong,Australia,-38.15,144.366667,Medium,Bass Strait; South Pacific Ocean,Excellent,265.0
Balboa,Panama,8.95,-79.56666699999998,Medium,Gulf of Panama; North Pacific Ocean,Good,0.0
Covenas,Colombia,9.416667,-75.683333,Small,Caribbean Sea; North Atlantic Ocean,Fair,0.0
Bahai De La Habana,Cuba,23.133333,-82.366667,Large,Gulf of Mexico; North Atlantic Ocean,Excellent,268.3
Mariel,Cuba,22.983333,-82.75,Small,Gulf of Mexico; North Atlantic Ocean,Excellent,211.9
Cabanas,Cuba,23.0,-82.966667,Medium,Gulf of Mexico; North Atlantic Ocean,Fair,0.0
Campana,Argentina,-34.15,-58.966667,Small,Rio de la Plata; South Atlantic Ocean,Good,0.0
Caleta Clarencia,Chile,-52.9,-70.1,Very Small,South Pacific Ocean,Fair,0.0
Narsaq,Greenland,60.916667,-46.05,Very Small,Labrador Sea; North Atlantic Ocean,Poor,135.0
Bahia De Las Minas,Panama,9.4,-79.81666699999998,Small,Caribbean Sea; North Atlantic Ocean,Fair,228.0
Andres (Andres Lng Terminal),Dominican Republic,18.433333,-69.633333,Medium,Caribbean Sea; North Atlantic Ocean,Good,121.0
Las Calderas,Dominican Republic,18.216667,-70.516667,Small,Caribbean Sea; North Atlantic Ocean,Good,0.0
La Union,El Salvador,13.333333,-87.83333299999998,Very Small,North Pacific Ocean,Good,0.0
Puerto Quepos,Costa Rica,9.433333,-84.166667,Very Small,North Pacific Ocean,Poor,0.0
Puerto Caldera,Costa Rica,9.916667,-84.716667,Very Small,North Pacific Ocean,Fair,0.0
Puerto Cabo Blanco,Peru,-4.25,-81.233333,Very Small,South Pacific Ocean,Poor,0.0
Puerto Cristobal,Panama,9.35,-79.916667,Medium,Caribbean Sea; North Atlantic Ocean,Good,366.4
Turbo,Colombia,8.083333,-76.733333,Very Small,Caribbean Sea; North Atlantic Ocean,Fair,0.0
Puerto Colon,Panama,9.366667,-79.88333299999998,Medium,Caribbean Sea; North Atlantic Ocean,Excellent,369.0
Puerto De Hencan,Honduras,13.4,-87.45,Very Small,North Pacific Ocean,Fair,0.0
Puntarenas,Costa Rica,9.983333,-84.83333299999998,Very Small,North Pacific Ocean,Fair,0.0
Pimentel,Peru,-6.833333,-79.933333,Very Small,South Pacific Ocean,Poor,0.0
Slavyanka,Russia,42.866667,131.383333,Small,Sea of Japan; North Pacific Ocean,Good,0.0
Puerto Viejo De Azua,Dominican Republic,18.35,-70.833333,Very Small,Caribbean Sea; North Atlantic Ocean,Poor,0.0
Zarubino,Russia,42.633333,131.083333,Very Small,Sea of Japan; North Pacific Ocean,Fair,0.0
Santa Cruz De Barahona,Dominican Republic,18.2,-71.083333,Small,Caribbean Sea; North Atlantic Ocean,Good,185.0
Puerto De Haina,Dominican Republic,18.416667,-70.016667,Small,Caribbean Sea; North Atlantic Ocean,Good,0.0
Santo Domingo,Dominican Republic,18.466667,-69.883333,Medium,Caribbean Sea; North Atlantic Ocean,Excellent,360.0
Vladivostok,Russia,43.108888889,131.888333333,Large,Sea of Japan; North Pacific Ocean,Good,347.0
Pos'yet,Russia,42.65,130.8,Very Small,Sea of Japan; North Pacific Ocean,Fair,175.0
Nakhodka,Russia,42.8,132.883333,Small,Sea of Japan; North Pacific Ocean,Fair,255.0
Vostochnyy,Russia,42.75,133.083333,Very Small,Sea of Japan; North Pacific Ocean,Good,350.0
Santa Lucia,Cuba,22.666666667,-83.966666667, ,Gulf of Mexico; North Atlantic Ocean, ,0.0
Qaqortoq,Greenland,60.716666667,-46.033333333, ,Labrador Sea; North Atlantic Ocean, ,0.0
Bahia Honda,Cuba,22.966666667,-83.166666667, ,Gulf of Mexico; North Atlantic Ocean, ,150.0
Port Bonython,Australia,-33.016667,137.766667,Small,Spencer Gulf; Indian Ocean,Poor,265.0
Ardrossan,Australia,-34.433333,137.916667,Very Small,Indian Ocean,Good,200.0
Port Giles,Australia,-35.033333,137.766667,Very Small,Indian Ocean,Fair,230.0
Port Pirie,Australia,-33.183333,138.016667,Small,Spencer Gulf; Indian Ocean,Excellent,187.0
Klein Point,Australia,-34.966667,137.766667,Very Small,Indian Ocean,Poor,120.0
Portland,Australia,-38.333333,141.6,Small,Indian Ocean,Fair,265.0
Whyalla,Australia,-33.033333,137.583333,Small,Spencer Gulf; Indian Ocean,Poor,200.0
Kingscote,Australia,-35.633333,137.633333,Very Small,Indian Ocean,Fair,0.0
Port Adelaide,Australia,-34.85,138.5,Medium,Indian Ocean,Excellent,0.0
Melbourne,Australia,-37.833333,144.966667,Large,Bass Strait; South Pacific Ocean,Excellent,349.0
Western Port,Australia,-38.35,145.233333,Very Small,Bass Strait; South Pacific Ocean,Good,300.0
Niigata Ko,Japan,37.916667,139.05,Medium,Sea of Japan; North Pacific Ocean,Fair,0.0
Ofunato,Japan,39.05,141.733333,Small,North Pacific Ocean,Good,0.0
Miyako,Japan,39.633333,141.983333,Small,North Pacific Ocean,Fair,0.0
Kesennuma Ko,Japan,38.866667,141.6,Very Small,North Pacific Ocean,Good,0.0
Onagawa,Japan,38.45,141.45,Very Small,North Pacific Ocean,Good,0.0
Fushiki-Toyama,Japan,36.766667,137.133333,Small,Sea of Japan; North Pacific Ocean,Fair,0.0
Naoetsu Ko,Japan,37.183333,138.25,Very Small,Sea of Japan; North Pacific Ocean,Poor,0.0
Tokachi,Japan,42.25,143.3,Very Small,North Pacific Ocean,Fair,0.0
Sakata Ko,Japan,38.933333,139.816667,Small,Sea of Japan; North Pacific Ocean,Fair,333.0
Sendai-Shiogama,Japan,38.316667,141.033333,Small,North Pacific Ocean,Fair,0.0
Akita-Funakawa Ko,Japan,39.781388889,140.015,Very Small,Sea of Japan; North Pacific Ocean,Poor,236.0
Mackay,Australia,-21.116667,149.216667,Small,Coral Sea; South Pacific Ocean,Good,230.0
Newcastle,Australia,-32.916667,151.783333,Large,Tasman Sea; South Pacific Ocean,Excellent,300.0
Brisbane,Australia,-27.466667,153.033333,Large,South Pacific Ocean,Excellent,346.0
Port Kembla,Australia,-34.483333,150.916667,Medium,Tasman Sea; South Pacific Ocean,Fair,300.0
Sydney,Australia,-33.866667,151.2,Large,Tasman Sea; South Pacific Ocean,Excellent,348.0
Eden,Australia,-37.066667,149.916667,Very Small,Tasman Sea; South Pacific Ocean,Good,311.0
Welshpool,Australia,-38.7,146.466667,Very Small,Bass Strait; South Pacific Ocean,Good,311.0
Botany Bay,Australia,-34.0,151.233333,Small,Tasman Sea; South Pacific Ocean,Good,336.0
Hay Point,Australia,-21.283333,149.3,Small,Coral Sea; South Pacific Ocean,Poor,300.0
Port Alma,Australia,-23.583333,150.85,Small,Coral Sea; South Pacific Ocean,Good,180.0
Vlore,Albania,40.466667,19.5,Very Small,Adriatic Sea; Mediterranean Sea; North Atlantic Ocean,Fair,0.0
Bundaberg,Australia,-24.866667,152.35,Very Small,Coral Sea; South Pacific Ocean,Good,200.0
Gladstone,Australia,-23.85,151.25,Small,Coral Sea; South Pacific Ocean,Excellent,320.0
Port Latta,Australia,-40.833333,145.383333,Very Small,Bass Strait; South Pacific Ocean,Poor,245.0
Stanley,Australia,-40.766667,145.283333,Very Small,Bass Strait; South Pacific Ocean,Fair,63.0
Cairns,Australia,-16.916667,145.783333,Small,Coral Sea; South Pacific Ocean,Good,294.0
Townsville,Australia,-19.266667,146.816667,Small,Coral Sea; South Pacific Ocean,Fair,238.0
Cape Flattery Harbor,Australia,-14.95,145.35,Small,Coral Sea; South Pacific Ocean,Fair,195.0
Devonport,Australia,-41.183333,146.366667,Small,Bass Strait; South Pacific Ocean,Excellent,348.0
Port Huon,Australia,-43.166667,146.983333,Very Small,South Pacific Ocean,Good,116.0
Hamad,Qatar,25.016666667,51.6,Small,Persian Gulf; Indian Ocean, ,398.0
Burnie,Australia,-41.05,145.95,Small,Bass Strait; South Pacific Ocean,Excellent,294.0
Lucinda,Australia,-18.516667,146.333333,Very Small,Coral Sea; South Pacific Ocean,Fair,225.0
Timaru,New Zealand,-44.4,171.25,Small,South Pacific Ocean,Excellent,286.0
Port Lyttelton,New Zealand,-43.6,172.716667,Very Small,South Pacific Ocean,Excellent,362.0
Otago Harbor,New Zealand,-45.816667,170.633333,Small,South Pacific Ocean,Good,348.0
Batsfjord,Norway,70.634722222,29.737222222,Small,Barents Sea; Arctic Ocean,Good,0.0
Noumea,New Caledonia,-22.283333,166.433333,Small,Coral Sea; South Pacific Ocean,Excellent,262.0
Savusavu Bay,Fiji,-16.766667,179.333333,Very Small,South Pacific Ocean,Fair,110.0
San Lorenzo,Argentina,-32.75,-60.733333,Very Small,Rio de la Plata; South Atlantic Ocean,Excellent,254.0
Baie De Kouaoua,New Caledonia,-21.383333,165.816667,Very Small,Coral Sea; South Pacific Ocean,Fair,161.0
Baie Ugue,New Caledonia,-21.15,165.55,Very Small,Coral Sea; South Pacific Ocean,Fair,190.0
Pangai,Tonga,-19.8,-174.35,Very Small,South Pacific Ocean,Fair,0.0
Al Fujayrah,United Arab Emirates,25.173055556,56.369166667,Small,Gulf of Oman; Indian Ocean,Fair,344.0
Malai,Fiji,-16.35,179.366667,Very Small,South Pacific Ocean,Good,179.0
Lautoka Harbor,Fiji,-17.6,177.45,Very Small,South Pacific Ocean,Good,330.0
Suva Harbor,Fiji,-18.133333,178.416667,Small,South Pacific Ocean,Good,293.0
Orkanger,Norway,63.31666667,9.85,Small,Norwegian Sea; North Atlantic Ocean,Good,0.0
Avatiu,Cook Islands,-21.2,-159.783333,Very Small,South Pacific Ocean,Good,120.0
Rosario,Argentina,-32.95,-60.633333,Medium,Rio de la Plata; South Atlantic Ocean,Excellent,0.0
Levuka,Fiji,-17.683333,178.833333,Small,South Pacific Ocean,Good,171.0
Neiafu,Tonga,-18.65,-173.983333,Very Small,South Pacific Ocean,Good,120.0
Mata-Utu,Wallis and Futuna,-13.283333,-176.133333,Very Small,South Pacific Ocean,Fair,0.0
Midway Island,Midway Islands,28.183333,-177.366667,Very Small,North Pacific Ocean,Good,0.0
Alofi,Niue,-19.033333,-169.933333,Very Small,South Pacific Ocean,Good,0.0
Pago Pago Harbor,American Samoa,-14.283333,-170.666667,Small,South Pacific Ocean,Good,0.0
Nuku Alofa,Tonga,-21.133333,-175.2,Very Small,South Pacific Ocean,Good,300.0
Ambon,Indonesia,-3.683333,128.166667,Small,Banda Sea; South Pacific Ocean,Fair,200.0
Tg. Sorong,Indonesia,-0.883333,131.233333,Small,South Pacific Ocean,Fair,175.0
Banjul,The Gambia,13.45,-16.566667,Very Small,North Atlantic Ocean,Fair,0.0
Bonny,Nigeria,4.45,7.166667,Medium,Gulf of Guinea; North Atlantic Ocean,Good,299.9
Esmeraldas,Ecuador,1.0,-79.65,Very Small,North Pacific Ocean,Fair,230.0
Guayaquil,Ecuador,-2.2,-79.88333299999998,Small,South Pacific Ocean,Good,212.5
Conchan Oil Terminal,Peru,-12.166667,-77.0,Very Small,South Pacific Ocean,Unknown,0.0
Iquique,Chile,-20.2,-70.166667,Small,South Pacific Ocean,Good,0.0
La Salina,Venezuela,10.366667,-71.466667,Small,Caribbean Sea; North Atlantic Ocean,Fair,274.0
Maracaibo,Venezuela,10.633333,-71.6,Medium,Caribbean Sea; North Atlantic Ocean,Excellent,199.9
Arroyo,Puerto Rico,17.966667,-66.066667,Small,Caribbean Sea; North Atlantic Ocean,Poor,0.0
Bahia De Sagua De Tanamo,Cuba,20.683333,-75.33333299999998,Large,North Atlantic Ocean,Excellent,106.0
Onne,Nigeria,4.683333,7.15,Very Small,Gulf of Guinea; North Atlantic Ocean,Fair,305.0
Antilla,Cuba,20.833333,-75.733333,Large,North Atlantic Ocean,Excellent,169.0
Nicaro,Cuba,20.716667,-75.54999999999998,Small,North Atlantic Ocean,Excellent,0.0
Aguadilla,Puerto Rico,18.433333,-67.15,Very Small,North Atlantic Ocean,Fair,0.0
Bahia De Jobos,Puerto Rico,17.95,-66.183333,Very Small,Caribbean Sea; North Atlantic Ocean,Fair,0.0
Mayaguez,Puerto Rico,18.2,-67.15,Small,North Atlantic Ocean,Excellent,0.0
Bajo Grande,Venezuela,10.516667,-71.633333,Very Small,Caribbean Sea; North Atlantic Ocean,Fair,213.0
Caleta Patillos,Chile,-20.733333,-70.2,Very Small,South Pacific Ocean,Fair,0.0
Bahia De Ancon,Peru,-11.75,-77.183333,Very Small,South Pacific Ocean,Fair,0.0
Caleta Lobitos,Peru,-4.45,-81.283333,Very Small,South Pacific Ocean,Poor,0.0
La Libertad,Ecuador,-2.216667,-80.916667,Very Small,South Pacific Ocean,Fair,200.0
Arecibo,Puerto Rico,18.483333,-66.7,Very Small,North Atlantic Ocean,Good,0.0
Las Mareas,Puerto Rico,17.95,-66.166667,Very Small,Caribbean Sea; North Atlantic Ocean,Poor,0.0
El Tabiazo,Venezuela,10.766667,-71.533333,Very Small,Caribbean Sea; North Atlantic Ocean,Poor,0.0
Okrika,Nigeria,4.716667,7.083333,Very Small,Gulf of Guinea; North Atlantic Ocean,Fair,200.0
Puerto Calderilla,Chile,-27.083333,-70.866667,Very Small,South Pacific Ocean,Good,0.0
Qua Iboe Oil Terminal,Nigeria,4.233333,8.033333,Very Small,Gulf of Guinea; North Atlantic Ocean,Poor,0.0
Puerto Caldera,Chile,-27.05,-70.833333,Very Small,South Pacific Ocean,Fair,0.0
Rio Cacheu,Guinea-Bissau,12.283333,-16.233333,Very Small,North Atlantic Ocean,Good,0.0
Puerto Maritimo De Guayaquil,Ecuador,-2.283333,-79.9,Small,South Pacific Ocean,Excellent,0.0
Punta De Palmas,Venezuela,10.783333,-71.583333,Very Small,Caribbean Sea; North Atlantic Ocean,Fair,0.0
Puerto De Huacho,Peru,-11.116667,-77.616667,Very Small,South Pacific Ocean,Fair,0.0
Puerto Bayovar,Peru,-5.833333,-81.04999999999998,Very Small,South Pacific Ocean,Poor,0.0
Tumaco,Colombia,1.816667,-78.75,Very Small,North Pacific Ocean,Poor,0.0
Puerto Del Callao,Peru,-12.05,-77.15,Medium,South Pacific Ocean,Good,0.0
Puerto Miranda,Venezuela,10.766667,-71.566667,Small,Caribbean Sea; North Atlantic Ocean,Fair,277.4
Talara,Peru,-4.583333,-81.283333,Small,South Pacific Ocean,Fair,230.0
San Juan,Puerto Rico,18.466667,-66.116667,Small,North Atlantic Ocean,Excellent,0.0
Serpentina Terminal,Equatorial Guinea,3.8,8.083333,Very Small,Gulf of Guinea; North Atlantic Ocean,Poor,0.0
Puerto Chanaral,Chile,-26.35,-70.65,Very Small,South Pacific Ocean,Fair,200.0
Paita,Peru,-5.083333,-81.116667,Very Small,South Pacific Ocean,Fair,0.0
Playa De Guanica,Puerto Rico,17.966667,-66.916667,Small,Caribbean Sea; North Atlantic Ocean,Good,0.0
Puerto Bolivar,Ecuador,-3.266667,-80.0,Very Small,South Pacific Ocean,Good,300.1
Playa De Ponce,Puerto Rico,17.983333,-66.616667,Medium,Caribbean Sea; North Atlantic Ocean,Fair,0.0
Playa De Guayanilla,Puerto Rico,18.016667,-66.766667,Medium,Caribbean Sea; North Atlantic Ocean,Fair,0.0
Port Harcourt,Nigeria,4.766667,7.0,Very Small,Gulf of Guinea; North Atlantic Ocean,Fair,199.9
Qinzhou,China,21.733333,108.583333,Very Small,Gulf of Tonkin; South China Sea; North Pacific Ocean,Fair,366.0
Da Nang,Vietnam,16.1,108.216667,Small,South China Sea; North Pacific Ocean,Fair,335.0
Zhanjiang,China,21.2,110.4,Small,South China Sea; North Pacific Ocean,Good,362.0
Haikou,China,20.05,110.283333,Very Small,South China Sea; North Pacific Ocean,Fair,263.2
Port Moresby,Papua New Guinea,-9.466667,147.133333,Small,Coral Sea; South Pacific Ocean,Fair,211.0
Rabaul,Papua New Guinea,-4.2,152.183333,Small,Bismarck Sea; South Pacific Ocean,Excellent,0.0
Beihai,China,21.483333,109.066667,Very Small,Gulf of Tonkin; South China Sea; North Pacific Ocean,Good,315.0
Dili,Timor-Leste,-8.533333,125.583333,Small,Banda Sea; South Pacific Ocean,Good,140.0
Basuo,China,19.1,108.616667,Small,Gulf of Tonkin; South China Sea; North Pacific Ocean,Good,229.0
Sanya,China,18.316667,109.45,Very Small,Gulf of Tonkin; South China Sea; North Pacific Ocean,Fair,261.0
Yangpu,China,19.733333,109.183333,Very Small,Gulf of Tonkin; South China Sea; North Pacific Ocean,Poor,340.0
Nghe Tinh,Vietnam,18.766667,105.766667,Small,Gulf of Tonkin; South China Sea; North Pacific Ocean,Fair,183.0
Kavieng Harbor,Papua New Guinea,-2.583333,150.8,Small,South Pacific Ocean,Excellent,0.0
Shui Dong,China,21.483333,111.083333,Very Small,South China Sea; North Pacific Ocean,Fair,200.0
Cam Pha,Vietnam,21.033333,107.366667,Very Small,Gulf of Tonkin; South China Sea; North Pacific Ocean,Fair,200.0
Oro Bay,Papua New Guinea,-8.883333,148.483333,Very Small,Solomon Sea; South Pacific Ocean,Good,0.0
Jayapura,Indonesia,-2.533333333,140.716666667,Small,South Pacific Ocean,Good,211.9
Tanah Merah,Indonesia,-1.816667,116.166667,Very Small,Makassar Strait; South Pacific Ocean,Poor,129.3
Okwori Terminal,Nigeria,3.85,6.983333,Very Small,Gulf of Guinea; North Atlantic Ocean,Poor,0.0
Okono Terminal,Nigeria,3.983333,7.3,Very Small,Gulf of Guinea; North Atlantic Ocean,Poor,0.0
Odudu Terminal,Nigeria,4.0,7.766667,Very Small,Gulf of Guinea; North Atlantic Ocean,Poor,0.0
Bahia Blanca,Argentina,-38.783333,-62.266667,Very Small,South Atlantic Ocean,Good,0.0
Bonny Offshore Terminal,Nigeria,4.183333,7.233333,Very Small,Gulf of Guinea; North Atlantic Ocean,Poor,0.0
Jabung Batanghari Marine Terminal,Indonesia,-0.916667,104.066667,Very Small,Natuna Sea; South China Sea; South Pacific Ocean,Poor,0.0
Chi-Lung,Taiwan,25.133333,121.766667,Large,East China Sea; North Pacific Ocean,Good,347.0
Ishinomaki Ko,Japan,38.4,141.316667,Very Small,North Pacific Ocean,Fair,0.0
Diamante,Argentina,-32.066667,-60.65,Very Small,Rio de la Plata; South Atlantic Ocean,Excellent,0.0
Santa Fe,Argentina,-31.65,-60.7,Small,Rio de la Plata; South Atlantic Ocean,Excellent,0.0
Punta Cardon,Venezuela,11.633333,-70.233333,Small,Caribbean Sea; North Atlantic Ocean,Poor,274.3
St Johns,Antigua and Barbuda,17.116667,-61.85,Medium,Caribbean Sea; North Atlantic Ocean,Fair,0.0
Tanjung Pelepas,Malaysia,1.35,103.55,Medium,Strait of Malacca; Indian Ocean,Good,0.0
Tanjung Balai Karimun,Indonesia,0.983333,103.433333,Very Small,Strait of Malacca; Indian Ocean,Poor,0.0
Su-Ao,Taiwan,24.6,121.866667,Medium,East China Sea; North Pacific Ocean,Good,225.0
Sampit,Indonesia,-2.516667,113.0,Very Small,Java Sea; South Pacific Ocean,Good,0.0
Porto Romano,Albania,41.383333333,19.416666667,Medium,Adriatic Sea; Mediterranean Sea; North Atlantic Ocean,Fair,184.0
Pelabuhan Sandakan,Malaysia,5.833333,118.116667,Small,Sulu Sea; North Pacific Ocean,Good,199.0
Muroran Ko,Japan,42.35,140.966667,Medium,North Pacific Ocean,Good,330.0
Kota Kinabalu,Malaysia,5.983333,116.066667,Medium,South China Sea; North Pacific Ocean,Fair,294.0
Kumul,Papua New Guinea,-8.1,144.566667,Very Small,Gulf of Papua; Coral Sea; South Pacific Ocean,Poor,0.0
Hitachi,Japan,36.5,140.633333,Very Small,North Pacific Ocean,Fair,0.0
Kamaishi Ko,Japan,39.266667,141.9,Small,North Pacific Ocean,Fair,0.0
Hachinohe Ko,Japan,40.533333,141.55,Small,North Pacific Ocean,Good,294.9
Onahama Ko,Japan,36.933333,140.9,Small,North Pacific Ocean,Good,249.9
Kawasaki Ko,Japan,35.5,139.766667,Large,North Pacific Ocean,Good,315.2
Yokohama Ko,Japan,35.45,139.583333,Large,North Pacific Ocean,Good,400.0
Lae,Papua New Guinea,-6.733333,147.0,Very Small,Solomon Sea; South Pacific Ocean,Good,211.9
Vanimo,Papua New Guinea,-2.683333,141.133333,Small,South Pacific Ocean,Excellent,80.0
Kumai,Indonesia,-2.75,111.716667,Very Small,Java Sea; South Pacific Ocean,Good,0.0
Blinyu,Indonesia,-1.633333,105.783333,Very Small,Natuna Sea; South China Sea; South Pacific Ocean,Fair,0.0
Banjarmasin,Indonesia,-3.333333,114.583333,Very Small,Java Sea; South Pacific Ocean,Excellent,155.0
Tawa,Malaysia,4.25,117.883333,Very Small,Celebes Sea; North Pacific Ocean,Fair,199.0
Kushiro Ko,Japan,42.983333,144.366667,Medium,North Pacific Ocean,Good,0.0
Pontianak,Indonesia,-0.0166669999999,109.333333,Very Small,Natuna Sea; South China Sea; South Pacific Ocean,Excellent,0.0
Madang,Papua New Guinea,-5.216667,145.816667,Very Small,Bismarck Sea; South Pacific Ocean,Good,190.0
Wewak Harbor,Papua New Guinea,-3.566667,143.633333,Small,Bismarck Sea; South Pacific Ocean,Fair,150.0
Kuching,Malaysia,1.566667,110.35,Small,South China Sea; North Pacific Ocean,Excellent,200.0
Lahad Datu,Malaysia,5.016667,118.316667,Very Small,Celebes Sea; North Pacific Ocean,Good,199.9
Bintulu Port,Malaysia,3.266667,113.066667,Small,South China Sea; North Pacific Ocean,Poor,299.0
Balikpapan,Indonesia,-1.25,116.816667,Small,Makassar Strait; South Pacific Ocean,Excellent,291.9
Bontang Lng Terminal,Indonesia,0.1,117.483333,Very Small,Makassar Strait; South Pacific Ocean,Fair,117.3
Samarinda,Indonesia,-0.516667,117.116667,Very Small,Makassar Strait; South Pacific Ocean,Good,233.3
Kudat,Malaysia,6.883333,116.85,Very Small,South China Sea; North Pacific Ocean,Fair,114.0
Abashiri Ko,Japan,44.016667,144.283333,Small,Sea of Okhotsk; North Pacific Ocean,Good,0.0
Kota Baru,Indonesia,-3.233333,116.216667,Very Small,Makassar Strait; South Pacific Ocean,Good,320.0
Al Arish,Egypt,31.152045051,33.831078335,Medium,Mediterranean Sea; North Atlantic Ocean,Excellent,250.0
Helgoland,Germany,54.172438358,7.895715237, ,North Sea; North Atlantic Ocean, ,0.0
Angra Dos Reis,Brazil,-23.016667,-44.316667,Small,South Atlantic Ocean,Good,0.0
Macae,Brazil,-22.366667,-41.766667,Very Small,South Atlantic Ocean,Fair,0.0
Daesan Hang,South Korea,37.016667,126.4,Very Small,Yellow Sea; North Pacific Ocean,Fair,0.0
Sao Sebastiao,Brazil,-23.8,-45.4,Small,South Atlantic Ocean,Poor,0.0
Rio De Janeiro,Brazil,-22.9,-43.166667,Large,South Atlantic Ocean,Excellent,0.0
Vitoria,Brazil,-20.316667,-40.333333,Medium,South Atlantic Ocean,Excellent,0.0
Tubarao,Brazil,-20.283333,-40.25,Large,South Atlantic Ocean,Poor,0.0
Progreso,Mexico,21.283333,-89.666667,Very Small,Gulf of Mexico; North Atlantic Ocean,Fair,0.0
Krishnapatnam,India,14.25,80.13333333299998, ,Bay of Bengal; Indian Ocean, ,318.4
Kattupalli Port,India,13.306944444,80.35222222199998,Large,Bay of Bengal; Indian Ocean, ,0.0
Puerto Progreso,Mexico,21.35,-89.68333333299998, ,Gulf of Mexico; North Atlantic Ocean, ,273.0
Melaka,Malaysia,2.2,102.25,Small,Strait of Malacca; Indian Ocean,Good,170.0
Inchon,South Korea,37.466667,126.616667,Large,Yellow Sea; North Pacific Ocean,Good,180.0
Mukho,South Korea,37.566667,129.116667,Very Small,Sea of Japan; North Pacific Ocean,Fair,133.0
Tonghae,South Korea,37.533333,129.15,Very Small,Sea of Japan; North Pacific Ocean,Fair,229.0
Pyeongtaek Hang,South Korea,37.0,126.8,Medium,Yellow Sea; North Pacific Ocean,Fair,345.0
Chinae,South Korea,35.133333,128.65,Small,Korea Strait; North Pacific Ocean,Fair,210.0
Mokpo,South Korea,34.783333,126.383333,Medium,Yellow Sea; North Pacific Ocean,Good,366.0
Gebig,Brazil,-23.05,-44.216667,Small,South Atlantic Ocean,Poor,0.0
Santos,Brazil,-23.95,-46.3,Large,South Atlantic Ocean,Good,354.0
Koko,Nigeria,6.0,5.466667,Very Small,Bight of Benin; Gulf of Guinea; North Atlantic Ocean,Fair,140.0
Escravos Oil Terminal,Nigeria,5.5,5.0,Very Small,Bight of Benin; Gulf of Guinea; North Atlantic Ocean,Poor,0.0
Guaiba Island Terminal,Brazil,-23.016667,-44.033333,Small,South Atlantic Ocean,Poor,0.0
Niteroi,Brazil,-22.883333,-43.116667,Small,South Atlantic Ocean,Excellent,0.0
Portocel,Brazil,-19.85,-40.05,Small,South Atlantic Ocean,Fair,214.0
Ulsan,South Korea,35.45,129.4,Medium,Korea Strait; North Pacific Ocean,Excellent,210.0
Busan,South Korea,35.1,129.033333,Large,Korea Strait; North Pacific Ocean,Excellent,139.7
Pohang,South Korea,36.05,129.383333,Small,Sea of Japan; North Pacific Ocean,Good,70.7
Masan,South Korea,35.183333,128.566667,Medium,Korea Strait; North Pacific Ocean,Good,250.0
Buenaventura,Colombia,3.883333,-77.06666699999998,Medium,North Pacific Ocean,Fair,368.5
Farsund,Norway,58.084666667,6.795333333,Very Small,North Sea; North Atlantic Ocean,Good,400.0
Chennai (Madras),India,13.1,80.29999999999998,Large,Bay of Bengal; Indian Ocean,Good,336.7
Marmagao,India,15.4175,73.795,Medium,Arabian Sea; Indian Ocean,Good,335.0
La Pampilla Oil Terminal,Peru,-11.933333,-77.13333299999998,Small,South Pacific Ocean,Poor,0.0
Vishakhapatnam,India,17.683333,83.29999999999998,Medium,Bay of Bengal; Indian Ocean,Good,390.0
Port Blair,India,11.677777778,92.733333333,Small,Andaman Sea; Indian Ocean,Good,183.4
Chancay,Peru,-11.583333,-77.25,Very Small,South Pacific Ocean,Fair,336.7
Chittagong,Bangladesh,22.316666667,91.816666667,Medium,Bay of Bengal; Indian Ocean,Good,200.0
Cherry Point,United States,48.866667,-122.75,Very Small,Alaska-Canada coastal waters; North Pacific Ocean,Fair,0.0
Bellingham,United States,48.75,-122.5,Small,Alaska-Canada coastal waters; North Pacific Ocean,Excellent,0.0
Anacortes,United States,48.516667,-122.616667,Small,Alaska-Canada coastal waters; North Pacific Ocean,Excellent,0.0
Muhamamad Bin Qasim,Pakistan,24.766667,67.35,Small,Arabian Sea; Indian Ocean,Good,350.0
Castine,United States,44.383333,-68.733333,Very Small,North Atlantic Ocean,Good,0.0
Maizuru Ko,Japan,35.516667,135.333333,Small,Sea of Japan; North Pacific Ocean,Fair,0.0
Karachi,Pakistan,24.783333,66.983333,Medium,Arabian Sea; Indian Ocean,Good,400.0
Port Mellon,Canada,49.516667,-123.483333,Very Small,Alaska-Canada coastal waters; North Pacific Ocean,Fair,212.5
Hambantota,Sri Lanka,6.116666667,81.13333333299998,Medium,Indian Ocean,Fair,362.0
Hakodate Ko,Japan,41.783333,140.716667,Medium,North Pacific Ocean,Excellent,347.0
Nanao Ko,Japan,37.05,136.983333,Small,Sea of Japan; North Pacific Ocean,Good,300.0
Male,Maldives,4.166666667,73.5,Very Small,Laccadive Sea; Indian Ocean,Fair,210.0
Colombo,Sri Lanka,6.95,79.84999999999998,Medium,Laccadive Sea; Indian Ocean,Fair,400.0
Ishikari Bay New Port,Japan,43.216667,141.283333,Medium,Sea of Japan; North Pacific Ocean,Fair,299.0
Machilipatnam,India,16.15,81.166667,Very Small,Bay of Bengal; Indian Ocean,Poor,0.0
